{"type": "FeatureCollection", "features": [{"type": "Feature", "geometry": {"type": "Polygon", "coordinates": [[[153.01, -27.47], [153.02, -27.47], [153.02, -27.46], [153.01, -27.46], [153.01, -27.47]]]}, "properties": {"count": 58262, "intensity": 0.4069}}, {"type": "Feature", "geometry": {"type": "Polygon", "coordinates": [[[153.02, -27.47], [153.03, -27.47], [153.03, -27.46], [153.02, -27.46], [153.02, -27.47]]]}, "properties": {"count": 143172, "intensity": 1.0}}, {"type": "Feature", "geometry": {"type": "Polygon", "coordinates": [[[153.02, -27.48], [153.03, -27.48], [153.03, -27.47], [153.02, -27.47], [153.02, -27.48]]]}, "properties": {"count": 51789, "intensity": 0.3617}}, {"type": "Feature", "geometry": {"type": "Polygon", "coordinates": [[[153.04, -27.34], [153.05, -27.34], [153.05, -27.33], [153.04, -27.33], [153.04, -27.34]]]}, "properties": {"count": 5685, "intensity": 0.0397}}, {"type": "Feature", "geometry": {"type": "Polygon", "coordinates": [[[153.02, -27.35], [153.03, -27.35], [153.03, -27.34], [153.02, -27.34], [153.02, -27.35]]]}, "properties": {"count": 9626, "intensity": 0.0672}}, {"type": "Feature", "geometry": {"type": "Polygon", "coordinates": [[[153.09, -27.38], [153.1, -27.38], [153.1, -27.37], [153.09, -27.37], [153.09, -27.38]]]}, "properties": {"count": 144, "intensity": 0.001}}, {"type": "Feature", "geometry": {"type": "Polygon", "coordinates": [[[153.09, -27.39], [153.1, -27.39], [153.1, -27.38], [153.09, -27.38], [153.09, -27.39]]]}, "properties": {"count": 396, "intensity": 0.0028}}, {"type": "Feature", "geometry": {"type": "Polygon", "coordinates": [[[153.0, -27.41], [153.01, -27.41], [153.01, -27.4], [153.0, -27.4], [153.0, -27.41]]]}, "properties": {"count": 10811, "intensity": 0.0755}}, {"type": "Feature", "geometry": {"type": "Polygon", "coordinates": [[[153.06, -27.39], [153.07, -27.39], [153.07, -27.38], [153.06, -27.38], [153.06, -27.39]]]}, "properties": {"count": 4864, "intensity": 0.034}}, {"type": "Feature", "geometry": {"type": "Polygon", "coordinates": [[[152.94, -27.54], [152.95, -27.54], [152.95, -27.53], [152.94, -27.53], [152.94, -27.54]]]}, "properties": {"count": 2974, "intensity": 0.0208}}, {"type": "Feature", "geometry": {"type": "Polygon", "coordinates": [[[153.05, -27.4], [153.06, -27.4], [153.06, -27.39], [153.05, -27.39], [153.05, -27.4]]]}, "properties": {"count": 6852, "intensity": 0.0479}}, {"type": "Feature", "geometry": {"type": "Polygon", "coordinates": [[[152.94, -27.56], [152.95, -27.56], [152.95, -27.55], [152.94, -27.55], [152.94, -27.56]]]}, "properties": {"count": 2320, "intensity": 0.0162}}, {"type": "Feature", "geometry": {"type": "Polygon", "coordinates": [[[153.0, -27.36], [153.01, -27.36], [153.01, -27.35], [153.0, -27.35], [153.0, -27.36]]]}, "properties": {"count": 6077, "intensity": 0.0424}}, {"type": "Feature", "geometry": {"type": "Polygon", "coordinates": [[[152.94, -27.53], [152.95, -27.53], [152.95, -27.52], [152.94, -27.52], [152.94, -27.53]]]}, "properties": {"count": 1648, "intensity": 0.0115}}, {"type": "Feature", "geometry": {"type": "Polygon", "coordinates": [[[152.95, -27.34], [152.96, -27.34], [152.96, -27.33], [152.95, -27.33], [152.95, -27.34]]]}, "properties": {"count": 2764, "intensity": 0.0193}}, {"type": "Feature", "geometry": {"type": "Polygon", "coordinates": [[[153.04, -27.49], [153.05, -27.49], [153.05, -27.48], [153.04, -27.48], [153.04, -27.49]]]}, "properties": {"count": 17619, "intensity": 0.1231}}, {"type": "Feature", "geometry": {"type": "Polygon", "coordinates": [[[152.97, -27.42], [152.98, -27.42], [152.98, -27.41], [152.97, -27.41], [152.97, -27.42]]]}, "properties": {"count": 7648, "intensity": 0.0534}}, {"type": "Feature", "geometry": {"type": "Polygon", "coordinates": [[[153.04, -27.35], [153.05, -27.35], [153.05, -27.34], [153.04, -27.34], [153.04, -27.35]]]}, "properties": {"count": 7574, "intensity": 0.0529}}, {"type": "Feature", "geometry": {"type": "Polygon", "coordinates": [[[153.0, -27.39], [153.01, -27.39], [153.01, -27.38], [153.0, -27.38], [153.0, -27.39]]]}, "properties": {"count": 976, "intensity": 0.0068}}, {"type": "Feature", "geometry": {"type": "Polygon", "coordinates": [[[152.94, -27.55], [152.95, -27.55], [152.95, -27.54], [152.94, -27.54], [152.94, -27.55]]]}, "properties": {"count": 6465, "intensity": 0.0452}}, {"type": "Feature", "geometry": {"type": "Polygon", "coordinates": [[[152.98, -27.6], [152.99, -27.6], [152.99, -27.59], [152.98, -27.59], [152.98, -27.6]]]}, "properties": {"count": 7222, "intensity": 0.0504}}, {"type": "Feature", "geometry": {"type": "Polygon", "coordinates": [[[152.98, -27.61], [152.99, -27.61], [152.99, -27.6], [152.98, -27.6], [152.98, -27.61]]]}, "properties": {"count": 1216, "intensity": 0.0085}}, {"type": "Feature", "geometry": {"type": "Polygon", "coordinates": [[[152.96, -27.6], [152.97, -27.6], [152.97, -27.59], [152.96, -27.59], [152.96, -27.6]]]}, "properties": {"count": 3033, "intensity": 0.0212}}, {"type": "Feature", "geometry": {"type": "Polygon", "coordinates": [[[152.97, -27.59], [152.98, -27.59], [152.98, -27.58], [152.97, -27.58], [152.97, -27.59]]]}, "properties": {"count": 2153, "intensity": 0.015}}, {"type": "Feature", "geometry": {"type": "Polygon", "coordinates": [[[153.0, -27.43], [153.01, -27.43], [153.01, -27.42], [153.0, -27.42], [153.0, -27.43]]]}, "properties": {"count": 12837, "intensity": 0.0897}}, {"type": "Feature", "geometry": {"type": "Polygon", "coordinates": [[[153.01, -27.43], [153.02, -27.43], [153.02, -27.42], [153.01, -27.42], [153.01, -27.43]]]}, "properties": {"count": 10267, "intensity": 0.0717}}, {"type": "Feature", "geometry": {"type": "Polygon", "coordinates": [[[153.01, -27.37], [153.02, -27.37], [153.02, -27.36], [153.01, -27.36], [153.01, -27.37]]]}, "properties": {"count": 9725, "intensity": 0.0679}}, {"type": "Feature", "geometry": {"type": "Polygon", "coordinates": [[[153.01, -27.36], [153.02, -27.36], [153.02, -27.35], [153.01, -27.35], [153.01, -27.36]]]}, "properties": {"count": 4595, "intensity": 0.0321}}, {"type": "Feature", "geometry": {"type": "Polygon", "coordinates": [[[152.94, -27.34], [152.95, -27.34], [152.95, -27.33], [152.94, -27.33], [152.94, -27.34]]]}, "properties": {"count": 874, "intensity": 0.0061}}, {"type": "Feature", "geometry": {"type": "Polygon", "coordinates": [[[153.03, -27.55], [153.04, -27.55], [153.04, -27.54], [153.03, -27.54], [153.03, -27.55]]]}, "properties": {"count": 4466, "intensity": 0.0312}}, {"type": "Feature", "geometry": {"type": "Polygon", "coordinates": [[[152.97, -27.56], [152.98, -27.56], [152.98, -27.55], [152.97, -27.55], [152.97, -27.56]]]}, "properties": {"count": 3847, "intensity": 0.0269}}, {"type": "Feature", "geometry": {"type": "Polygon", "coordinates": [[[153.0, -27.47], [153.01, -27.47], [153.01, -27.46], [153.0, -27.46], [153.0, -27.47]]]}, "properties": {"count": 21066, "intensity": 0.1471}}, {"type": "Feature", "geometry": {"type": "Polygon", "coordinates": [[[153.0, -27.44], [153.01, -27.44], [153.01, -27.43], [153.0, -27.43], [153.0, -27.44]]]}, "properties": {"count": 14168, "intensity": 0.099}}, {"type": "Feature", "geometry": {"type": "Polygon", "coordinates": [[[153.01, -27.48], [153.02, -27.48], [153.02, -27.47], [153.01, -27.47], [153.01, -27.48]]]}, "properties": {"count": 71507, "intensity": 0.4994}}, {"type": "Feature", "geometry": {"type": "Polygon", "coordinates": [[[152.99, -27.43], [153.0, -27.43], [153.0, -27.42], [152.99, -27.42], [152.99, -27.43]]]}, "properties": {"count": 10802, "intensity": 0.0754}}, {"type": "Feature", "geometry": {"type": "Polygon", "coordinates": [[[153.01, -27.49], [153.02, -27.49], [153.02, -27.48], [153.01, -27.48], [153.01, -27.49]]]}, "properties": {"count": 22879, "intensity": 0.1598}}, {"type": "Feature", "geometry": {"type": "Polygon", "coordinates": [[[152.96, -27.56], [152.97, -27.56], [152.97, -27.55], [152.96, -27.55], [152.96, -27.56]]]}, "properties": {"count": 1697, "intensity": 0.0119}}, {"type": "Feature", "geometry": {"type": "Polygon", "coordinates": [[[153.16, -27.44], [153.17, -27.44], [153.17, -27.43], [153.16, -27.43], [153.16, -27.44]]]}, "properties": {"count": 3917, "intensity": 0.0274}}, {"type": "Feature", "geometry": {"type": "Polygon", "coordinates": [[[153.17, -27.46], [153.18, -27.46], [153.18, -27.45], [153.17, -27.45], [153.17, -27.46]]]}, "properties": {"count": 1678, "intensity": 0.0117}}, {"type": "Feature", "geometry": {"type": "Polygon", "coordinates": [[[153.04, -27.39], [153.05, -27.39], [153.05, -27.38], [153.04, -27.38], [153.04, -27.39]]]}, "properties": {"count": 6980, "intensity": 0.0488}}, {"type": "Feature", "geometry": {"type": "Polygon", "coordinates": [[[152.98, -27.4], [152.99, -27.4], [152.99, -27.39], [152.98, -27.39], [152.98, -27.4]]]}, "properties": {"count": 3481, "intensity": 0.0243}}, {"type": "Feature", "geometry": {"type": "Polygon", "coordinates": [[[153.03, -27.39], [153.04, -27.39], [153.04, -27.38], [153.03, -27.38], [153.03, -27.39]]]}, "properties": {"count": 22582, "intensity": 0.1577}}, {"type": "Feature", "geometry": {"type": "Polygon", "coordinates": [[[153.07, -27.44], [153.08, -27.44], [153.08, -27.43], [153.07, -27.43], [153.07, -27.44]]]}, "properties": {"count": 5167, "intensity": 0.0361}}, {"type": "Feature", "geometry": {"type": "Polygon", "coordinates": [[[152.97, -27.41], [152.98, -27.41], [152.98, -27.4], [152.97, -27.4], [152.97, -27.41]]]}, "properties": {"count": 8298, "intensity": 0.058}}, {"type": "Feature", "geometry": {"type": "Polygon", "coordinates": [[[153.17, -27.47], [153.18, -27.47], [153.18, -27.46], [153.17, -27.46], [153.17, -27.47]]]}, "properties": {"count": 5296, "intensity": 0.037}}, {"type": "Feature", "geometry": {"type": "Polygon", "coordinates": [[[153.18, -27.47], [153.19, -27.47], [153.19, -27.46], [153.18, -27.46], [153.18, -27.47]]]}, "properties": {"count": 2520, "intensity": 0.0176}}, {"type": "Feature", "geometry": {"type": "Polygon", "coordinates": [[[153.17, -27.45], [153.18, -27.45], [153.18, -27.44], [153.17, -27.44], [153.17, -27.45]]]}, "properties": {"count": 5045, "intensity": 0.0352}}, {"type": "Feature", "geometry": {"type": "Polygon", "coordinates": [[[153.09, -27.49], [153.1, -27.49], [153.1, -27.48], [153.09, -27.48], [153.09, -27.49]]]}, "properties": {"count": 8398, "intensity": 0.0587}}, {"type": "Feature", "geometry": {"type": "Polygon", "coordinates": [[[153.1, -27.49], [153.11, -27.49], [153.11, -27.48], [153.1, -27.48], [153.1, -27.49]]]}, "properties": {"count": 3040, "intensity": 0.0212}}, {"type": "Feature", "geometry": {"type": "Polygon", "coordinates": [[[152.97, -27.57], [152.98, -27.57], [152.98, -27.56], [152.97, -27.56], [152.97, -27.57]]]}, "properties": {"count": 988, "intensity": 0.0069}}, {"type": "Feature", "geometry": {"type": "Polygon", "coordinates": [[[153.03, -27.41], [153.04, -27.41], [153.04, -27.4], [153.03, -27.4], [153.03, -27.41]]]}, "properties": {"count": 16042, "intensity": 0.112}}, {"type": "Feature", "geometry": {"type": "Polygon", "coordinates": [[[153.01, -27.53], [153.02, -27.53], [153.02, -27.52], [153.01, -27.52], [153.01, -27.53]]]}, "properties": {"count": 11134, "intensity": 0.0778}}, {"type": "Feature", "geometry": {"type": "Polygon", "coordinates": [[[152.97, -27.5], [152.98, -27.5], [152.98, -27.49], [152.97, -27.49], [152.97, -27.5]]]}, "properties": {"count": 17571, "intensity": 0.1227}}, {"type": "Feature", "geometry": {"type": "Polygon", "coordinates": [[[153.08, -27.49], [153.09, -27.49], [153.09, -27.48], [153.08, -27.48], [153.08, -27.49]]]}, "properties": {"count": 3388, "intensity": 0.0237}}, {"type": "Feature", "geometry": {"type": "Polygon", "coordinates": [[[152.97, -27.35], [152.98, -27.35], [152.98, -27.34], [152.97, -27.34], [152.97, -27.35]]]}, "properties": {"count": 1576, "intensity": 0.011}}, {"type": "Feature", "geometry": {"type": "Polygon", "coordinates": [[[152.96, -27.35], [152.97, -27.35], [152.97, -27.34], [152.96, -27.34], [152.96, -27.35]]]}, "properties": {"count": 2833, "intensity": 0.0198}}, {"type": "Feature", "geometry": {"type": "Polygon", "coordinates": [[[153.09, -27.51], [153.1, -27.51], [153.1, -27.5], [153.09, -27.5], [153.09, -27.51]]]}, "properties": {"count": 9229, "intensity": 0.0645}}, {"type": "Feature", "geometry": {"type": "Polygon", "coordinates": [[[153.11, -27.51], [153.12, -27.51], [153.12, -27.5], [153.11, -27.5], [153.11, -27.51]]]}, "properties": {"count": 8175, "intensity": 0.0571}}, {"type": "Feature", "geometry": {"type": "Polygon", "coordinates": [[[153.06, -27.45], [153.07, -27.45], [153.07, -27.44], [153.06, -27.44], [153.06, -27.45]]]}, "properties": {"count": 6883, "intensity": 0.0481}}, {"type": "Feature", "geometry": {"type": "Polygon", "coordinates": [[[153.07, -27.43], [153.08, -27.43], [153.08, -27.42], [153.07, -27.42], [153.07, -27.43]]]}, "properties": {"count": 3538, "intensity": 0.0247}}, {"type": "Feature", "geometry": {"type": "Polygon", "coordinates": [[[153.07, -27.42], [153.08, -27.42], [153.08, -27.41], [153.07, -27.41], [153.07, -27.42]]]}, "properties": {"count": 2802, "intensity": 0.0196}}, {"type": "Feature", "geometry": {"type": "Polygon", "coordinates": [[[152.98, -27.45], [152.99, -27.45], [152.99, -27.44], [152.98, -27.44], [152.98, -27.45]]]}, "properties": {"count": 9392, "intensity": 0.0656}}, {"type": "Feature", "geometry": {"type": "Polygon", "coordinates": [[[152.99, -27.45], [153.0, -27.45], [153.0, -27.44], [152.99, -27.44], [152.99, -27.45]]]}, "properties": {"count": 14141, "intensity": 0.0988}}, {"type": "Feature", "geometry": {"type": "Polygon", "coordinates": [[[152.94, -27.44], [152.95, -27.44], [152.95, -27.43], [152.94, -27.43], [152.94, -27.44]]]}, "properties": {"count": 1965, "intensity": 0.0137}}, {"type": "Feature", "geometry": {"type": "Polygon", "coordinates": [[[152.93, -27.44], [152.94, -27.44], [152.94, -27.43], [152.93, -27.43], [152.93, -27.44]]]}, "properties": {"count": 2354, "intensity": 0.0164}}, {"type": "Feature", "geometry": {"type": "Polygon", "coordinates": [[[152.95, -27.46], [152.96, -27.46], [152.96, -27.45], [152.95, -27.45], [152.95, -27.46]]]}, "properties": {"count": 2628, "intensity": 0.0184}}, {"type": "Feature", "geometry": {"type": "Polygon", "coordinates": [[[153.0, -27.46], [153.01, -27.46], [153.01, -27.45], [153.0, -27.45], [153.0, -27.46]]]}, "properties": {"count": 11910, "intensity": 0.0832}}, {"type": "Feature", "geometry": {"type": "Polygon", "coordinates": [[[153.03, -27.43], [153.04, -27.43], [153.04, -27.42], [153.03, -27.42], [153.03, -27.43]]]}, "properties": {"count": 18391, "intensity": 0.1285}}, {"type": "Feature", "geometry": {"type": "Polygon", "coordinates": [[[152.95, -27.35], [152.96, -27.35], [152.96, -27.34], [152.95, -27.34], [152.95, -27.35]]]}, "properties": {"count": 904, "intensity": 0.0063}}, {"type": "Feature", "geometry": {"type": "Polygon", "coordinates": [[[152.99, -27.36], [153.0, -27.36], [153.0, -27.35], [152.99, -27.35], [152.99, -27.36]]]}, "properties": {"count": 2047, "intensity": 0.0143}}, {"type": "Feature", "geometry": {"type": "Polygon", "coordinates": [[[152.96, -27.47], [152.97, -27.47], [152.97, -27.46], [152.96, -27.46], [152.96, -27.47]]]}, "properties": {"count": 1265, "intensity": 0.0088}}, {"type": "Feature", "geometry": {"type": "Polygon", "coordinates": [[[152.99, -27.46], [153.0, -27.46], [153.0, -27.45], [152.99, -27.45], [152.99, -27.46]]]}, "properties": {"count": 14524, "intensity": 0.1014}}, {"type": "Feature", "geometry": {"type": "Polygon", "coordinates": [[[152.98, -27.46], [152.99, -27.46], [152.99, -27.45], [152.98, -27.45], [152.98, -27.46]]]}, "properties": {"count": 15999, "intensity": 0.1117}}, {"type": "Feature", "geometry": {"type": "Polygon", "coordinates": [[[153.06, -27.5], [153.07, -27.5], [153.07, -27.49], [153.06, -27.49], [153.06, -27.5]]]}, "properties": {"count": 11500, "intensity": 0.0803}}, {"type": "Feature", "geometry": {"type": "Polygon", "coordinates": [[[153.1, -27.5], [153.11, -27.5], [153.11, -27.49], [153.1, -27.49], [153.1, -27.5]]]}, "properties": {"count": 12596, "intensity": 0.088}}, {"type": "Feature", "geometry": {"type": "Polygon", "coordinates": [[[153.05, -27.5], [153.06, -27.5], [153.06, -27.49], [153.05, -27.49], [153.05, -27.5]]]}, "properties": {"count": 18993, "intensity": 0.1327}}, {"type": "Feature", "geometry": {"type": "Polygon", "coordinates": [[[152.94, -27.35], [152.95, -27.35], [152.95, -27.34], [152.94, -27.34], [152.94, -27.35]]]}, "properties": {"count": 822, "intensity": 0.0057}}, {"type": "Feature", "geometry": {"type": "Polygon", "coordinates": [[[153.08, -27.5], [153.09, -27.5], [153.09, -27.49], [153.08, -27.49], [153.08, -27.5]]]}, "properties": {"count": 11222, "intensity": 0.0784}}, {"type": "Feature", "geometry": {"type": "Polygon", "coordinates": [[[153.04, -27.5], [153.05, -27.5], [153.05, -27.49], [153.04, -27.49], [153.04, -27.5]]]}, "properties": {"count": 32988, "intensity": 0.2304}}, {"type": "Feature", "geometry": {"type": "Polygon", "coordinates": [[[153.06, -27.42], [153.07, -27.42], [153.07, -27.41], [153.06, -27.41], [153.06, -27.42]]]}, "properties": {"count": 8141, "intensity": 0.0569}}, {"type": "Feature", "geometry": {"type": "Polygon", "coordinates": [[[152.95, -27.51], [152.96, -27.51], [152.96, -27.5], [152.95, -27.5], [152.95, -27.51]]]}, "properties": {"count": 8917, "intensity": 0.0623}}, {"type": "Feature", "geometry": {"type": "Polygon", "coordinates": [[[153.04, -27.45], [153.05, -27.45], [153.05, -27.44], [153.04, -27.44], [153.04, -27.45]]]}, "properties": {"count": 12677, "intensity": 0.0885}}, {"type": "Feature", "geometry": {"type": "Polygon", "coordinates": [[[153.0, -27.37], [153.01, -27.37], [153.01, -27.36], [153.0, -27.36], [153.0, -27.37]]]}, "properties": {"count": 1511, "intensity": 0.0106}}, {"type": "Feature", "geometry": {"type": "Polygon", "coordinates": [[[153.05, -27.6], [153.06, -27.6], [153.06, -27.59], [153.05, -27.59], [153.05, -27.6]]]}, "properties": {"count": 11693, "intensity": 0.0817}}, {"type": "Feature", "geometry": {"type": "Polygon", "coordinates": [[[153.06, -27.62], [153.07, -27.62], [153.07, -27.61], [153.06, -27.61], [153.06, -27.62]]]}, "properties": {"count": 6516, "intensity": 0.0455}}, {"type": "Feature", "geometry": {"type": "Polygon", "coordinates": [[[153.03, -27.46], [153.04, -27.46], [153.04, -27.45], [153.03, -27.45], [153.03, -27.46]]]}, "properties": {"count": 57065, "intensity": 0.3986}}, {"type": "Feature", "geometry": {"type": "Polygon", "coordinates": [[[153.07, -27.62], [153.08, -27.62], [153.08, -27.61], [153.07, -27.61], [153.07, -27.62]]]}, "properties": {"count": 3592, "intensity": 0.0251}}, {"type": "Feature", "geometry": {"type": "Polygon", "coordinates": [[[153.06, -27.63], [153.07, -27.63], [153.07, -27.62], [153.06, -27.62], [153.06, -27.63]]]}, "properties": {"count": 2590, "intensity": 0.0181}}, {"type": "Feature", "geometry": {"type": "Polygon", "coordinates": [[[153.05, -27.49], [153.06, -27.49], [153.06, -27.48], [153.05, -27.48], [153.05, -27.49]]]}, "properties": {"count": 6487, "intensity": 0.0453}}, {"type": "Feature", "geometry": {"type": "Polygon", "coordinates": [[[153.0, -27.38], [153.01, -27.38], [153.01, -27.37], [153.0, -27.37], [153.0, -27.38]]]}, "properties": {"count": 480, "intensity": 0.0034}}, {"type": "Feature", "geometry": {"type": "Polygon", "coordinates": [[[153.07, -27.49], [153.08, -27.49], [153.08, -27.48], [153.07, -27.48], [153.07, -27.49]]]}, "properties": {"count": 5808, "intensity": 0.0406}}, {"type": "Feature", "geometry": {"type": "Polygon", "coordinates": [[[153.07, -27.48], [153.08, -27.48], [153.08, -27.47], [153.07, -27.47], [153.07, -27.48]]]}, "properties": {"count": 3575, "intensity": 0.025}}, {"type": "Feature", "geometry": {"type": "Polygon", "coordinates": [[[152.99, -27.41], [153.0, -27.41], [153.0, -27.4], [152.99, -27.4], [152.99, -27.41]]]}, "properties": {"count": 6665, "intensity": 0.0466}}, {"type": "Feature", "geometry": {"type": "Polygon", "coordinates": [[[152.98, -27.38], [152.99, -27.38], [152.99, -27.37], [152.98, -27.37], [152.98, -27.38]]]}, "properties": {"count": 2153, "intensity": 0.015}}, {"type": "Feature", "geometry": {"type": "Polygon", "coordinates": [[[152.96, -27.63], [152.97, -27.63], [152.97, -27.62], [152.96, -27.62], [152.96, -27.63]]]}, "properties": {"count": 13956, "intensity": 0.0975}}, {"type": "Feature", "geometry": {"type": "Polygon", "coordinates": [[[153.05, -27.46], [153.06, -27.46], [153.06, -27.45], [153.05, -27.45], [153.05, -27.46]]]}, "properties": {"count": 8438, "intensity": 0.0589}}, {"type": "Feature", "geometry": {"type": "Polygon", "coordinates": [[[153.03, -27.63], [153.04, -27.63], [153.04, -27.62], [153.03, -27.62], [153.03, -27.63]]]}, "properties": {"count": 2625, "intensity": 0.0183}}, {"type": "Feature", "geometry": {"type": "Polygon", "coordinates": [[[152.99, -27.5], [153.0, -27.5], [153.0, -27.49], [152.99, -27.49], [152.99, -27.5]]]}, "properties": {"count": 15863, "intensity": 0.1108}}, {"type": "Feature", "geometry": {"type": "Polygon", "coordinates": [[[153.01, -27.31], [153.02, -27.31], [153.02, -27.3], [153.01, -27.3], [153.01, -27.31]]]}, "properties": {"count": 1269, "intensity": 0.0089}}, {"type": "Feature", "geometry": {"type": "Polygon", "coordinates": [[[153.0, -27.48], [153.01, -27.48], [153.01, -27.47], [153.0, -27.47], [153.0, -27.48]]]}, "properties": {"count": 29349, "intensity": 0.205}}, {"type": "Feature", "geometry": {"type": "Polygon", "coordinates": [[[152.93, -27.4], [152.94, -27.4], [152.94, -27.39], [152.93, -27.39], [152.93, -27.4]]]}, "properties": {"count": 636, "intensity": 0.0044}}, {"type": "Feature", "geometry": {"type": "Polygon", "coordinates": [[[153.02, -27.36], [153.03, -27.36], [153.03, -27.35], [153.02, -27.35], [153.02, -27.36]]]}, "properties": {"count": 1276, "intensity": 0.0089}}, {"type": "Feature", "geometry": {"type": "Polygon", "coordinates": [[[153.06, -27.51], [153.07, -27.51], [153.07, -27.5], [153.06, -27.5], [153.06, -27.51]]]}, "properties": {"count": 8763, "intensity": 0.0612}}, {"type": "Feature", "geometry": {"type": "Polygon", "coordinates": [[[152.98, -27.32], [152.99, -27.32], [152.99, -27.31], [152.98, -27.31], [152.98, -27.32]]]}, "properties": {"count": 1650, "intensity": 0.0115}}, {"type": "Feature", "geometry": {"type": "Polygon", "coordinates": [[[152.99, -27.32], [153.0, -27.32], [153.0, -27.31], [152.99, -27.31], [152.99, -27.32]]]}, "properties": {"count": 277, "intensity": 0.0019}}, {"type": "Feature", "geometry": {"type": "Polygon", "coordinates": [[[152.98, -27.33], [152.99, -27.33], [152.99, -27.32], [152.98, -27.32], [152.98, -27.33]]]}, "properties": {"count": 456, "intensity": 0.0032}}, {"type": "Feature", "geometry": {"type": "Polygon", "coordinates": [[[152.97, -27.33], [152.98, -27.33], [152.98, -27.32], [152.97, -27.32], [152.97, -27.33]]]}, "properties": {"count": 228, "intensity": 0.0016}}, {"type": "Feature", "geometry": {"type": "Polygon", "coordinates": [[[153.0, -27.32], [153.01, -27.32], [153.01, -27.31], [153.0, -27.31], [153.0, -27.32]]]}, "properties": {"count": 894, "intensity": 0.0062}}, {"type": "Feature", "geometry": {"type": "Polygon", "coordinates": [[[153.01, -27.32], [153.02, -27.32], [153.02, -27.31], [153.01, -27.31], [153.01, -27.32]]]}, "properties": {"count": 666, "intensity": 0.0047}}, {"type": "Feature", "geometry": {"type": "Polygon", "coordinates": [[[153.01, -27.52], [153.02, -27.52], [153.02, -27.51], [153.01, -27.51], [153.01, -27.52]]]}, "properties": {"count": 10432, "intensity": 0.0729}}, {"type": "Feature", "geometry": {"type": "Polygon", "coordinates": [[[153.03, -27.36], [153.04, -27.36], [153.04, -27.35], [153.03, -27.35], [153.03, -27.36]]]}, "properties": {"count": 9321, "intensity": 0.0651}}, {"type": "Feature", "geometry": {"type": "Polygon", "coordinates": [[[152.99, -27.31], [153.0, -27.31], [153.0, -27.3], [152.99, -27.3], [152.99, -27.31]]]}, "properties": {"count": 1730, "intensity": 0.0121}}, {"type": "Feature", "geometry": {"type": "Polygon", "coordinates": [[[153.02, -27.41], [153.03, -27.41], [153.03, -27.4], [153.02, -27.4], [153.02, -27.41]]]}, "properties": {"count": 3373, "intensity": 0.0236}}, {"type": "Feature", "geometry": {"type": "Polygon", "coordinates": [[[153.09, -27.55], [153.1, -27.55], [153.1, -27.54], [153.09, -27.54], [153.09, -27.55]]]}, "properties": {"count": 13166, "intensity": 0.092}}, {"type": "Feature", "geometry": {"type": "Polygon", "coordinates": [[[153.02, -27.55], [153.03, -27.55], [153.03, -27.54], [153.02, -27.54], [153.02, -27.55]]]}, "properties": {"count": 5662, "intensity": 0.0395}}, {"type": "Feature", "geometry": {"type": "Polygon", "coordinates": [[[152.96, -27.41], [152.97, -27.41], [152.97, -27.4], [152.96, -27.4], [152.96, -27.41]]]}, "properties": {"count": 2405, "intensity": 0.0168}}, {"type": "Feature", "geometry": {"type": "Polygon", "coordinates": [[[153.05, -27.56], [153.06, -27.56], [153.06, -27.55], [153.05, -27.55], [153.05, -27.56]]]}, "properties": {"count": 11159, "intensity": 0.0779}}, {"type": "Feature", "geometry": {"type": "Polygon", "coordinates": [[[153.09, -27.57], [153.1, -27.57], [153.1, -27.56], [153.09, -27.56], [153.09, -27.57]]]}, "properties": {"count": 2151, "intensity": 0.015}}, {"type": "Feature", "geometry": {"type": "Polygon", "coordinates": [[[153.04, -27.48], [153.05, -27.48], [153.05, -27.47], [153.04, -27.47], [153.04, -27.48]]]}, "properties": {"count": 22306, "intensity": 0.1558}}, {"type": "Feature", "geometry": {"type": "Polygon", "coordinates": [[[153.04, -27.51], [153.05, -27.51], [153.05, -27.5], [153.04, -27.5], [153.04, -27.51]]]}, "properties": {"count": 11851, "intensity": 0.0828}}, {"type": "Feature", "geometry": {"type": "Polygon", "coordinates": [[[153.08, -27.56], [153.09, -27.56], [153.09, -27.55], [153.08, -27.55], [153.08, -27.56]]]}, "properties": {"count": 20062, "intensity": 0.1401}}, {"type": "Feature", "geometry": {"type": "Polygon", "coordinates": [[[152.98, -27.49], [152.99, -27.49], [152.99, -27.48], [152.98, -27.48], [152.98, -27.49]]]}, "properties": {"count": 8952, "intensity": 0.0625}}, {"type": "Feature", "geometry": {"type": "Polygon", "coordinates": [[[152.97, -27.49], [152.98, -27.49], [152.98, -27.48], [152.97, -27.48], [152.97, -27.49]]]}, "properties": {"count": 4304, "intensity": 0.0301}}, {"type": "Feature", "geometry": {"type": "Polygon", "coordinates": [[[153.04, -27.46], [153.05, -27.46], [153.05, -27.45], [153.04, -27.45], [153.04, -27.46]]]}, "properties": {"count": 18178, "intensity": 0.127}}, {"type": "Feature", "geometry": {"type": "Polygon", "coordinates": [[[153.01, -27.58], [153.02, -27.58], [153.02, -27.57], [153.01, -27.57], [153.01, -27.58]]]}, "properties": {"count": 2788, "intensity": 0.0195}}, {"type": "Feature", "geometry": {"type": "Polygon", "coordinates": [[[153.02, -27.33], [153.03, -27.33], [153.03, -27.32], [153.02, -27.32], [153.02, -27.33]]]}, "properties": {"count": 6386, "intensity": 0.0446}}, {"type": "Feature", "geometry": {"type": "Polygon", "coordinates": [[[153.04, -27.47], [153.05, -27.47], [153.05, -27.46], [153.04, -27.46], [153.04, -27.47]]]}, "properties": {"count": 36662, "intensity": 0.2561}}, {"type": "Feature", "geometry": {"type": "Polygon", "coordinates": [[[153.05, -27.47], [153.06, -27.47], [153.06, -27.46], [153.05, -27.46], [153.05, -27.47]]]}, "properties": {"count": 5931, "intensity": 0.0414}}, {"type": "Feature", "geometry": {"type": "Polygon", "coordinates": [[[153.05, -27.52], [153.06, -27.52], [153.06, -27.51], [153.05, -27.51], [153.05, -27.52]]]}, "properties": {"count": 13761, "intensity": 0.0961}}, {"type": "Feature", "geometry": {"type": "Polygon", "coordinates": [[[153.01, -27.41], [153.02, -27.41], [153.02, -27.4], [153.01, -27.4], [153.01, -27.41]]]}, "properties": {"count": 5659, "intensity": 0.0395}}, {"type": "Feature", "geometry": {"type": "Polygon", "coordinates": [[[153.06, -27.52], [153.07, -27.52], [153.07, -27.51], [153.06, -27.51], [153.06, -27.52]]]}, "properties": {"count": 10788, "intensity": 0.0753}}, {"type": "Feature", "geometry": {"type": "Polygon", "coordinates": [[[153.07, -27.52], [153.08, -27.52], [153.08, -27.51], [153.07, -27.51], [153.07, -27.52]]]}, "properties": {"count": 11369, "intensity": 0.0794}}, {"type": "Feature", "geometry": {"type": "Polygon", "coordinates": [[[153.07, -27.53], [153.08, -27.53], [153.08, -27.52], [153.07, -27.52], [153.07, -27.53]]]}, "properties": {"count": 7654, "intensity": 0.0535}}, {"type": "Feature", "geometry": {"type": "Polygon", "coordinates": [[[153.02, -27.39], [153.03, -27.39], [153.03, -27.38], [153.02, -27.38], [153.02, -27.39]]]}, "properties": {"count": 9842, "intensity": 0.0687}}, {"type": "Feature", "geometry": {"type": "Polygon", "coordinates": [[[152.99, -27.47], [153.0, -27.47], [153.0, -27.46], [152.99, -27.46], [152.99, -27.47]]]}, "properties": {"count": 3407, "intensity": 0.0238}}, {"type": "Feature", "geometry": {"type": "Polygon", "coordinates": [[[153.04, -27.36], [153.05, -27.36], [153.05, -27.35], [153.04, -27.35], [153.04, -27.36]]]}, "properties": {"count": 7205, "intensity": 0.0503}}, {"type": "Feature", "geometry": {"type": "Polygon", "coordinates": [[[153.01, -27.46], [153.02, -27.46], [153.02, -27.45], [153.01, -27.45], [153.01, -27.46]]]}, "properties": {"count": 36794, "intensity": 0.257}}, {"type": "Feature", "geometry": {"type": "Polygon", "coordinates": [[[153.08, -27.57], [153.09, -27.57], [153.09, -27.56], [153.08, -27.56], [153.08, -27.57]]]}, "properties": {"count": 40058, "intensity": 0.2798}}, {"type": "Feature", "geometry": {"type": "Polygon", "coordinates": [[[153.07, -27.56], [153.08, -27.56], [153.08, -27.55], [153.07, -27.55], [153.07, -27.56]]]}, "properties": {"count": 10940, "intensity": 0.0764}}, {"type": "Feature", "geometry": {"type": "Polygon", "coordinates": [[[153.05, -27.44], [153.06, -27.44], [153.06, -27.43], [153.05, -27.43], [153.05, -27.44]]]}, "properties": {"count": 5637, "intensity": 0.0394}}, {"type": "Feature", "geometry": {"type": "Polygon", "coordinates": [[[152.94, -27.52], [152.95, -27.52], [152.95, -27.51], [152.94, -27.51], [152.94, -27.52]]]}, "properties": {"count": 3550, "intensity": 0.0248}}, {"type": "Feature", "geometry": {"type": "Polygon", "coordinates": [[[152.92, -27.53], [152.93, -27.53], [152.93, -27.52], [152.92, -27.52], [152.92, -27.53]]]}, "properties": {"count": 2151, "intensity": 0.015}}, {"type": "Feature", "geometry": {"type": "Polygon", "coordinates": [[[152.94, -27.42], [152.95, -27.42], [152.95, -27.41], [152.94, -27.41], [152.94, -27.42]]]}, "properties": {"count": 2171, "intensity": 0.0152}}, {"type": "Feature", "geometry": {"type": "Polygon", "coordinates": [[[152.93, -27.52], [152.94, -27.52], [152.94, -27.51], [152.93, -27.51], [152.93, -27.52]]]}, "properties": {"count": 10740, "intensity": 0.075}}, {"type": "Feature", "geometry": {"type": "Polygon", "coordinates": [[[152.97, -27.46], [152.98, -27.46], [152.98, -27.45], [152.97, -27.45], [152.97, -27.46]]]}, "properties": {"count": 5906, "intensity": 0.0413}}, {"type": "Feature", "geometry": {"type": "Polygon", "coordinates": [[[152.99, -27.49], [153.0, -27.49], [153.0, -27.48], [152.99, -27.48], [152.99, -27.49]]]}, "properties": {"count": 28755, "intensity": 0.2008}}, {"type": "Feature", "geometry": {"type": "Polygon", "coordinates": [[[152.93, -27.51], [152.94, -27.51], [152.94, -27.5], [152.93, -27.5], [152.93, -27.51]]]}, "properties": {"count": 4078, "intensity": 0.0285}}, {"type": "Feature", "geometry": {"type": "Polygon", "coordinates": [[[153.02, -27.53], [153.03, -27.53], [153.03, -27.52], [153.02, -27.52], [153.02, -27.53]]]}, "properties": {"count": 12174, "intensity": 0.085}}, {"type": "Feature", "geometry": {"type": "Polygon", "coordinates": [[[152.96, -27.42], [152.97, -27.42], [152.97, -27.41], [152.96, -27.41], [152.96, -27.42]]]}, "properties": {"count": 1753, "intensity": 0.0122}}, {"type": "Feature", "geometry": {"type": "Polygon", "coordinates": [[[153.0, -27.33], [153.01, -27.33], [153.01, -27.32], [153.0, -27.32], [153.0, -27.33]]]}, "properties": {"count": 1350, "intensity": 0.0094}}, {"type": "Feature", "geometry": {"type": "Polygon", "coordinates": [[[153.01, -27.54], [153.02, -27.54], [153.02, -27.53], [153.01, -27.53], [153.01, -27.54]]]}, "properties": {"count": 10352, "intensity": 0.0723}}, {"type": "Feature", "geometry": {"type": "Polygon", "coordinates": [[[152.97, -27.45], [152.98, -27.45], [152.98, -27.44], [152.97, -27.44], [152.97, -27.45]]]}, "properties": {"count": 10357, "intensity": 0.0723}}, {"type": "Feature", "geometry": {"type": "Polygon", "coordinates": [[[152.98, -27.54], [152.99, -27.54], [152.99, -27.53], [152.98, -27.53], [152.98, -27.54]]]}, "properties": {"count": 4828, "intensity": 0.0337}}, {"type": "Feature", "geometry": {"type": "Polygon", "coordinates": [[[152.98, -27.53], [152.99, -27.53], [152.99, -27.52], [152.98, -27.52], [152.98, -27.53]]]}, "properties": {"count": 4256, "intensity": 0.0297}}, {"type": "Feature", "geometry": {"type": "Polygon", "coordinates": [[[152.93, -27.41], [152.94, -27.41], [152.94, -27.4], [152.93, -27.4], [152.93, -27.41]]]}, "properties": {"count": 2490, "intensity": 0.0174}}, {"type": "Feature", "geometry": {"type": "Polygon", "coordinates": [[[153.08, -27.55], [153.09, -27.55], [153.09, -27.54], [153.08, -27.54], [153.08, -27.55]]]}, "properties": {"count": 11097, "intensity": 0.0775}}, {"type": "Feature", "geometry": {"type": "Polygon", "coordinates": [[[152.95, -27.42], [152.96, -27.42], [152.96, -27.41], [152.95, -27.41], [152.95, -27.42]]]}, "properties": {"count": 1211, "intensity": 0.0085}}, {"type": "Feature", "geometry": {"type": "Polygon", "coordinates": [[[153.0, -27.45], [153.01, -27.45], [153.01, -27.44], [153.0, -27.44], [153.0, -27.45]]]}, "properties": {"count": 9801, "intensity": 0.0685}}, {"type": "Feature", "geometry": {"type": "Polygon", "coordinates": [[[153.06, -27.44], [153.07, -27.44], [153.07, -27.43], [153.06, -27.43], [153.06, -27.44]]]}, "properties": {"count": 9256, "intensity": 0.0646}}, {"type": "Feature", "geometry": {"type": "Polygon", "coordinates": [[[153.05, -27.51], [153.06, -27.51], [153.06, -27.5], [153.05, -27.5], [153.05, -27.51]]]}, "properties": {"count": 6820, "intensity": 0.0476}}, {"type": "Feature", "geometry": {"type": "Polygon", "coordinates": [[[153.0, -27.53], [153.01, -27.53], [153.01, -27.52], [153.0, -27.52], [153.0, -27.53]]]}, "properties": {"count": 3590, "intensity": 0.0251}}, {"type": "Feature", "geometry": {"type": "Polygon", "coordinates": [[[152.97, -27.52], [152.98, -27.52], [152.98, -27.51], [152.97, -27.51], [152.97, -27.52]]]}, "properties": {"count": 4338, "intensity": 0.0303}}, {"type": "Feature", "geometry": {"type": "Polygon", "coordinates": [[[153.0, -27.51], [153.01, -27.51], [153.01, -27.5], [153.0, -27.5], [153.0, -27.51]]]}, "properties": {"count": 12647, "intensity": 0.0883}}, {"type": "Feature", "geometry": {"type": "Polygon", "coordinates": [[[153.01, -27.42], [153.02, -27.42], [153.02, -27.41], [153.01, -27.41], [153.01, -27.42]]]}, "properties": {"count": 10683, "intensity": 0.0746}}, {"type": "Feature", "geometry": {"type": "Polygon", "coordinates": [[[153.03, -27.62], [153.04, -27.62], [153.04, -27.61], [153.03, -27.61], [153.03, -27.62]]]}, "properties": {"count": 5557, "intensity": 0.0388}}, {"type": "Feature", "geometry": {"type": "Polygon", "coordinates": [[[153.08, -27.38], [153.09, -27.38], [153.09, -27.37], [153.08, -27.37], [153.08, -27.38]]]}, "properties": {"count": 2216, "intensity": 0.0155}}, {"type": "Feature", "geometry": {"type": "Polygon", "coordinates": [[[153.02, -27.58], [153.03, -27.58], [153.03, -27.57], [153.02, -27.57], [153.02, -27.58]]]}, "properties": {"count": 3266, "intensity": 0.0228}}, {"type": "Feature", "geometry": {"type": "Polygon", "coordinates": [[[152.97, -27.36], [152.98, -27.36], [152.98, -27.35], [152.97, -27.35], [152.97, -27.36]]]}, "properties": {"count": 1308, "intensity": 0.0091}}, {"type": "Feature", "geometry": {"type": "Polygon", "coordinates": [[[153.06, -27.32], [153.07, -27.32], [153.07, -27.31], [153.06, -27.31], [153.06, -27.32]]]}, "properties": {"count": 5714, "intensity": 0.0399}}, {"type": "Feature", "geometry": {"type": "Polygon", "coordinates": [[[152.95, -27.57], [152.96, -27.57], [152.96, -27.56], [152.95, -27.56], [152.95, -27.57]]]}, "properties": {"count": 3714, "intensity": 0.0259}}, {"type": "Feature", "geometry": {"type": "Polygon", "coordinates": [[[152.95, -27.55], [152.96, -27.55], [152.96, -27.54], [152.95, -27.54], [152.95, -27.55]]]}, "properties": {"count": 2426, "intensity": 0.0169}}, {"type": "Feature", "geometry": {"type": "Polygon", "coordinates": [[[152.94, -27.5], [152.95, -27.5], [152.95, -27.49], [152.94, -27.49], [152.94, -27.5]]]}, "properties": {"count": 3667, "intensity": 0.0256}}, {"type": "Feature", "geometry": {"type": "Polygon", "coordinates": [[[153.0, -27.49], [153.01, -27.49], [153.01, -27.48], [153.0, -27.48], [153.0, -27.49]]]}, "properties": {"count": 41756, "intensity": 0.2916}}, {"type": "Feature", "geometry": {"type": "Polygon", "coordinates": [[[152.98, -27.39], [152.99, -27.39], [152.99, -27.38], [152.98, -27.38], [152.98, -27.39]]]}, "properties": {"count": 4058, "intensity": 0.0283}}, {"type": "Feature", "geometry": {"type": "Polygon", "coordinates": [[[152.95, -27.4], [152.96, -27.4], [152.96, -27.39], [152.95, -27.39], [152.95, -27.4]]]}, "properties": {"count": 2324, "intensity": 0.0162}}, {"type": "Feature", "geometry": {"type": "Polygon", "coordinates": [[[153.04, -27.33], [153.05, -27.33], [153.05, -27.32], [153.04, -27.32], [153.04, -27.33]]]}, "properties": {"count": 3020, "intensity": 0.0211}}, {"type": "Feature", "geometry": {"type": "Polygon", "coordinates": [[[153.06, -27.54], [153.07, -27.54], [153.07, -27.53], [153.06, -27.53], [153.06, -27.54]]]}, "properties": {"count": 7510, "intensity": 0.0525}}, {"type": "Feature", "geometry": {"type": "Polygon", "coordinates": [[[152.95, -27.58], [152.96, -27.58], [152.96, -27.57], [152.95, -27.57], [152.95, -27.58]]]}, "properties": {"count": 496, "intensity": 0.0035}}, {"type": "Feature", "geometry": {"type": "Polygon", "coordinates": [[[153.09, -27.53], [153.1, -27.53], [153.1, -27.52], [153.09, -27.52], [153.09, -27.53]]]}, "properties": {"count": 7321, "intensity": 0.0511}}, {"type": "Feature", "geometry": {"type": "Polygon", "coordinates": [[[152.93, -27.62], [152.94, -27.62], [152.94, -27.61], [152.93, -27.61], [152.93, -27.62]]]}, "properties": {"count": 1924, "intensity": 0.0134}}, {"type": "Feature", "geometry": {"type": "Polygon", "coordinates": [[[153.09, -27.56], [153.1, -27.56], [153.1, -27.55], [153.09, -27.55], [153.09, -27.56]]]}, "properties": {"count": 9435, "intensity": 0.0659}}, {"type": "Feature", "geometry": {"type": "Polygon", "coordinates": [[[153.02, -27.63], [153.03, -27.63], [153.03, -27.62], [153.02, -27.62], [153.02, -27.63]]]}, "properties": {"count": 6227, "intensity": 0.0435}}, {"type": "Feature", "geometry": {"type": "Polygon", "coordinates": [[[153.1, -27.56], [153.11, -27.56], [153.11, -27.55], [153.1, -27.55], [153.1, -27.56]]]}, "properties": {"count": 7831, "intensity": 0.0547}}, {"type": "Feature", "geometry": {"type": "Polygon", "coordinates": [[[153.06, -27.3], [153.07, -27.3], [153.07, -27.29], [153.06, -27.29], [153.06, -27.3]]]}, "properties": {"count": 4316, "intensity": 0.0301}}, {"type": "Feature", "geometry": {"type": "Polygon", "coordinates": [[[153.06, -27.29], [153.07, -27.29], [153.07, -27.28], [153.06, -27.28], [153.06, -27.29]]]}, "properties": {"count": 870, "intensity": 0.0061}}, {"type": "Feature", "geometry": {"type": "Polygon", "coordinates": [[[153.06, -27.31], [153.07, -27.31], [153.07, -27.3], [153.06, -27.3], [153.06, -27.31]]]}, "properties": {"count": 2124, "intensity": 0.0148}}, {"type": "Feature", "geometry": {"type": "Polygon", "coordinates": [[[153.05, -27.31], [153.06, -27.31], [153.06, -27.3], [153.05, -27.3], [153.05, -27.31]]]}, "properties": {"count": 1780, "intensity": 0.0124}}, {"type": "Feature", "geometry": {"type": "Polygon", "coordinates": [[[153.05, -27.32], [153.06, -27.32], [153.06, -27.31], [153.05, -27.31], [153.05, -27.32]]]}, "properties": {"count": 1010, "intensity": 0.0071}}, {"type": "Feature", "geometry": {"type": "Polygon", "coordinates": [[[153.04, -27.31], [153.05, -27.31], [153.05, -27.3], [153.04, -27.3], [153.04, -27.31]]]}, "properties": {"count": 2020, "intensity": 0.0141}}, {"type": "Feature", "geometry": {"type": "Polygon", "coordinates": [[[153.05, -27.3], [153.06, -27.3], [153.06, -27.29], [153.05, -27.29], [153.05, -27.3]]]}, "properties": {"count": 1464, "intensity": 0.0102}}, {"type": "Feature", "geometry": {"type": "Polygon", "coordinates": [[[153.06, -27.33], [153.07, -27.33], [153.07, -27.32], [153.06, -27.32], [153.06, -27.33]]]}, "properties": {"count": 7844, "intensity": 0.0548}}, {"type": "Feature", "geometry": {"type": "Polygon", "coordinates": [[[152.93, -27.61], [152.94, -27.61], [152.94, -27.6], [152.93, -27.6], [152.93, -27.61]]]}, "properties": {"count": 685, "intensity": 0.0048}}, {"type": "Feature", "geometry": {"type": "Polygon", "coordinates": [[[152.96, -27.36], [152.97, -27.36], [152.97, -27.35], [152.96, -27.35], [152.96, -27.36]]]}, "properties": {"count": 2036, "intensity": 0.0142}}, {"type": "Feature", "geometry": {"type": "Polygon", "coordinates": [[[152.97, -27.4], [152.98, -27.4], [152.98, -27.39], [152.97, -27.39], [152.97, -27.4]]]}, "properties": {"count": 3592, "intensity": 0.0251}}, {"type": "Feature", "geometry": {"type": "Polygon", "coordinates": [[[153.04, -27.38], [153.05, -27.38], [153.05, -27.37], [153.04, -27.37], [153.04, -27.38]]]}, "properties": {"count": 4566, "intensity": 0.0319}}, {"type": "Feature", "geometry": {"type": "Polygon", "coordinates": [[[153.04, -27.37], [153.05, -27.37], [153.05, -27.36], [153.04, -27.36], [153.04, -27.37]]]}, "properties": {"count": 4243, "intensity": 0.0296}}, {"type": "Feature", "geometry": {"type": "Polygon", "coordinates": [[[153.02, -27.59], [153.03, -27.59], [153.03, -27.58], [153.02, -27.58], [153.02, -27.59]]]}, "properties": {"count": 5734, "intensity": 0.04}}, {"type": "Feature", "geometry": {"type": "Polygon", "coordinates": [[[153.02, -27.31], [153.03, -27.31], [153.03, -27.3], [153.02, -27.3], [153.02, -27.31]]]}, "properties": {"count": 153, "intensity": 0.0011}}, {"type": "Feature", "geometry": {"type": "Polygon", "coordinates": [[[153.02, -27.32], [153.03, -27.32], [153.03, -27.31], [153.02, -27.31], [153.02, -27.32]]]}, "properties": {"count": 4461, "intensity": 0.0312}}, {"type": "Feature", "geometry": {"type": "Polygon", "coordinates": [[[153.02, -27.34], [153.03, -27.34], [153.03, -27.33], [153.02, -27.33], [153.02, -27.34]]]}, "properties": {"count": 765, "intensity": 0.0053}}, {"type": "Feature", "geometry": {"type": "Polygon", "coordinates": [[[153.03, -27.33], [153.04, -27.33], [153.04, -27.32], [153.03, -27.32], [153.03, -27.33]]]}, "properties": {"count": 4875, "intensity": 0.034}}, {"type": "Feature", "geometry": {"type": "Polygon", "coordinates": [[[153.03, -27.34], [153.04, -27.34], [153.04, -27.33], [153.03, -27.33], [153.03, -27.34]]]}, "properties": {"count": 711, "intensity": 0.005}}, {"type": "Feature", "geometry": {"type": "Polygon", "coordinates": [[[153.05, -27.35], [153.06, -27.35], [153.06, -27.34], [153.05, -27.34], [153.05, -27.35]]]}, "properties": {"count": 3492, "intensity": 0.0244}}, {"type": "Feature", "geometry": {"type": "Polygon", "coordinates": [[[152.93, -27.49], [152.94, -27.49], [152.94, -27.48], [152.93, -27.48], [152.93, -27.49]]]}, "properties": {"count": 1336, "intensity": 0.0093}}, {"type": "Feature", "geometry": {"type": "Polygon", "coordinates": [[[152.93, -27.5], [152.94, -27.5], [152.94, -27.49], [152.93, -27.49], [152.93, -27.5]]]}, "properties": {"count": 668, "intensity": 0.0047}}, {"type": "Feature", "geometry": {"type": "Polygon", "coordinates": [[[153.16, -27.47], [153.17, -27.47], [153.17, -27.46], [153.16, -27.46], [153.16, -27.47]]]}, "properties": {"count": 3538, "intensity": 0.0247}}, {"type": "Feature", "geometry": {"type": "Polygon", "coordinates": [[[153.15, -27.47], [153.16, -27.47], [153.16, -27.46], [153.15, -27.46], [153.15, -27.47]]]}, "properties": {"count": 2804, "intensity": 0.0196}}, {"type": "Feature", "geometry": {"type": "Polygon", "coordinates": [[[153.15, -27.48], [153.16, -27.48], [153.16, -27.47], [153.15, -27.47], [153.15, -27.48]]]}, "properties": {"count": 1508, "intensity": 0.0105}}, {"type": "Feature", "geometry": {"type": "Polygon", "coordinates": [[[153.15, -27.46], [153.16, -27.46], [153.16, -27.45], [153.15, -27.45], [153.15, -27.46]]]}, "properties": {"count": 6074, "intensity": 0.0424}}, {"type": "Feature", "geometry": {"type": "Polygon", "coordinates": [[[153.04, -27.57], [153.05, -27.57], [153.05, -27.56], [153.04, -27.56], [153.04, -27.57]]]}, "properties": {"count": 11123, "intensity": 0.0777}}, {"type": "Feature", "geometry": {"type": "Polygon", "coordinates": [[[153.11, -27.52], [153.12, -27.52], [153.12, -27.51], [153.11, -27.51], [153.11, -27.52]]]}, "properties": {"count": 2689, "intensity": 0.0188}}, {"type": "Feature", "geometry": {"type": "Polygon", "coordinates": [[[153.11, -27.53], [153.12, -27.53], [153.12, -27.52], [153.11, -27.52], [153.11, -27.53]]]}, "properties": {"count": 8387, "intensity": 0.0586}}, {"type": "Feature", "geometry": {"type": "Polygon", "coordinates": [[[153.06, -27.58], [153.07, -27.58], [153.07, -27.57], [153.06, -27.57], [153.06, -27.58]]]}, "properties": {"count": 17456, "intensity": 0.1219}}, {"type": "Feature", "geometry": {"type": "Polygon", "coordinates": [[[153.07, -27.58], [153.08, -27.58], [153.08, -27.57], [153.07, -27.57], [153.07, -27.58]]]}, "properties": {"count": 1524, "intensity": 0.0106}}, {"type": "Feature", "geometry": {"type": "Polygon", "coordinates": [[[153.08, -27.58], [153.09, -27.58], [153.09, -27.57], [153.08, -27.57], [153.08, -27.58]]]}, "properties": {"count": 9773, "intensity": 0.0683}}, {"type": "Feature", "geometry": {"type": "Polygon", "coordinates": [[[153.05, -27.58], [153.06, -27.58], [153.06, -27.57], [153.05, -27.57], [153.05, -27.58]]]}, "properties": {"count": 6019, "intensity": 0.042}}, {"type": "Feature", "geometry": {"type": "Polygon", "coordinates": [[[153.03, -27.38], [153.04, -27.38], [153.04, -27.37], [153.03, -27.37], [153.03, -27.38]]]}, "properties": {"count": 5210, "intensity": 0.0364}}, {"type": "Feature", "geometry": {"type": "Polygon", "coordinates": [[[153.05, -27.64], [153.06, -27.64], [153.06, -27.63], [153.05, -27.63], [153.05, -27.64]]]}, "properties": {"count": 8396, "intensity": 0.0586}}, {"type": "Feature", "geometry": {"type": "Polygon", "coordinates": [[[153.05, -27.62], [153.06, -27.62], [153.06, -27.61], [153.05, -27.61], [153.05, -27.62]]]}, "properties": {"count": 4969, "intensity": 0.0347}}, {"type": "Feature", "geometry": {"type": "Polygon", "coordinates": [[[153.02, -27.64], [153.03, -27.64], [153.03, -27.63], [153.02, -27.63], [153.02, -27.64]]]}, "properties": {"count": 5121, "intensity": 0.0358}}, {"type": "Feature", "geometry": {"type": "Polygon", "coordinates": [[[153.04, -27.63], [153.05, -27.63], [153.05, -27.62], [153.04, -27.62], [153.04, -27.63]]]}, "properties": {"count": 3383, "intensity": 0.0236}}, {"type": "Feature", "geometry": {"type": "Polygon", "coordinates": [[[153.03, -27.45], [153.04, -27.45], [153.04, -27.44], [153.03, -27.44], [153.03, -27.45]]]}, "properties": {"count": 13808, "intensity": 0.0964}}, {"type": "Feature", "geometry": {"type": "Polygon", "coordinates": [[[152.95, -27.54], [152.96, -27.54], [152.96, -27.53], [152.95, -27.53], [152.95, -27.54]]]}, "properties": {"count": 912, "intensity": 0.0064}}, {"type": "Feature", "geometry": {"type": "Polygon", "coordinates": [[[153.02, -27.45], [153.03, -27.45], [153.03, -27.44], [153.02, -27.44], [153.02, -27.45]]]}, "properties": {"count": 28865, "intensity": 0.2016}}, {"type": "Feature", "geometry": {"type": "Polygon", "coordinates": [[[153.03, -27.64], [153.04, -27.64], [153.04, -27.63], [153.03, -27.63], [153.03, -27.64]]]}, "properties": {"count": 4104, "intensity": 0.0287}}, {"type": "Feature", "geometry": {"type": "Polygon", "coordinates": [[[153.04, -27.64], [153.05, -27.64], [153.05, -27.63], [153.04, -27.63], [153.04, -27.64]]]}, "properties": {"count": 16135, "intensity": 0.1127}}, {"type": "Feature", "geometry": {"type": "Polygon", "coordinates": [[[152.95, -27.56], [152.96, -27.56], [152.96, -27.55], [152.95, -27.55], [152.95, -27.56]]]}, "properties": {"count": 1030, "intensity": 0.0072}}, {"type": "Feature", "geometry": {"type": "Polygon", "coordinates": [[[153.12, -27.55], [153.13, -27.55], [153.13, -27.54], [153.12, -27.54], [153.12, -27.55]]]}, "properties": {"count": 2051, "intensity": 0.0143}}, {"type": "Feature", "geometry": {"type": "Polygon", "coordinates": [[[153.15, -27.5], [153.16, -27.5], [153.16, -27.49], [153.15, -27.49], [153.15, -27.5]]]}, "properties": {"count": 385, "intensity": 0.0027}}, {"type": "Feature", "geometry": {"type": "Polygon", "coordinates": [[[153.16, -27.5], [153.17, -27.5], [153.17, -27.49], [153.16, -27.49], [153.16, -27.5]]]}, "properties": {"count": 349, "intensity": 0.0024}}, {"type": "Feature", "geometry": {"type": "Polygon", "coordinates": [[[153.15, -27.51], [153.16, -27.51], [153.16, -27.5], [153.15, -27.5], [153.15, -27.51]]]}, "properties": {"count": 18, "intensity": 0.0001}}, {"type": "Feature", "geometry": {"type": "Polygon", "coordinates": [[[153.03, -27.5], [153.04, -27.5], [153.04, -27.49], [153.03, -27.49], [153.03, -27.5]]]}, "properties": {"count": 49341, "intensity": 0.3446}}, {"type": "Feature", "geometry": {"type": "Polygon", "coordinates": [[[153.04, -27.52], [153.05, -27.52], [153.05, -27.51], [153.04, -27.51], [153.04, -27.52]]]}, "properties": {"count": 11183, "intensity": 0.0781}}, {"type": "Feature", "geometry": {"type": "Polygon", "coordinates": [[[153.05, -27.53], [153.06, -27.53], [153.06, -27.52], [153.05, -27.52], [153.05, -27.53]]]}, "properties": {"count": 10094, "intensity": 0.0705}}, {"type": "Feature", "geometry": {"type": "Polygon", "coordinates": [[[153.06, -27.55], [153.07, -27.55], [153.07, -27.54], [153.06, -27.54], [153.06, -27.55]]]}, "properties": {"count": 20422, "intensity": 0.1426}}, {"type": "Feature", "geometry": {"type": "Polygon", "coordinates": [[[153.1, -27.58], [153.11, -27.58], [153.11, -27.57], [153.1, -27.57], [153.1, -27.58]]]}, "properties": {"count": 8360, "intensity": 0.0584}}, {"type": "Feature", "geometry": {"type": "Polygon", "coordinates": [[[152.95, -27.63], [152.96, -27.63], [152.96, -27.62], [152.95, -27.62], [152.95, -27.63]]]}, "properties": {"count": 5461, "intensity": 0.0381}}, {"type": "Feature", "geometry": {"type": "Polygon", "coordinates": [[[153.05, -27.63], [153.06, -27.63], [153.06, -27.62], [153.05, -27.62], [153.05, -27.63]]]}, "properties": {"count": 3677, "intensity": 0.0257}}, {"type": "Feature", "geometry": {"type": "Polygon", "coordinates": [[[153.03, -27.6], [153.04, -27.6], [153.04, -27.59], [153.03, -27.59], [153.03, -27.6]]]}, "properties": {"count": 784, "intensity": 0.0055}}, {"type": "Feature", "geometry": {"type": "Polygon", "coordinates": [[[153.02, -27.6], [153.03, -27.6], [153.03, -27.59], [153.02, -27.59], [153.02, -27.6]]]}, "properties": {"count": 4200, "intensity": 0.0293}}, {"type": "Feature", "geometry": {"type": "Polygon", "coordinates": [[[153.06, -27.34], [153.07, -27.34], [153.07, -27.33], [153.06, -27.33], [153.06, -27.34]]]}, "properties": {"count": 878, "intensity": 0.0061}}, {"type": "Feature", "geometry": {"type": "Polygon", "coordinates": [[[153.08, -27.6], [153.09, -27.6], [153.09, -27.59], [153.08, -27.59], [153.08, -27.6]]]}, "properties": {"count": 9254, "intensity": 0.0646}}, {"type": "Feature", "geometry": {"type": "Polygon", "coordinates": [[[153.09, -27.6], [153.1, -27.6], [153.1, -27.59], [153.09, -27.59], [153.09, -27.6]]]}, "properties": {"count": 646, "intensity": 0.0045}}, {"type": "Feature", "geometry": {"type": "Polygon", "coordinates": [[[153.09, -27.59], [153.1, -27.59], [153.1, -27.58], [153.09, -27.58], [153.09, -27.59]]]}, "properties": {"count": 2305, "intensity": 0.0161}}, {"type": "Feature", "geometry": {"type": "Polygon", "coordinates": [[[153.09, -27.58], [153.1, -27.58], [153.1, -27.57], [153.09, -27.57], [153.09, -27.58]]]}, "properties": {"count": 2678, "intensity": 0.0187}}, {"type": "Feature", "geometry": {"type": "Polygon", "coordinates": [[[153.04, -27.58], [153.05, -27.58], [153.05, -27.57], [153.04, -27.57], [153.04, -27.58]]]}, "properties": {"count": 4748, "intensity": 0.0332}}, {"type": "Feature", "geometry": {"type": "Polygon", "coordinates": [[[153.16, -27.56], [153.17, -27.56], [153.17, -27.55], [153.16, -27.55], [153.16, -27.56]]]}, "properties": {"count": 376, "intensity": 0.0026}}, {"type": "Feature", "geometry": {"type": "Polygon", "coordinates": [[[153.14, -27.56], [153.15, -27.56], [153.15, -27.55], [153.14, -27.55], [153.14, -27.56]]]}, "properties": {"count": 376, "intensity": 0.0026}}, {"type": "Feature", "geometry": {"type": "Polygon", "coordinates": [[[153.13, -27.51], [153.14, -27.51], [153.14, -27.5], [153.13, -27.5], [153.13, -27.51]]]}, "properties": {"count": 828, "intensity": 0.0058}}, {"type": "Feature", "geometry": {"type": "Polygon", "coordinates": [[[153.14, -27.51], [153.15, -27.51], [153.15, -27.5], [153.14, -27.5], [153.14, -27.51]]]}, "properties": {"count": 408, "intensity": 0.0028}}, {"type": "Feature", "geometry": {"type": "Polygon", "coordinates": [[[153.18, -27.52], [153.19, -27.52], [153.19, -27.51], [153.18, -27.51], [153.18, -27.52]]]}, "properties": {"count": 1071, "intensity": 0.0075}}, {"type": "Feature", "geometry": {"type": "Polygon", "coordinates": [[[153.12, -27.56], [153.13, -27.56], [153.13, -27.55], [153.12, -27.55], [153.12, -27.56]]]}, "properties": {"count": 12, "intensity": 0.0001}}, {"type": "Feature", "geometry": {"type": "Polygon", "coordinates": [[[153.02, -27.57], [153.03, -27.57], [153.03, -27.56], [153.02, -27.56], [153.02, -27.57]]]}, "properties": {"count": 752, "intensity": 0.0053}}, {"type": "Feature", "geometry": {"type": "Polygon", "coordinates": [[[153.03, -27.4], [153.04, -27.4], [153.04, -27.39], [153.03, -27.39], [153.03, -27.4]]]}, "properties": {"count": 12320, "intensity": 0.0861}}, {"type": "Feature", "geometry": {"type": "Polygon", "coordinates": [[[153.12, -27.59], [153.13, -27.59], [153.13, -27.58], [153.12, -27.58], [153.12, -27.59]]]}, "properties": {"count": 359, "intensity": 0.0025}}, {"type": "Feature", "geometry": {"type": "Polygon", "coordinates": [[[153.1, -27.51], [153.11, -27.51], [153.11, -27.5], [153.1, -27.5], [153.1, -27.51]]]}, "properties": {"count": 15902, "intensity": 0.1111}}, {"type": "Feature", "geometry": {"type": "Polygon", "coordinates": [[[152.91, -27.54], [152.92, -27.54], [152.92, -27.53], [152.91, -27.53], [152.91, -27.54]]]}, "properties": {"count": 3212, "intensity": 0.0224}}, {"type": "Feature", "geometry": {"type": "Polygon", "coordinates": [[[153.0, -27.4], [153.01, -27.4], [153.01, -27.39], [153.0, -27.39], [153.0, -27.4]]]}, "properties": {"count": 1081, "intensity": 0.0076}}, {"type": "Feature", "geometry": {"type": "Polygon", "coordinates": [[[152.98, -27.42], [152.99, -27.42], [152.99, -27.41], [152.98, -27.41], [152.98, -27.42]]]}, "properties": {"count": 2758, "intensity": 0.0193}}, {"type": "Feature", "geometry": {"type": "Polygon", "coordinates": [[[153.01, -27.55], [153.02, -27.55], [153.02, -27.54], [153.01, -27.54], [153.01, -27.55]]]}, "properties": {"count": 3801, "intensity": 0.0265}}, {"type": "Feature", "geometry": {"type": "Polygon", "coordinates": [[[153.1, -27.46], [153.11, -27.46], [153.11, -27.45], [153.1, -27.45], [153.1, -27.46]]]}, "properties": {"count": 455, "intensity": 0.0032}}, {"type": "Feature", "geometry": {"type": "Polygon", "coordinates": [[[153.03, -27.54], [153.04, -27.54], [153.04, -27.53], [153.03, -27.53], [153.03, -27.54]]]}, "properties": {"count": 1784, "intensity": 0.0125}}, {"type": "Feature", "geometry": {"type": "Polygon", "coordinates": [[[153.09, -27.52], [153.1, -27.52], [153.1, -27.51], [153.09, -27.51], [153.09, -27.52]]]}, "properties": {"count": 4946, "intensity": 0.0345}}, {"type": "Feature", "geometry": {"type": "Polygon", "coordinates": [[[153.1, -27.52], [153.11, -27.52], [153.11, -27.51], [153.1, -27.51], [153.1, -27.52]]]}, "properties": {"count": 3205, "intensity": 0.0224}}, {"type": "Feature", "geometry": {"type": "Polygon", "coordinates": [[[153.07, -27.54], [153.08, -27.54], [153.08, -27.53], [153.07, -27.53], [153.07, -27.54]]]}, "properties": {"count": 12720, "intensity": 0.0888}}, {"type": "Feature", "geometry": {"type": "Polygon", "coordinates": [[[152.97, -27.61], [152.98, -27.61], [152.98, -27.6], [152.97, -27.6], [152.97, -27.61]]]}, "properties": {"count": 6044, "intensity": 0.0422}}, {"type": "Feature", "geometry": {"type": "Polygon", "coordinates": [[[152.97, -27.63], [152.98, -27.63], [152.98, -27.62], [152.97, -27.62], [152.97, -27.63]]]}, "properties": {"count": 5007, "intensity": 0.035}}, {"type": "Feature", "geometry": {"type": "Polygon", "coordinates": [[[152.97, -27.62], [152.98, -27.62], [152.98, -27.61], [152.97, -27.61], [152.97, -27.62]]]}, "properties": {"count": 3420, "intensity": 0.0239}}, {"type": "Feature", "geometry": {"type": "Polygon", "coordinates": [[[152.96, -27.62], [152.97, -27.62], [152.97, -27.61], [152.96, -27.61], [152.96, -27.62]]]}, "properties": {"count": 8017, "intensity": 0.056}}, {"type": "Feature", "geometry": {"type": "Polygon", "coordinates": [[[152.95, -27.62], [152.96, -27.62], [152.96, -27.61], [152.95, -27.61], [152.95, -27.62]]]}, "properties": {"count": 2911, "intensity": 0.0203}}, {"type": "Feature", "geometry": {"type": "Polygon", "coordinates": [[[152.95, -27.61], [152.96, -27.61], [152.96, -27.6], [152.95, -27.6], [152.95, -27.61]]]}, "properties": {"count": 1497, "intensity": 0.0105}}, {"type": "Feature", "geometry": {"type": "Polygon", "coordinates": [[[152.94, -27.61], [152.95, -27.61], [152.95, -27.6], [152.94, -27.6], [152.94, -27.61]]]}, "properties": {"count": 390, "intensity": 0.0027}}, {"type": "Feature", "geometry": {"type": "Polygon", "coordinates": [[[153.17, -27.52], [153.18, -27.52], [153.18, -27.51], [153.17, -27.51], [153.17, -27.52]]]}, "properties": {"count": 723, "intensity": 0.005}}, {"type": "Feature", "geometry": {"type": "Polygon", "coordinates": [[[153.03, -27.42], [153.04, -27.42], [153.04, -27.41], [153.03, -27.41], [153.03, -27.42]]]}, "properties": {"count": 16421, "intensity": 0.1147}}, {"type": "Feature", "geometry": {"type": "Polygon", "coordinates": [[[153.02, -27.42], [153.03, -27.42], [153.03, -27.41], [153.02, -27.41], [153.02, -27.42]]]}, "properties": {"count": 12343, "intensity": 0.0862}}, {"type": "Feature", "geometry": {"type": "Polygon", "coordinates": [[[153.02, -27.49], [153.03, -27.49], [153.03, -27.48], [153.02, -27.48], [153.02, -27.49]]]}, "properties": {"count": 68017, "intensity": 0.4751}}, {"type": "Feature", "geometry": {"type": "Polygon", "coordinates": [[[153.16, -27.51], [153.17, -27.51], [153.17, -27.5], [153.16, -27.5], [153.16, -27.51]]]}, "properties": {"count": 662, "intensity": 0.0046}}, {"type": "Feature", "geometry": {"type": "Polygon", "coordinates": [[[153.04, -27.42], [153.05, -27.42], [153.05, -27.41], [153.04, -27.41], [153.04, -27.42]]]}, "properties": {"count": 14954, "intensity": 0.1044}}, {"type": "Feature", "geometry": {"type": "Polygon", "coordinates": [[[153.04, -27.41], [153.05, -27.41], [153.05, -27.4], [153.04, -27.4], [153.04, -27.41]]]}, "properties": {"count": 3226, "intensity": 0.0225}}, {"type": "Feature", "geometry": {"type": "Polygon", "coordinates": [[[153.03, -27.53], [153.04, -27.53], [153.04, -27.52], [153.03, -27.52], [153.03, -27.53]]]}, "properties": {"count": 3457, "intensity": 0.0241}}, {"type": "Feature", "geometry": {"type": "Polygon", "coordinates": [[[153.05, -27.42], [153.06, -27.42], [153.06, -27.41], [153.05, -27.41], [153.05, -27.42]]]}, "properties": {"count": 10803, "intensity": 0.0755}}, {"type": "Feature", "geometry": {"type": "Polygon", "coordinates": [[[153.05, -27.41], [153.06, -27.41], [153.06, -27.4], [153.05, -27.4], [153.05, -27.41]]]}, "properties": {"count": 6669, "intensity": 0.0466}}, {"type": "Feature", "geometry": {"type": "Polygon", "coordinates": [[[153.06, -27.41], [153.07, -27.41], [153.07, -27.4], [153.06, -27.4], [153.06, -27.41]]]}, "properties": {"count": 10544, "intensity": 0.0736}}, {"type": "Feature", "geometry": {"type": "Polygon", "coordinates": [[[153.05, -27.43], [153.06, -27.43], [153.06, -27.42], [153.05, -27.42], [153.05, -27.43]]]}, "properties": {"count": 8180, "intensity": 0.0571}}, {"type": "Feature", "geometry": {"type": "Polygon", "coordinates": [[[153.04, -27.43], [153.05, -27.43], [153.05, -27.42], [153.04, -27.42], [153.04, -27.43]]]}, "properties": {"count": 7842, "intensity": 0.0548}}, {"type": "Feature", "geometry": {"type": "Polygon", "coordinates": [[[153.04, -27.44], [153.05, -27.44], [153.05, -27.43], [153.04, -27.43], [153.04, -27.44]]]}, "properties": {"count": 9180, "intensity": 0.0641}}, {"type": "Feature", "geometry": {"type": "Polygon", "coordinates": [[[153.03, -27.47], [153.04, -27.47], [153.04, -27.46], [153.03, -27.46], [153.03, -27.47]]]}, "properties": {"count": 50488, "intensity": 0.3526}}, {"type": "Feature", "geometry": {"type": "Polygon", "coordinates": [[[153.05, -27.45], [153.06, -27.45], [153.06, -27.44], [153.05, -27.44], [153.05, -27.45]]]}, "properties": {"count": 4156, "intensity": 0.029}}, {"type": "Feature", "geometry": {"type": "Polygon", "coordinates": [[[152.94, -27.6], [152.95, -27.6], [152.95, -27.59], [152.94, -27.59], [152.94, -27.6]]]}, "properties": {"count": 2139, "intensity": 0.0149}}, {"type": "Feature", "geometry": {"type": "Polygon", "coordinates": [[[152.95, -27.6], [152.96, -27.6], [152.96, -27.59], [152.95, -27.59], [152.95, -27.6]]]}, "properties": {"count": 1536, "intensity": 0.0107}}, {"type": "Feature", "geometry": {"type": "Polygon", "coordinates": [[[153.03, -27.44], [153.04, -27.44], [153.04, -27.43], [153.03, -27.43], [153.03, -27.44]]]}, "properties": {"count": 19734, "intensity": 0.1378}}, {"type": "Feature", "geometry": {"type": "Polygon", "coordinates": [[[153.03, -27.35], [153.04, -27.35], [153.04, -27.34], [153.03, -27.34], [153.03, -27.35]]]}, "properties": {"count": 616, "intensity": 0.0043}}, {"type": "Feature", "geometry": {"type": "Polygon", "coordinates": [[[153.08, -27.39], [153.09, -27.39], [153.09, -27.38], [153.08, -27.38], [153.08, -27.39]]]}, "properties": {"count": 1980, "intensity": 0.0138}}, {"type": "Feature", "geometry": {"type": "Polygon", "coordinates": [[[152.95, -27.59], [152.96, -27.59], [152.96, -27.58], [152.95, -27.58], [152.95, -27.59]]]}, "properties": {"count": 624, "intensity": 0.0044}}, {"type": "Feature", "geometry": {"type": "Polygon", "coordinates": [[[152.93, -27.58], [152.94, -27.58], [152.94, -27.57], [152.93, -27.57], [152.93, -27.58]]]}, "properties": {"count": 48, "intensity": 0.0003}}, {"type": "Feature", "geometry": {"type": "Polygon", "coordinates": [[[152.99, -27.64], [153.0, -27.64], [153.0, -27.63], [152.99, -27.63], [152.99, -27.64]]]}, "properties": {"count": 4074, "intensity": 0.0285}}, {"type": "Feature", "geometry": {"type": "Polygon", "coordinates": [[[152.98, -27.64], [152.99, -27.64], [152.99, -27.63], [152.98, -27.63], [152.98, -27.64]]]}, "properties": {"count": 2460, "intensity": 0.0172}}, {"type": "Feature", "geometry": {"type": "Polygon", "coordinates": [[[152.99, -27.6], [153.0, -27.6], [153.0, -27.59], [152.99, -27.59], [152.99, -27.6]]]}, "properties": {"count": 1034, "intensity": 0.0072}}, {"type": "Feature", "geometry": {"type": "Polygon", "coordinates": [[[152.94, -27.58], [152.95, -27.58], [152.95, -27.57], [152.94, -27.57], [152.94, -27.58]]]}, "properties": {"count": 96, "intensity": 0.0007}}, {"type": "Feature", "geometry": {"type": "Polygon", "coordinates": [[[153.04, -27.66], [153.05, -27.66], [153.05, -27.65], [153.04, -27.65], [153.04, -27.66]]]}, "properties": {"count": 616, "intensity": 0.0043}}, {"type": "Feature", "geometry": {"type": "Polygon", "coordinates": [[[153.05, -27.66], [153.06, -27.66], [153.06, -27.65], [153.05, -27.65], [153.05, -27.66]]]}, "properties": {"count": 616, "intensity": 0.0043}}, {"type": "Feature", "geometry": {"type": "Polygon", "coordinates": [[[153.06, -27.66], [153.07, -27.66], [153.07, -27.65], [153.06, -27.65], [153.06, -27.66]]]}, "properties": {"count": 308, "intensity": 0.0022}}, {"type": "Feature", "geometry": {"type": "Polygon", "coordinates": [[[153.11, -27.54], [153.12, -27.54], [153.12, -27.53], [153.11, -27.53], [153.11, -27.54]]]}, "properties": {"count": 440, "intensity": 0.0031}}, {"type": "Feature", "geometry": {"type": "Polygon", "coordinates": [[[152.98, -27.62], [152.99, -27.62], [152.99, -27.61], [152.98, -27.61], [152.98, -27.62]]]}, "properties": {"count": 304, "intensity": 0.0021}}, {"type": "Feature", "geometry": {"type": "Polygon", "coordinates": [[[152.94, -27.41], [152.95, -27.41], [152.95, -27.4], [152.94, -27.4], [152.94, -27.41]]]}, "properties": {"count": 1171, "intensity": 0.0082}}, {"type": "Feature", "geometry": {"type": "Polygon", "coordinates": [[[152.94, -27.4], [152.95, -27.4], [152.95, -27.39], [152.94, -27.39], [152.94, -27.4]]]}, "properties": {"count": 1872, "intensity": 0.0131}}, {"type": "Feature", "geometry": {"type": "Polygon", "coordinates": [[[152.94, -27.39], [152.95, -27.39], [152.95, -27.38], [152.94, -27.38], [152.94, -27.39]]]}, "properties": {"count": 636, "intensity": 0.0044}}, {"type": "Feature", "geometry": {"type": "Polygon", "coordinates": [[[153.08, -27.33], [153.09, -27.33], [153.09, -27.32], [153.08, -27.32], [153.08, -27.33]]]}, "properties": {"count": 2606, "intensity": 0.0182}}, {"type": "Feature", "geometry": {"type": "Polygon", "coordinates": [[[153.05, -27.65], [153.06, -27.65], [153.06, -27.64], [153.05, -27.64], [153.05, -27.65]]]}, "properties": {"count": 1138, "intensity": 0.0079}}, {"type": "Feature", "geometry": {"type": "Polygon", "coordinates": [[[153.14, -27.49], [153.15, -27.49], [153.15, -27.48], [153.14, -27.48], [153.14, -27.49]]]}, "properties": {"count": 564, "intensity": 0.0039}}, {"type": "Feature", "geometry": {"type": "Polygon", "coordinates": [[[153.15, -27.49], [153.16, -27.49], [153.16, -27.48], [153.15, -27.48], [153.15, -27.49]]]}, "properties": {"count": 188, "intensity": 0.0013}}, {"type": "Feature", "geometry": {"type": "Polygon", "coordinates": [[[153.16, -27.49], [153.17, -27.49], [153.17, -27.48], [153.16, -27.48], [153.16, -27.49]]]}, "properties": {"count": 149, "intensity": 0.001}}, {"type": "Feature", "geometry": {"type": "Polygon", "coordinates": [[[153.19, -27.49], [153.2, -27.49], [153.2, -27.48], [153.19, -27.48], [153.19, -27.49]]]}, "properties": {"count": 1221, "intensity": 0.0085}}, {"type": "Feature", "geometry": {"type": "Polygon", "coordinates": [[[153.01, -27.34], [153.02, -27.34], [153.02, -27.33], [153.01, -27.33], [153.01, -27.34]]]}, "properties": {"count": 80, "intensity": 0.0006}}, {"type": "Feature", "geometry": {"type": "Polygon", "coordinates": [[[153.0, -27.34], [153.01, -27.34], [153.01, -27.33], [153.0, -27.33], [153.0, -27.34]]]}, "properties": {"count": 1128, "intensity": 0.0079}}, {"type": "Feature", "geometry": {"type": "Polygon", "coordinates": [[[153.01, -27.5], [153.02, -27.5], [153.02, -27.49], [153.01, -27.49], [153.01, -27.5]]]}, "properties": {"count": 15684, "intensity": 0.1095}}, {"type": "Feature", "geometry": {"type": "Polygon", "coordinates": [[[153.02, -27.5], [153.03, -27.5], [153.03, -27.49], [153.02, -27.49], [153.02, -27.5]]]}, "properties": {"count": 24992, "intensity": 0.1746}}, {"type": "Feature", "geometry": {"type": "Polygon", "coordinates": [[[152.93, -27.57], [152.94, -27.57], [152.94, -27.56], [152.93, -27.56], [152.93, -27.57]]]}, "properties": {"count": 316, "intensity": 0.0022}}, {"type": "Feature", "geometry": {"type": "Polygon", "coordinates": [[[152.92, -27.57], [152.93, -27.57], [152.93, -27.56], [152.92, -27.56], [152.92, -27.57]]]}, "properties": {"count": 158, "intensity": 0.0011}}, {"type": "Feature", "geometry": {"type": "Polygon", "coordinates": [[[152.91, -27.57], [152.92, -27.57], [152.92, -27.56], [152.91, -27.56], [152.91, -27.57]]]}, "properties": {"count": 1866, "intensity": 0.013}}, {"type": "Feature", "geometry": {"type": "Polygon", "coordinates": [[[152.92, -27.56], [152.93, -27.56], [152.93, -27.55], [152.92, -27.55], [152.92, -27.56]]]}, "properties": {"count": 2412, "intensity": 0.0168}}, {"type": "Feature", "geometry": {"type": "Polygon", "coordinates": [[[153.07, -27.57], [153.08, -27.57], [153.08, -27.56], [153.07, -27.56], [153.07, -27.57]]]}, "properties": {"count": 2286, "intensity": 0.016}}, {"type": "Feature", "geometry": {"type": "Polygon", "coordinates": [[[153.09, -27.5], [153.1, -27.5], [153.1, -27.49], [153.09, -27.49], [153.09, -27.5]]]}, "properties": {"count": 6485, "intensity": 0.0453}}, {"type": "Feature", "geometry": {"type": "Polygon", "coordinates": [[[152.92, -27.41], [152.93, -27.41], [152.93, -27.4], [152.92, -27.4], [152.92, -27.41]]]}, "properties": {"count": 1451, "intensity": 0.0101}}, {"type": "Feature", "geometry": {"type": "Polygon", "coordinates": [[[152.92, -27.42], [152.93, -27.42], [152.93, -27.41], [152.92, -27.41], [152.92, -27.42]]]}, "properties": {"count": 1252, "intensity": 0.0087}}, {"type": "Feature", "geometry": {"type": "Polygon", "coordinates": [[[152.94, -27.43], [152.95, -27.43], [152.95, -27.42], [152.94, -27.42], [152.94, -27.43]]]}, "properties": {"count": 304, "intensity": 0.0021}}, {"type": "Feature", "geometry": {"type": "Polygon", "coordinates": [[[152.94, -27.45], [152.95, -27.45], [152.95, -27.44], [152.94, -27.44], [152.94, -27.45]]]}, "properties": {"count": 7770, "intensity": 0.0543}}, {"type": "Feature", "geometry": {"type": "Polygon", "coordinates": [[[152.94, -27.46], [152.95, -27.46], [152.95, -27.45], [152.94, -27.45], [152.94, -27.46]]]}, "properties": {"count": 4028, "intensity": 0.0281}}, {"type": "Feature", "geometry": {"type": "Polygon", "coordinates": [[[152.93, -27.46], [152.94, -27.46], [152.94, -27.45], [152.93, -27.45], [152.93, -27.46]]]}, "properties": {"count": 1408, "intensity": 0.0098}}, {"type": "Feature", "geometry": {"type": "Polygon", "coordinates": [[[152.96, -27.4], [152.97, -27.4], [152.97, -27.39], [152.96, -27.39], [152.96, -27.4]]]}, "properties": {"count": 1684, "intensity": 0.0118}}, {"type": "Feature", "geometry": {"type": "Polygon", "coordinates": [[[152.98, -27.59], [152.99, -27.59], [152.99, -27.58], [152.98, -27.58], [152.98, -27.59]]]}, "properties": {"count": 7399, "intensity": 0.0517}}, {"type": "Feature", "geometry": {"type": "Polygon", "coordinates": [[[153.03, -27.52], [153.04, -27.52], [153.04, -27.51], [153.03, -27.51], [153.03, -27.52]]]}, "properties": {"count": 21097, "intensity": 0.1474}}, {"type": "Feature", "geometry": {"type": "Polygon", "coordinates": [[[153.03, -27.56], [153.04, -27.56], [153.04, -27.55], [153.03, -27.55], [153.03, -27.56]]]}, "properties": {"count": 7428, "intensity": 0.0519}}, {"type": "Feature", "geometry": {"type": "Polygon", "coordinates": [[[153.05, -27.54], [153.06, -27.54], [153.06, -27.53], [153.05, -27.53], [153.05, -27.54]]]}, "properties": {"count": 3249, "intensity": 0.0227}}, {"type": "Feature", "geometry": {"type": "Polygon", "coordinates": [[[153.03, -27.58], [153.04, -27.58], [153.04, -27.57], [153.03, -27.57], [153.03, -27.58]]]}, "properties": {"count": 754, "intensity": 0.0053}}, {"type": "Feature", "geometry": {"type": "Polygon", "coordinates": [[[153.12, -27.52], [153.13, -27.52], [153.13, -27.51], [153.12, -27.51], [153.12, -27.52]]]}, "properties": {"count": 192, "intensity": 0.0013}}, {"type": "Feature", "geometry": {"type": "Polygon", "coordinates": [[[152.95, -27.52], [152.96, -27.52], [152.96, -27.51], [152.95, -27.51], [152.95, -27.52]]]}, "properties": {"count": 3451, "intensity": 0.0241}}, {"type": "Feature", "geometry": {"type": "Polygon", "coordinates": [[[152.98, -27.5], [152.99, -27.5], [152.99, -27.49], [152.98, -27.49], [152.98, -27.5]]]}, "properties": {"count": 16121, "intensity": 0.1126}}, {"type": "Feature", "geometry": {"type": "Polygon", "coordinates": [[[153.0, -27.5], [153.01, -27.5], [153.01, -27.49], [153.0, -27.49], [153.0, -27.5]]]}, "properties": {"count": 12144, "intensity": 0.0848}}, {"type": "Feature", "geometry": {"type": "Polygon", "coordinates": [[[153.18, -27.46], [153.19, -27.46], [153.19, -27.45], [153.18, -27.45], [153.18, -27.46]]]}, "properties": {"count": 2833, "intensity": 0.0198}}, {"type": "Feature", "geometry": {"type": "Polygon", "coordinates": [[[153.18, -27.45], [153.19, -27.45], [153.19, -27.44], [153.18, -27.44], [153.18, -27.45]]]}, "properties": {"count": 120, "intensity": 0.0008}}, {"type": "Feature", "geometry": {"type": "Polygon", "coordinates": [[[153.08, -27.59], [153.09, -27.59], [153.09, -27.58], [153.08, -27.58], [153.08, -27.59]]]}, "properties": {"count": 6440, "intensity": 0.045}}, {"type": "Feature", "geometry": {"type": "Polygon", "coordinates": [[[153.07, -27.59], [153.08, -27.59], [153.08, -27.58], [153.07, -27.58], [153.07, -27.59]]]}, "properties": {"count": 568, "intensity": 0.004}}, {"type": "Feature", "geometry": {"type": "Polygon", "coordinates": [[[153.07, -27.6], [153.08, -27.6], [153.08, -27.59], [153.07, -27.59], [153.07, -27.6]]]}, "properties": {"count": 3918, "intensity": 0.0274}}, {"type": "Feature", "geometry": {"type": "Polygon", "coordinates": [[[153.06, -27.6], [153.07, -27.6], [153.07, -27.59], [153.06, -27.59], [153.06, -27.6]]]}, "properties": {"count": 4178, "intensity": 0.0292}}, {"type": "Feature", "geometry": {"type": "Polygon", "coordinates": [[[153.06, -27.61], [153.07, -27.61], [153.07, -27.6], [153.06, -27.6], [153.06, -27.61]]]}, "properties": {"count": 6180, "intensity": 0.0432}}, {"type": "Feature", "geometry": {"type": "Polygon", "coordinates": [[[153.05, -27.61], [153.06, -27.61], [153.06, -27.6], [153.05, -27.6], [153.05, -27.61]]]}, "properties": {"count": 11356, "intensity": 0.0793}}, {"type": "Feature", "geometry": {"type": "Polygon", "coordinates": [[[153.1, -27.54], [153.11, -27.54], [153.11, -27.53], [153.1, -27.53], [153.1, -27.54]]]}, "properties": {"count": 7041, "intensity": 0.0492}}, {"type": "Feature", "geometry": {"type": "Polygon", "coordinates": [[[152.97, -27.6], [152.98, -27.6], [152.98, -27.59], [152.97, -27.59], [152.97, -27.6]]]}, "properties": {"count": 16320, "intensity": 0.114}}, {"type": "Feature", "geometry": {"type": "Polygon", "coordinates": [[[152.87, -27.57], [152.88, -27.57], [152.88, -27.56], [152.87, -27.56], [152.87, -27.57]]]}, "properties": {"count": 6453, "intensity": 0.0451}}, {"type": "Feature", "geometry": {"type": "Polygon", "coordinates": [[[152.86, -27.57], [152.87, -27.57], [152.87, -27.56], [152.86, -27.56], [152.86, -27.57]]]}, "properties": {"count": 4302, "intensity": 0.03}}, {"type": "Feature", "geometry": {"type": "Polygon", "coordinates": [[[153.16, -27.48], [153.17, -27.48], [153.17, -27.47], [153.16, -27.47], [153.16, -27.48]]]}, "properties": {"count": 1387, "intensity": 0.0097}}, {"type": "Feature", "geometry": {"type": "Polygon", "coordinates": [[[152.91, -27.5], [152.92, -27.5], [152.92, -27.49], [152.91, -27.49], [152.91, -27.5]]]}, "properties": {"count": 1272, "intensity": 0.0089}}, {"type": "Feature", "geometry": {"type": "Polygon", "coordinates": [[[152.91, -27.51], [152.92, -27.51], [152.92, -27.5], [152.91, -27.5], [152.91, -27.51]]]}, "properties": {"count": 787, "intensity": 0.0055}}, {"type": "Feature", "geometry": {"type": "Polygon", "coordinates": [[[152.91, -27.52], [152.92, -27.52], [152.92, -27.51], [152.91, -27.51], [152.91, -27.52]]]}, "properties": {"count": 318, "intensity": 0.0022}}, {"type": "Feature", "geometry": {"type": "Polygon", "coordinates": [[[153.03, -27.67], [153.04, -27.67], [153.04, -27.66], [153.03, -27.66], [153.03, -27.67]]]}, "properties": {"count": 5300, "intensity": 0.037}}, {"type": "Feature", "geometry": {"type": "Polygon", "coordinates": [[[153.02, -27.52], [153.03, -27.52], [153.03, -27.51], [153.02, -27.51], [153.02, -27.52]]]}, "properties": {"count": 6634, "intensity": 0.0463}}, {"type": "Feature", "geometry": {"type": "Polygon", "coordinates": [[[153.0, -27.52], [153.01, -27.52], [153.01, -27.51], [153.0, -27.51], [153.0, -27.52]]]}, "properties": {"count": 2505, "intensity": 0.0175}}, {"type": "Feature", "geometry": {"type": "Polygon", "coordinates": [[[153.02, -27.51], [153.03, -27.51], [153.03, -27.5], [153.02, -27.5], [153.02, -27.51]]]}, "properties": {"count": 34027, "intensity": 0.2377}}, {"type": "Feature", "geometry": {"type": "Polygon", "coordinates": [[[153.06, -27.56], [153.07, -27.56], [153.07, -27.55], [153.06, -27.55], [153.06, -27.56]]]}, "properties": {"count": 11388, "intensity": 0.0795}}, {"type": "Feature", "geometry": {"type": "Polygon", "coordinates": [[[153.1, -27.57], [153.11, -27.57], [153.11, -27.56], [153.1, -27.56], [153.1, -27.57]]]}, "properties": {"count": 351, "intensity": 0.0025}}, {"type": "Feature", "geometry": {"type": "Polygon", "coordinates": [[[152.93, -27.53], [152.94, -27.53], [152.94, -27.52], [152.93, -27.52], [152.93, -27.53]]]}, "properties": {"count": 2580, "intensity": 0.018}}, {"type": "Feature", "geometry": {"type": "Polygon", "coordinates": [[[153.17, -27.48], [153.18, -27.48], [153.18, -27.47], [153.17, -27.47], [153.17, -27.48]]]}, "properties": {"count": 716, "intensity": 0.005}}, {"type": "Feature", "geometry": {"type": "Polygon", "coordinates": [[[153.16, -27.43], [153.17, -27.43], [153.17, -27.42], [153.16, -27.42], [153.16, -27.43]]]}, "properties": {"count": 528, "intensity": 0.0037}}, {"type": "Feature", "geometry": {"type": "Polygon", "coordinates": [[[153.14, -27.45], [153.15, -27.45], [153.15, -27.44], [153.14, -27.44], [153.14, -27.45]]]}, "properties": {"count": 2749, "intensity": 0.0192}}, {"type": "Feature", "geometry": {"type": "Polygon", "coordinates": [[[152.94, -27.63], [152.95, -27.63], [152.95, -27.62], [152.94, -27.62], [152.94, -27.63]]]}, "properties": {"count": 962, "intensity": 0.0067}}, {"type": "Feature", "geometry": {"type": "Polygon", "coordinates": [[[152.93, -27.6], [152.94, -27.6], [152.94, -27.59], [152.93, -27.59], [152.93, -27.6]]]}, "properties": {"count": 408, "intensity": 0.0028}}, {"type": "Feature", "geometry": {"type": "Polygon", "coordinates": [[[152.92, -27.59], [152.93, -27.59], [152.93, -27.58], [152.92, -27.58], [152.92, -27.59]]]}, "properties": {"count": 936, "intensity": 0.0065}}, {"type": "Feature", "geometry": {"type": "Polygon", "coordinates": [[[152.92, -27.6], [152.93, -27.6], [152.93, -27.59], [152.92, -27.59], [152.92, -27.6]]]}, "properties": {"count": 408, "intensity": 0.0028}}, {"type": "Feature", "geometry": {"type": "Polygon", "coordinates": [[[152.91, -27.61], [152.92, -27.61], [152.92, -27.6], [152.91, -27.6], [152.91, -27.61]]]}, "properties": {"count": 936, "intensity": 0.0065}}, {"type": "Feature", "geometry": {"type": "Polygon", "coordinates": [[[152.95, -27.39], [152.96, -27.39], [152.96, -27.38], [152.95, -27.38], [152.95, -27.39]]]}, "properties": {"count": 1274, "intensity": 0.0089}}, {"type": "Feature", "geometry": {"type": "Polygon", "coordinates": [[[153.04, -27.67], [153.05, -27.67], [153.05, -27.66], [153.04, -27.66], [153.04, -27.67]]]}, "properties": {"count": 7497, "intensity": 0.0524}}, {"type": "Feature", "geometry": {"type": "Polygon", "coordinates": [[[152.96, -27.39], [152.97, -27.39], [152.97, -27.38], [152.96, -27.38], [152.96, -27.39]]]}, "properties": {"count": 588, "intensity": 0.0041}}, {"type": "Feature", "geometry": {"type": "Polygon", "coordinates": [[[152.91, -27.43], [152.92, -27.43], [152.92, -27.42], [152.91, -27.42], [152.91, -27.43]]]}, "properties": {"count": 531, "intensity": 0.0037}}, {"type": "Feature", "geometry": {"type": "Polygon", "coordinates": [[[152.92, -27.43], [152.93, -27.43], [152.93, -27.42], [152.92, -27.42], [152.92, -27.43]]]}, "properties": {"count": 313, "intensity": 0.0022}}, {"type": "Feature", "geometry": {"type": "Polygon", "coordinates": [[[153.13, -27.56], [153.14, -27.56], [153.14, -27.55], [153.13, -27.55], [153.13, -27.56]]]}, "properties": {"count": 24, "intensity": 0.0002}}, {"type": "Feature", "geometry": {"type": "Polygon", "coordinates": [[[153.13, -27.57], [153.14, -27.57], [153.14, -27.56], [153.13, -27.56], [153.13, -27.57]]]}, "properties": {"count": 24, "intensity": 0.0002}}, {"type": "Feature", "geometry": {"type": "Polygon", "coordinates": [[[153.13, -27.58], [153.14, -27.58], [153.14, -27.57], [153.13, -27.57], [153.13, -27.58]]]}, "properties": {"count": 24, "intensity": 0.0002}}, {"type": "Feature", "geometry": {"type": "Polygon", "coordinates": [[[152.98, -27.47], [152.99, -27.47], [152.99, -27.46], [152.98, -27.46], [152.98, -27.47]]]}, "properties": {"count": 5865, "intensity": 0.041}}, {"type": "Feature", "geometry": {"type": "Polygon", "coordinates": [[[152.97, -27.47], [152.98, -27.47], [152.98, -27.46], [152.97, -27.46], [152.97, -27.47]]]}, "properties": {"count": 3065, "intensity": 0.0214}}, {"type": "Feature", "geometry": {"type": "Polygon", "coordinates": [[[152.98, -27.48], [152.99, -27.48], [152.99, -27.47], [152.98, -27.47], [152.98, -27.48]]]}, "properties": {"count": 3426, "intensity": 0.0239}}, {"type": "Feature", "geometry": {"type": "Polygon", "coordinates": [[[152.97, -27.48], [152.98, -27.48], [152.98, -27.47], [152.97, -27.47], [152.97, -27.48]]]}, "properties": {"count": 2447, "intensity": 0.0171}}, {"type": "Feature", "geometry": {"type": "Polygon", "coordinates": [[[153.14, -27.46], [153.15, -27.46], [153.15, -27.45], [153.14, -27.45], [153.14, -27.46]]]}, "properties": {"count": 712, "intensity": 0.005}}, {"type": "Feature", "geometry": {"type": "Polygon", "coordinates": [[[153.14, -27.47], [153.15, -27.47], [153.15, -27.46], [153.14, -27.46], [153.14, -27.47]]]}, "properties": {"count": 744, "intensity": 0.0052}}, {"type": "Feature", "geometry": {"type": "Polygon", "coordinates": [[[153.16, -27.45], [153.17, -27.45], [153.17, -27.44], [153.16, -27.44], [153.16, -27.45]]]}, "properties": {"count": 1268, "intensity": 0.0089}}, {"type": "Feature", "geometry": {"type": "Polygon", "coordinates": [[[152.97, -27.37], [152.98, -27.37], [152.98, -27.36], [152.97, -27.36], [152.97, -27.37]]]}, "properties": {"count": 1144, "intensity": 0.008}}, {"type": "Feature", "geometry": {"type": "Polygon", "coordinates": [[[153.15, -27.45], [153.16, -27.45], [153.16, -27.44], [153.15, -27.44], [153.15, -27.45]]]}, "properties": {"count": 3444, "intensity": 0.0241}}, {"type": "Feature", "geometry": {"type": "Polygon", "coordinates": [[[152.95, -27.49], [152.96, -27.49], [152.96, -27.48], [152.95, -27.48], [152.95, -27.49]]]}, "properties": {"count": 200, "intensity": 0.0014}}, {"type": "Feature", "geometry": {"type": "Polygon", "coordinates": [[[152.99, -27.38], [153.0, -27.38], [153.0, -27.37], [152.99, -27.37], [152.99, -27.38]]]}, "properties": {"count": 741, "intensity": 0.0052}}, {"type": "Feature", "geometry": {"type": "Polygon", "coordinates": [[[152.99, -27.37], [153.0, -27.37], [153.0, -27.36], [152.99, -27.36], [152.99, -27.37]]]}, "properties": {"count": 1122, "intensity": 0.0078}}, {"type": "Feature", "geometry": {"type": "Polygon", "coordinates": [[[152.96, -27.37], [152.97, -27.37], [152.97, -27.36], [152.96, -27.36], [152.96, -27.37]]]}, "properties": {"count": 1308, "intensity": 0.0091}}, {"type": "Feature", "geometry": {"type": "Polygon", "coordinates": [[[152.95, -27.37], [152.96, -27.37], [152.96, -27.36], [152.95, -27.36], [152.95, -27.37]]]}, "properties": {"count": 436, "intensity": 0.003}}, {"type": "Feature", "geometry": {"type": "Polygon", "coordinates": [[[152.95, -27.36], [152.96, -27.36], [152.96, -27.35], [152.95, -27.35], [152.95, -27.36]]]}, "properties": {"count": 872, "intensity": 0.0061}}, {"type": "Feature", "geometry": {"type": "Polygon", "coordinates": [[[152.97, -27.38], [152.98, -27.38], [152.98, -27.37], [152.97, -27.37], [152.97, -27.38]]]}, "properties": {"count": 278, "intensity": 0.0019}}, {"type": "Feature", "geometry": {"type": "Polygon", "coordinates": [[[152.96, -27.34], [152.97, -27.34], [152.97, -27.33], [152.96, -27.33], [152.96, -27.34]]]}, "properties": {"count": 758, "intensity": 0.0053}}, {"type": "Feature", "geometry": {"type": "Polygon", "coordinates": [[[153.13, -27.55], [153.14, -27.55], [153.14, -27.54], [153.13, -27.54], [153.13, -27.55]]]}, "properties": {"count": 376, "intensity": 0.0026}}, {"type": "Feature", "geometry": {"type": "Polygon", "coordinates": [[[153.14, -27.52], [153.15, -27.52], [153.15, -27.51], [153.14, -27.51], [153.14, -27.52]]]}, "properties": {"count": 272, "intensity": 0.0019}}, {"type": "Feature", "geometry": {"type": "Polygon", "coordinates": [[[153.09, -27.61], [153.1, -27.61], [153.1, -27.6], [153.09, -27.6], [153.09, -27.61]]]}, "properties": {"count": 2362, "intensity": 0.0165}}, {"type": "Feature", "geometry": {"type": "Polygon", "coordinates": [[[153.03, -27.48], [153.04, -27.48], [153.04, -27.47], [153.03, -27.47], [153.03, -27.48]]]}, "properties": {"count": 8944, "intensity": 0.0625}}, {"type": "Feature", "geometry": {"type": "Polygon", "coordinates": [[[152.98, -27.44], [152.99, -27.44], [152.99, -27.43], [152.98, -27.43], [152.98, -27.44]]]}, "properties": {"count": 2803, "intensity": 0.0196}}, {"type": "Feature", "geometry": {"type": "Polygon", "coordinates": [[[152.96, -27.33], [152.97, -27.33], [152.97, -27.32], [152.96, -27.32], [152.96, -27.33]]]}, "properties": {"count": 832, "intensity": 0.0058}}, {"type": "Feature", "geometry": {"type": "Polygon", "coordinates": [[[152.93, -27.45], [152.94, -27.45], [152.94, -27.44], [152.93, -27.44], [152.93, -27.45]]]}, "properties": {"count": 10768, "intensity": 0.0752}}, {"type": "Feature", "geometry": {"type": "Polygon", "coordinates": [[[152.96, -27.54], [152.97, -27.54], [152.97, -27.53], [152.96, -27.53], [152.96, -27.54]]]}, "properties": {"count": 2190, "intensity": 0.0153}}, {"type": "Feature", "geometry": {"type": "Polygon", "coordinates": [[[152.96, -27.55], [152.97, -27.55], [152.97, -27.54], [152.96, -27.54], [152.96, -27.55]]]}, "properties": {"count": 730, "intensity": 0.0051}}, {"type": "Feature", "geometry": {"type": "Polygon", "coordinates": [[[152.96, -27.53], [152.97, -27.53], [152.97, -27.52], [152.96, -27.52], [152.96, -27.53]]]}, "properties": {"count": 742, "intensity": 0.0052}}, {"type": "Feature", "geometry": {"type": "Polygon", "coordinates": [[[152.95, -27.53], [152.96, -27.53], [152.96, -27.52], [152.95, -27.52], [152.95, -27.53]]]}, "properties": {"count": 1552, "intensity": 0.0108}}, {"type": "Feature", "geometry": {"type": "Polygon", "coordinates": [[[152.96, -27.51], [152.97, -27.51], [152.97, -27.5], [152.96, -27.5], [152.96, -27.51]]]}, "properties": {"count": 13017, "intensity": 0.0909}}, {"type": "Feature", "geometry": {"type": "Polygon", "coordinates": [[[152.96, -27.52], [152.97, -27.52], [152.97, -27.51], [152.96, -27.51], [152.96, -27.52]]]}, "properties": {"count": 555, "intensity": 0.0039}}, {"type": "Feature", "geometry": {"type": "Polygon", "coordinates": [[[153.06, -27.59], [153.07, -27.59], [153.07, -27.58], [153.06, -27.58], [153.06, -27.59]]]}, "properties": {"count": 11771, "intensity": 0.0822}}, {"type": "Feature", "geometry": {"type": "Polygon", "coordinates": [[[152.95, -27.5], [152.96, -27.5], [152.96, -27.49], [152.95, -27.49], [152.95, -27.5]]]}, "properties": {"count": 1664, "intensity": 0.0116}}, {"type": "Feature", "geometry": {"type": "Polygon", "coordinates": [[[152.97, -27.53], [152.98, -27.53], [152.98, -27.52], [152.97, -27.52], [152.97, -27.53]]]}, "properties": {"count": 3783, "intensity": 0.0264}}, {"type": "Feature", "geometry": {"type": "Polygon", "coordinates": [[[153.09, -27.46], [153.1, -27.46], [153.1, -27.45], [153.09, -27.45], [153.09, -27.46]]]}, "properties": {"count": 864, "intensity": 0.006}}, {"type": "Feature", "geometry": {"type": "Polygon", "coordinates": [[[152.99, -27.53], [153.0, -27.53], [153.0, -27.52], [152.99, -27.52], [152.99, -27.53]]]}, "properties": {"count": 1598, "intensity": 0.0112}}, {"type": "Feature", "geometry": {"type": "Polygon", "coordinates": [[[152.97, -27.51], [152.98, -27.51], [152.98, -27.5], [152.97, -27.5], [152.97, -27.51]]]}, "properties": {"count": 17668, "intensity": 0.1234}}, {"type": "Feature", "geometry": {"type": "Polygon", "coordinates": [[[152.98, -27.51], [152.99, -27.51], [152.99, -27.5], [152.98, -27.5], [152.98, -27.51]]]}, "properties": {"count": 2368, "intensity": 0.0165}}, {"type": "Feature", "geometry": {"type": "Polygon", "coordinates": [[[153.09, -27.47], [153.1, -27.47], [153.1, -27.46], [153.09, -27.46], [153.09, -27.47]]]}, "properties": {"count": 3300, "intensity": 0.023}}, {"type": "Feature", "geometry": {"type": "Polygon", "coordinates": [[[152.99, -27.52], [153.0, -27.52], [153.0, -27.51], [152.99, -27.51], [152.99, -27.52]]]}, "properties": {"count": 682, "intensity": 0.0048}}, {"type": "Feature", "geometry": {"type": "Polygon", "coordinates": [[[152.99, -27.51], [153.0, -27.51], [153.0, -27.5], [152.99, -27.5], [152.99, -27.51]]]}, "properties": {"count": 7109, "intensity": 0.0497}}, {"type": "Feature", "geometry": {"type": "Polygon", "coordinates": [[[152.98, -27.52], [152.99, -27.52], [152.99, -27.51], [152.98, -27.51], [152.98, -27.52]]]}, "properties": {"count": 341, "intensity": 0.0024}}, {"type": "Feature", "geometry": {"type": "Polygon", "coordinates": [[[153.06, -27.57], [153.07, -27.57], [153.07, -27.56], [153.06, -27.56], [153.06, -27.57]]]}, "properties": {"count": 5887, "intensity": 0.0411}}, {"type": "Feature", "geometry": {"type": "Polygon", "coordinates": [[[152.96, -27.5], [152.97, -27.5], [152.97, -27.49], [152.96, -27.49], [152.96, -27.5]]]}, "properties": {"count": 3625, "intensity": 0.0253}}, {"type": "Feature", "geometry": {"type": "Polygon", "coordinates": [[[153.07, -27.33], [153.08, -27.33], [153.08, -27.32], [153.07, -27.32], [153.07, -27.33]]]}, "properties": {"count": 2754, "intensity": 0.0192}}, {"type": "Feature", "geometry": {"type": "Polygon", "coordinates": [[[153.02, -27.46], [153.03, -27.46], [153.03, -27.45], [153.02, -27.45], [153.02, -27.46]]]}, "properties": {"count": 13069, "intensity": 0.0913}}, {"type": "Feature", "geometry": {"type": "Polygon", "coordinates": [[[153.1, -27.59], [153.11, -27.59], [153.11, -27.58], [153.1, -27.58], [153.1, -27.59]]]}, "properties": {"count": 531, "intensity": 0.0037}}, {"type": "Feature", "geometry": {"type": "Polygon", "coordinates": [[[153.1, -27.6], [153.11, -27.6], [153.11, -27.59], [153.1, -27.59], [153.1, -27.6]]]}, "properties": {"count": 1289, "intensity": 0.009}}, {"type": "Feature", "geometry": {"type": "Polygon", "coordinates": [[[153.1, -27.61], [153.11, -27.61], [153.11, -27.6], [153.1, -27.6], [153.1, -27.61]]]}, "properties": {"count": 623, "intensity": 0.0044}}, {"type": "Feature", "geometry": {"type": "Polygon", "coordinates": [[[153.08, -27.61], [153.09, -27.61], [153.09, -27.6], [153.08, -27.6], [153.08, -27.61]]]}, "properties": {"count": 498, "intensity": 0.0035}}, {"type": "Feature", "geometry": {"type": "Polygon", "coordinates": [[[153.12, -27.6], [153.13, -27.6], [153.13, -27.59], [153.12, -27.59], [153.12, -27.6]]]}, "properties": {"count": 2106, "intensity": 0.0147}}, {"type": "Feature", "geometry": {"type": "Polygon", "coordinates": [[[153.03, -27.49], [153.04, -27.49], [153.04, -27.48], [153.03, -27.48], [153.03, -27.49]]]}, "properties": {"count": 35208, "intensity": 0.2459}}, {"type": "Feature", "geometry": {"type": "Polygon", "coordinates": [[[153.12, -27.48], [153.13, -27.48], [153.13, -27.47], [153.12, -27.47], [153.12, -27.48]]]}, "properties": {"count": 5537, "intensity": 0.0387}}, {"type": "Feature", "geometry": {"type": "Polygon", "coordinates": [[[152.99, -27.48], [153.0, -27.48], [153.0, -27.47], [152.99, -27.47], [152.99, -27.48]]]}, "properties": {"count": 6211, "intensity": 0.0434}}, {"type": "Feature", "geometry": {"type": "Polygon", "coordinates": [[[152.99, -27.44], [153.0, -27.44], [153.0, -27.43], [152.99, -27.43], [152.99, -27.44]]]}, "properties": {"count": 1592, "intensity": 0.0111}}, {"type": "Feature", "geometry": {"type": "Polygon", "coordinates": [[[152.98, -27.63], [152.99, -27.63], [152.99, -27.62], [152.98, -27.62], [152.98, -27.63]]]}, "properties": {"count": 1102, "intensity": 0.0077}}, {"type": "Feature", "geometry": {"type": "Polygon", "coordinates": [[[153.08, -27.45], [153.09, -27.45], [153.09, -27.44], [153.08, -27.44], [153.08, -27.45]]]}, "properties": {"count": 1720, "intensity": 0.012}}, {"type": "Feature", "geometry": {"type": "Polygon", "coordinates": [[[153.07, -27.45], [153.08, -27.45], [153.08, -27.44], [153.07, -27.44], [153.07, -27.45]]]}, "properties": {"count": 480, "intensity": 0.0034}}, {"type": "Feature", "geometry": {"type": "Polygon", "coordinates": [[[153.1, -27.44], [153.11, -27.44], [153.11, -27.43], [153.1, -27.43], [153.1, -27.44]]]}, "properties": {"count": 72, "intensity": 0.0005}}, {"type": "Feature", "geometry": {"type": "Polygon", "coordinates": [[[153.1, -27.43], [153.11, -27.43], [153.11, -27.42], [153.1, -27.42], [153.1, -27.43]]]}, "properties": {"count": 1368, "intensity": 0.0096}}, {"type": "Feature", "geometry": {"type": "Polygon", "coordinates": [[[153.01, -27.45], [153.02, -27.45], [153.02, -27.44], [153.01, -27.44], [153.01, -27.45]]]}, "properties": {"count": 7383, "intensity": 0.0516}}, {"type": "Feature", "geometry": {"type": "Polygon", "coordinates": [[[153.12, -27.43], [153.13, -27.43], [153.13, -27.42], [153.12, -27.42], [153.12, -27.43]]]}, "properties": {"count": 272, "intensity": 0.0019}}, {"type": "Feature", "geometry": {"type": "Polygon", "coordinates": [[[152.98, -27.55], [152.99, -27.55], [152.99, -27.54], [152.98, -27.54], [152.98, -27.55]]]}, "properties": {"count": 1118, "intensity": 0.0078}}, {"type": "Feature", "geometry": {"type": "Polygon", "coordinates": [[[152.97, -27.43], [152.98, -27.43], [152.98, -27.42], [152.97, -27.42], [152.97, -27.43]]]}, "properties": {"count": 104, "intensity": 0.0007}}, {"type": "Feature", "geometry": {"type": "Polygon", "coordinates": [[[152.99, -27.42], [153.0, -27.42], [153.0, -27.41], [152.99, -27.41], [152.99, -27.42]]]}, "properties": {"count": 3814, "intensity": 0.0266}}, {"type": "Feature", "geometry": {"type": "Polygon", "coordinates": [[[152.98, -27.41], [152.99, -27.41], [152.99, -27.4], [152.98, -27.4], [152.98, -27.41]]]}, "properties": {"count": 3680, "intensity": 0.0257}}, {"type": "Feature", "geometry": {"type": "Polygon", "coordinates": [[[153.06, -27.36], [153.07, -27.36], [153.07, -27.35], [153.06, -27.35], [153.06, -27.36]]]}, "properties": {"count": 1811, "intensity": 0.0126}}, {"type": "Feature", "geometry": {"type": "Polygon", "coordinates": [[[152.99, -27.4], [153.0, -27.4], [153.0, -27.39], [152.99, -27.39], [152.99, -27.4]]]}, "properties": {"count": 1428, "intensity": 0.01}}, {"type": "Feature", "geometry": {"type": "Polygon", "coordinates": [[[152.99, -27.39], [153.0, -27.39], [153.0, -27.38], [152.99, -27.38], [152.99, -27.39]]]}, "properties": {"count": 4028, "intensity": 0.0281}}, {"type": "Feature", "geometry": {"type": "Polygon", "coordinates": [[[153.04, -27.54], [153.05, -27.54], [153.05, -27.53], [153.04, -27.53], [153.04, -27.54]]]}, "properties": {"count": 5169, "intensity": 0.0361}}, {"type": "Feature", "geometry": {"type": "Polygon", "coordinates": [[[153.04, -27.53], [153.05, -27.53], [153.05, -27.52], [153.04, -27.52], [153.04, -27.53]]]}, "properties": {"count": 8569, "intensity": 0.0599}}, {"type": "Feature", "geometry": {"type": "Polygon", "coordinates": [[[153.06, -27.53], [153.07, -27.53], [153.07, -27.52], [153.06, -27.52], [153.06, -27.53]]]}, "properties": {"count": 8805, "intensity": 0.0615}}, {"type": "Feature", "geometry": {"type": "Polygon", "coordinates": [[[153.07, -27.51], [153.08, -27.51], [153.08, -27.5], [153.07, -27.5], [153.07, -27.51]]]}, "properties": {"count": 4056, "intensity": 0.0283}}, {"type": "Feature", "geometry": {"type": "Polygon", "coordinates": [[[153.07, -27.5], [153.08, -27.5], [153.08, -27.49], [153.07, -27.49], [153.07, -27.5]]]}, "properties": {"count": 10771, "intensity": 0.0752}}, {"type": "Feature", "geometry": {"type": "Polygon", "coordinates": [[[152.96, -27.58], [152.97, -27.58], [152.97, -27.57], [152.96, -27.57], [152.96, -27.58]]]}, "properties": {"count": 992, "intensity": 0.0069}}, {"type": "Feature", "geometry": {"type": "Polygon", "coordinates": [[[153.09, -27.48], [153.1, -27.48], [153.1, -27.47], [153.09, -27.47], [153.09, -27.48]]]}, "properties": {"count": 7566, "intensity": 0.0528}}, {"type": "Feature", "geometry": {"type": "Polygon", "coordinates": [[[153.06, -27.49], [153.07, -27.49], [153.07, -27.48], [153.06, -27.48], [153.06, -27.49]]]}, "properties": {"count": 5103, "intensity": 0.0356}}, {"type": "Feature", "geometry": {"type": "Polygon", "coordinates": [[[153.06, -27.48], [153.07, -27.48], [153.07, -27.47], [153.06, -27.47], [153.06, -27.48]]]}, "properties": {"count": 7210, "intensity": 0.0504}}, {"type": "Feature", "geometry": {"type": "Polygon", "coordinates": [[[153.08, -27.48], [153.09, -27.48], [153.09, -27.47], [153.08, -27.47], [153.08, -27.48]]]}, "properties": {"count": 1949, "intensity": 0.0136}}, {"type": "Feature", "geometry": {"type": "Polygon", "coordinates": [[[153.05, -27.48], [153.06, -27.48], [153.06, -27.47], [153.05, -27.47], [153.05, -27.48]]]}, "properties": {"count": 11334, "intensity": 0.0792}}, {"type": "Feature", "geometry": {"type": "Polygon", "coordinates": [[[153.06, -27.47], [153.07, -27.47], [153.07, -27.46], [153.06, -27.46], [153.06, -27.47]]]}, "properties": {"count": 5365, "intensity": 0.0375}}, {"type": "Feature", "geometry": {"type": "Polygon", "coordinates": [[[153.07, -27.47], [153.08, -27.47], [153.08, -27.46], [153.07, -27.46], [153.07, -27.47]]]}, "properties": {"count": 7020, "intensity": 0.049}}, {"type": "Feature", "geometry": {"type": "Polygon", "coordinates": [[[153.08, -27.47], [153.09, -27.47], [153.09, -27.46], [153.08, -27.46], [153.08, -27.47]]]}, "properties": {"count": 4442, "intensity": 0.031}}, {"type": "Feature", "geometry": {"type": "Polygon", "coordinates": [[[153.06, -27.46], [153.07, -27.46], [153.07, -27.45], [153.06, -27.45], [153.06, -27.46]]]}, "properties": {"count": 5279, "intensity": 0.0369}}, {"type": "Feature", "geometry": {"type": "Polygon", "coordinates": [[[153.07, -27.46], [153.08, -27.46], [153.08, -27.45], [153.07, -27.45], [153.07, -27.46]]]}, "properties": {"count": 3702, "intensity": 0.0259}}, {"type": "Feature", "geometry": {"type": "Polygon", "coordinates": [[[153.13, -27.5], [153.14, -27.5], [153.14, -27.49], [153.13, -27.49], [153.13, -27.5]]]}, "properties": {"count": 280, "intensity": 0.002}}, {"type": "Feature", "geometry": {"type": "Polygon", "coordinates": [[[153.08, -27.44], [153.09, -27.44], [153.09, -27.43], [153.08, -27.43], [153.08, -27.44]]]}, "properties": {"count": 1095, "intensity": 0.0076}}, {"type": "Feature", "geometry": {"type": "Polygon", "coordinates": [[[153.12, -27.5], [153.13, -27.5], [153.13, -27.49], [153.12, -27.49], [153.12, -27.5]]]}, "properties": {"count": 1452, "intensity": 0.0101}}, {"type": "Feature", "geometry": {"type": "Polygon", "coordinates": [[[153.09, -27.44], [153.1, -27.44], [153.1, -27.43], [153.09, -27.43], [153.09, -27.44]]]}, "properties": {"count": 560, "intensity": 0.0039}}, {"type": "Feature", "geometry": {"type": "Polygon", "coordinates": [[[153.09, -27.43], [153.1, -27.43], [153.1, -27.42], [153.09, -27.42], [153.09, -27.43]]]}, "properties": {"count": 1408, "intensity": 0.0098}}, {"type": "Feature", "geometry": {"type": "Polygon", "coordinates": [[[153.14, -27.5], [153.15, -27.5], [153.15, -27.49], [153.14, -27.49], [153.14, -27.5]]]}, "properties": {"count": 112, "intensity": 0.0008}}, {"type": "Feature", "geometry": {"type": "Polygon", "coordinates": [[[153.06, -27.43], [153.07, -27.43], [153.07, -27.42], [153.06, -27.42], [153.06, -27.43]]]}, "properties": {"count": 4113, "intensity": 0.0287}}, {"type": "Feature", "geometry": {"type": "Polygon", "coordinates": [[[153.54, -28.18], [153.55, -28.18], [153.55, -28.17], [153.54, -28.17], [153.54, -28.18]]]}, "properties": {"count": 2292, "intensity": 0.016}}, {"type": "Feature", "geometry": {"type": "Polygon", "coordinates": [[[153.38, -27.94], [153.39, -27.94], [153.39, -27.93], [153.38, -27.93], [153.38, -27.94]]]}, "properties": {"count": 5330, "intensity": 0.0372}}, {"type": "Feature", "geometry": {"type": "Polygon", "coordinates": [[[153.51, -28.17], [153.52, -28.17], [153.52, -28.16], [153.51, -28.16], [153.51, -28.17]]]}, "properties": {"count": 7912, "intensity": 0.0553}}, {"type": "Feature", "geometry": {"type": "Polygon", "coordinates": [[[153.42, -28.03], [153.43, -28.03], [153.43, -28.02], [153.42, -28.02], [153.42, -28.03]]]}, "properties": {"count": 3334, "intensity": 0.0233}}, {"type": "Feature", "geometry": {"type": "Polygon", "coordinates": [[[153.45, -28.1], [153.46, -28.1], [153.46, -28.09], [153.45, -28.09], [153.45, -28.1]]]}, "properties": {"count": 10053, "intensity": 0.0702}}, {"type": "Feature", "geometry": {"type": "Polygon", "coordinates": [[[153.44, -28.1], [153.45, -28.1], [153.45, -28.09], [153.44, -28.09], [153.44, -28.1]]]}, "properties": {"count": 1796, "intensity": 0.0125}}, {"type": "Feature", "geometry": {"type": "Polygon", "coordinates": [[[153.31, -27.87], [153.32, -27.87], [153.32, -27.86], [153.31, -27.86], [153.31, -27.87]]]}, "properties": {"count": 619, "intensity": 0.0043}}, {"type": "Feature", "geometry": {"type": "Polygon", "coordinates": [[[153.48, -28.14], [153.49, -28.14], [153.49, -28.13], [153.48, -28.13], [153.48, -28.14]]]}, "properties": {"count": 5306, "intensity": 0.0371}}, {"type": "Feature", "geometry": {"type": "Polygon", "coordinates": [[[153.33, -27.93], [153.34, -27.93], [153.34, -27.92], [153.33, -27.92], [153.33, -27.93]]]}, "properties": {"count": 8298, "intensity": 0.058}}, {"type": "Feature", "geometry": {"type": "Polygon", "coordinates": [[[153.42, -27.97], [153.43, -27.97], [153.43, -27.96], [153.42, -27.96], [153.42, -27.97]]]}, "properties": {"count": 3712, "intensity": 0.0259}}, {"type": "Feature", "geometry": {"type": "Polygon", "coordinates": [[[153.36, -28.08], [153.37, -28.08], [153.37, -28.07], [153.36, -28.07], [153.36, -28.08]]]}, "properties": {"count": 530, "intensity": 0.0037}}, {"type": "Feature", "geometry": {"type": "Polygon", "coordinates": [[[153.31, -27.92], [153.32, -27.92], [153.32, -27.91], [153.31, -27.91], [153.31, -27.92]]]}, "properties": {"count": 557, "intensity": 0.0039}}, {"type": "Feature", "geometry": {"type": "Polygon", "coordinates": [[[153.31, -27.91], [153.32, -27.91], [153.32, -27.9], [153.31, -27.9], [153.31, -27.91]]]}, "properties": {"count": 645, "intensity": 0.0045}}, {"type": "Feature", "geometry": {"type": "Polygon", "coordinates": [[[153.28, -27.8], [153.29, -27.8], [153.29, -27.79], [153.28, -27.79], [153.28, -27.8]]]}, "properties": {"count": 1205, "intensity": 0.0084}}, {"type": "Feature", "geometry": {"type": "Polygon", "coordinates": [[[153.38, -28.08], [153.39, -28.08], [153.39, -28.07], [153.38, -28.07], [153.38, -28.08]]]}, "properties": {"count": 4382, "intensity": 0.0306}}, {"type": "Feature", "geometry": {"type": "Polygon", "coordinates": [[[153.4, -27.92], [153.41, -27.92], [153.41, -27.91], [153.4, -27.91], [153.4, -27.92]]]}, "properties": {"count": 1965, "intensity": 0.0137}}, {"type": "Feature", "geometry": {"type": "Polygon", "coordinates": [[[153.4, -27.99], [153.41, -27.99], [153.41, -27.98], [153.4, -27.98], [153.4, -27.99]]]}, "properties": {"count": 2010, "intensity": 0.014}}, {"type": "Feature", "geometry": {"type": "Polygon", "coordinates": [[[153.09, -26.7], [153.1, -26.7], [153.1, -26.69], [153.09, -26.69], [153.09, -26.7]]]}, "properties": {"count": 1395, "intensity": 0.0097}}, {"type": "Feature", "geometry": {"type": "Polygon", "coordinates": [[[153.42, -28.01], [153.43, -28.01], [153.43, -28.0], [153.42, -28.0], [153.42, -28.01]]]}, "properties": {"count": 10378, "intensity": 0.0725}}, {"type": "Feature", "geometry": {"type": "Polygon", "coordinates": [[[153.39, -28.1], [153.4, -28.1], [153.4, -28.09], [153.39, -28.09], [153.39, -28.1]]]}, "properties": {"count": 3572, "intensity": 0.0249}}, {"type": "Feature", "geometry": {"type": "Polygon", "coordinates": [[[153.54, -28.17], [153.55, -28.17], [153.55, -28.16], [153.54, -28.16], [153.54, -28.17]]]}, "properties": {"count": 1140, "intensity": 0.008}}, {"type": "Feature", "geometry": {"type": "Polygon", "coordinates": [[[153.37, -27.94], [153.38, -27.94], [153.38, -27.93], [153.37, -27.93], [153.37, -27.94]]]}, "properties": {"count": 2052, "intensity": 0.0143}}, {"type": "Feature", "geometry": {"type": "Polygon", "coordinates": [[[153.35, -27.93], [153.36, -27.93], [153.36, -27.92], [153.35, -27.92], [153.35, -27.93]]]}, "properties": {"count": 1097, "intensity": 0.0077}}, {"type": "Feature", "geometry": {"type": "Polygon", "coordinates": [[[153.36, -27.93], [153.37, -27.93], [153.37, -27.92], [153.36, -27.92], [153.36, -27.93]]]}, "properties": {"count": 1097, "intensity": 0.0077}}, {"type": "Feature", "geometry": {"type": "Polygon", "coordinates": [[[153.36, -27.95], [153.37, -27.95], [153.37, -27.94], [153.36, -27.94], [153.36, -27.95]]]}, "properties": {"count": 1126, "intensity": 0.0079}}, {"type": "Feature", "geometry": {"type": "Polygon", "coordinates": [[[153.38, -27.96], [153.39, -27.96], [153.39, -27.95], [153.38, -27.95], [153.38, -27.96]]]}, "properties": {"count": 2359, "intensity": 0.0165}}, {"type": "Feature", "geometry": {"type": "Polygon", "coordinates": [[[153.38, -27.95], [153.39, -27.95], [153.39, -27.94], [153.38, -27.94], [153.38, -27.95]]]}, "properties": {"count": 5390, "intensity": 0.0376}}, {"type": "Feature", "geometry": {"type": "Polygon", "coordinates": [[[153.38, -28.0], [153.39, -28.0], [153.39, -27.99], [153.38, -27.99], [153.38, -28.0]]]}, "properties": {"count": 2945, "intensity": 0.0206}}, {"type": "Feature", "geometry": {"type": "Polygon", "coordinates": [[[153.36, -28.0], [153.37, -28.0], [153.37, -27.99], [153.36, -27.99], [153.36, -28.0]]]}, "properties": {"count": 112, "intensity": 0.0008}}, {"type": "Feature", "geometry": {"type": "Polygon", "coordinates": [[[153.39, -28.0], [153.4, -28.0], [153.4, -27.99], [153.39, -27.99], [153.39, -28.0]]]}, "properties": {"count": 3485, "intensity": 0.0243}}, {"type": "Feature", "geometry": {"type": "Polygon", "coordinates": [[[153.39, -27.99], [153.4, -27.99], [153.4, -27.98], [153.39, -27.98], [153.39, -27.99]]]}, "properties": {"count": 890, "intensity": 0.0062}}, {"type": "Feature", "geometry": {"type": "Polygon", "coordinates": [[[153.38, -27.99], [153.39, -27.99], [153.39, -27.98], [153.38, -27.98], [153.38, -27.99]]]}, "properties": {"count": 971, "intensity": 0.0068}}, {"type": "Feature", "geometry": {"type": "Polygon", "coordinates": [[[153.38, -27.98], [153.39, -27.98], [153.39, -27.97], [153.38, -27.97], [153.38, -27.98]]]}, "properties": {"count": 963, "intensity": 0.0067}}, {"type": "Feature", "geometry": {"type": "Polygon", "coordinates": [[[153.37, -27.98], [153.38, -27.98], [153.38, -27.97], [153.37, -27.97], [153.37, -27.98]]]}, "properties": {"count": 1164, "intensity": 0.0081}}, {"type": "Feature", "geometry": {"type": "Polygon", "coordinates": [[[153.37, -27.99], [153.38, -27.99], [153.38, -27.98], [153.37, -27.98], [153.37, -27.99]]]}, "properties": {"count": 1502, "intensity": 0.0105}}, {"type": "Feature", "geometry": {"type": "Polygon", "coordinates": [[[153.36, -27.99], [153.37, -27.99], [153.37, -27.98], [153.36, -27.98], [153.36, -27.99]]]}, "properties": {"count": 1266, "intensity": 0.0088}}, {"type": "Feature", "geometry": {"type": "Polygon", "coordinates": [[[153.35, -27.99], [153.36, -27.99], [153.36, -27.98], [153.35, -27.98], [153.35, -27.99]]]}, "properties": {"count": 646, "intensity": 0.0045}}, {"type": "Feature", "geometry": {"type": "Polygon", "coordinates": [[[153.34, -27.99], [153.35, -27.99], [153.35, -27.98], [153.34, -27.98], [153.34, -27.99]]]}, "properties": {"count": 862, "intensity": 0.006}}, {"type": "Feature", "geometry": {"type": "Polygon", "coordinates": [[[153.39, -28.01], [153.4, -28.01], [153.4, -28.0], [153.39, -28.0], [153.39, -28.01]]]}, "properties": {"count": 824, "intensity": 0.0058}}, {"type": "Feature", "geometry": {"type": "Polygon", "coordinates": [[[153.39, -28.02], [153.4, -28.02], [153.4, -28.01], [153.39, -28.01], [153.39, -28.02]]]}, "properties": {"count": 92, "intensity": 0.0006}}, {"type": "Feature", "geometry": {"type": "Polygon", "coordinates": [[[153.37, -28.01], [153.38, -28.01], [153.38, -28.0], [153.37, -28.0], [153.37, -28.01]]]}, "properties": {"count": 874, "intensity": 0.0061}}, {"type": "Feature", "geometry": {"type": "Polygon", "coordinates": [[[153.39, -27.94], [153.4, -27.94], [153.4, -27.93], [153.39, -27.93], [153.39, -27.94]]]}, "properties": {"count": 3644, "intensity": 0.0255}}, {"type": "Feature", "geometry": {"type": "Polygon", "coordinates": [[[153.4, -27.94], [153.41, -27.94], [153.41, -27.93], [153.4, -27.93], [153.4, -27.94]]]}, "properties": {"count": 3593, "intensity": 0.0251}}, {"type": "Feature", "geometry": {"type": "Polygon", "coordinates": [[[153.4, -27.93], [153.41, -27.93], [153.41, -27.92], [153.4, -27.92], [153.4, -27.93]]]}, "properties": {"count": 836, "intensity": 0.0058}}, {"type": "Feature", "geometry": {"type": "Polygon", "coordinates": [[[153.37, -27.93], [153.38, -27.93], [153.38, -27.92], [153.37, -27.92], [153.37, -27.93]]]}, "properties": {"count": 2214, "intensity": 0.0155}}, {"type": "Feature", "geometry": {"type": "Polygon", "coordinates": [[[153.5, -28.16], [153.51, -28.16], [153.51, -28.15], [153.5, -28.15], [153.5, -28.16]]]}, "properties": {"count": 6876, "intensity": 0.048}}, {"type": "Feature", "geometry": {"type": "Polygon", "coordinates": [[[153.52, -28.17], [153.53, -28.17], [153.53, -28.16], [153.52, -28.16], [153.52, -28.17]]]}, "properties": {"count": 5532, "intensity": 0.0386}}, {"type": "Feature", "geometry": {"type": "Polygon", "coordinates": [[[153.43, -28.03], [153.44, -28.03], [153.44, -28.02], [153.43, -28.02], [153.43, -28.03]]]}, "properties": {"count": 5080, "intensity": 0.0355}}, {"type": "Feature", "geometry": {"type": "Polygon", "coordinates": [[[153.41, -28.03], [153.42, -28.03], [153.42, -28.02], [153.41, -28.02], [153.41, -28.03]]]}, "properties": {"count": 1885, "intensity": 0.0132}}, {"type": "Feature", "geometry": {"type": "Polygon", "coordinates": [[[153.4, -28.04], [153.41, -28.04], [153.41, -28.03], [153.4, -28.03], [153.4, -28.04]]]}, "properties": {"count": 1525, "intensity": 0.0107}}, {"type": "Feature", "geometry": {"type": "Polygon", "coordinates": [[[153.4, -28.03], [153.41, -28.03], [153.41, -28.02], [153.4, -28.02], [153.4, -28.03]]]}, "properties": {"count": 392, "intensity": 0.0027}}, {"type": "Feature", "geometry": {"type": "Polygon", "coordinates": [[[153.41, -28.04], [153.42, -28.04], [153.42, -28.03], [153.41, -28.03], [153.41, -28.04]]]}, "properties": {"count": 2443, "intensity": 0.0171}}, {"type": "Feature", "geometry": {"type": "Polygon", "coordinates": [[[153.42, -28.04], [153.43, -28.04], [153.43, -28.03], [153.42, -28.03], [153.42, -28.04]]]}, "properties": {"count": 6413, "intensity": 0.0448}}, {"type": "Feature", "geometry": {"type": "Polygon", "coordinates": [[[153.41, -28.02], [153.42, -28.02], [153.42, -28.01], [153.41, -28.01], [153.41, -28.02]]]}, "properties": {"count": 1816, "intensity": 0.0127}}, {"type": "Feature", "geometry": {"type": "Polygon", "coordinates": [[[153.4, -28.01], [153.41, -28.01], [153.41, -28.0], [153.4, -28.0], [153.4, -28.01]]]}, "properties": {"count": 187, "intensity": 0.0013}}, {"type": "Feature", "geometry": {"type": "Polygon", "coordinates": [[[153.4, -28.02], [153.41, -28.02], [153.41, -28.01], [153.4, -28.01], [153.4, -28.02]]]}, "properties": {"count": 187, "intensity": 0.0013}}, {"type": "Feature", "geometry": {"type": "Polygon", "coordinates": [[[153.41, -28.01], [153.42, -28.01], [153.42, -28.0], [153.41, -28.0], [153.41, -28.01]]]}, "properties": {"count": 1200, "intensity": 0.0084}}, {"type": "Feature", "geometry": {"type": "Polygon", "coordinates": [[[153.44, -28.08], [153.45, -28.08], [153.45, -28.07], [153.44, -28.07], [153.44, -28.08]]]}, "properties": {"count": 5404, "intensity": 0.0377}}, {"type": "Feature", "geometry": {"type": "Polygon", "coordinates": [[[153.44, -28.09], [153.45, -28.09], [153.45, -28.08], [153.44, -28.08], [153.44, -28.09]]]}, "properties": {"count": 2863, "intensity": 0.02}}, {"type": "Feature", "geometry": {"type": "Polygon", "coordinates": [[[153.42, -28.08], [153.43, -28.08], [153.43, -28.07], [153.42, -28.07], [153.42, -28.08]]]}, "properties": {"count": 519, "intensity": 0.0036}}, {"type": "Feature", "geometry": {"type": "Polygon", "coordinates": [[[153.43, -28.09], [153.44, -28.09], [153.44, -28.08], [153.43, -28.08], [153.43, -28.09]]]}, "properties": {"count": 1591, "intensity": 0.0111}}, {"type": "Feature", "geometry": {"type": "Polygon", "coordinates": [[[153.42, -28.09], [153.43, -28.09], [153.43, -28.08], [153.42, -28.08], [153.42, -28.09]]]}, "properties": {"count": 3365, "intensity": 0.0235}}, {"type": "Feature", "geometry": {"type": "Polygon", "coordinates": [[[153.43, -28.08], [153.44, -28.08], [153.44, -28.07], [153.43, -28.07], [153.43, -28.08]]]}, "properties": {"count": 2540, "intensity": 0.0177}}, {"type": "Feature", "geometry": {"type": "Polygon", "coordinates": [[[153.42, -28.1], [153.43, -28.1], [153.43, -28.09], [153.42, -28.09], [153.42, -28.1]]]}, "properties": {"count": 1003, "intensity": 0.007}}, {"type": "Feature", "geometry": {"type": "Polygon", "coordinates": [[[153.42, -28.11], [153.43, -28.11], [153.43, -28.1], [153.42, -28.1], [153.42, -28.11]]]}, "properties": {"count": 382, "intensity": 0.0027}}, {"type": "Feature", "geometry": {"type": "Polygon", "coordinates": [[[153.37, -28.05], [153.38, -28.05], [153.38, -28.04], [153.37, -28.04], [153.37, -28.05]]]}, "properties": {"count": 169, "intensity": 0.0012}}, {"type": "Feature", "geometry": {"type": "Polygon", "coordinates": [[[153.38, -28.04], [153.39, -28.04], [153.39, -28.03], [153.38, -28.03], [153.38, -28.04]]]}, "properties": {"count": 169, "intensity": 0.0012}}, {"type": "Feature", "geometry": {"type": "Polygon", "coordinates": [[[153.39, -28.04], [153.4, -28.04], [153.4, -28.03], [153.39, -28.03], [153.39, -28.04]]]}, "properties": {"count": 1142, "intensity": 0.008}}, {"type": "Feature", "geometry": {"type": "Polygon", "coordinates": [[[153.38, -28.03], [153.39, -28.03], [153.39, -28.02], [153.38, -28.02], [153.38, -28.03]]]}, "properties": {"count": 535, "intensity": 0.0037}}, {"type": "Feature", "geometry": {"type": "Polygon", "coordinates": [[[153.37, -28.02], [153.38, -28.02], [153.38, -28.01], [153.37, -28.01], [153.37, -28.02]]]}, "properties": {"count": 535, "intensity": 0.0037}}, {"type": "Feature", "geometry": {"type": "Polygon", "coordinates": [[[153.38, -28.02], [153.39, -28.02], [153.39, -28.01], [153.38, -28.01], [153.38, -28.02]]]}, "properties": {"count": 535, "intensity": 0.0037}}, {"type": "Feature", "geometry": {"type": "Polygon", "coordinates": [[[153.35, -28.02], [153.36, -28.02], [153.36, -28.01], [153.35, -28.01], [153.35, -28.02]]]}, "properties": {"count": 796, "intensity": 0.0056}}, {"type": "Feature", "geometry": {"type": "Polygon", "coordinates": [[[153.36, -28.03], [153.37, -28.03], [153.37, -28.02], [153.36, -28.02], [153.36, -28.03]]]}, "properties": {"count": 504, "intensity": 0.0035}}, {"type": "Feature", "geometry": {"type": "Polygon", "coordinates": [[[153.53, -28.17], [153.54, -28.17], [153.54, -28.16], [153.53, -28.16], [153.53, -28.17]]]}, "properties": {"count": 9168, "intensity": 0.064}}, {"type": "Feature", "geometry": {"type": "Polygon", "coordinates": [[[153.38, -27.91], [153.39, -27.91], [153.39, -27.9], [153.38, -27.9], [153.38, -27.91]]]}, "properties": {"count": 2228, "intensity": 0.0156}}, {"type": "Feature", "geometry": {"type": "Polygon", "coordinates": [[[153.38, -27.9], [153.39, -27.9], [153.39, -27.89], [153.38, -27.89], [153.38, -27.9]]]}, "properties": {"count": 3732, "intensity": 0.0261}}, {"type": "Feature", "geometry": {"type": "Polygon", "coordinates": [[[153.47, -28.14], [153.48, -28.14], [153.48, -28.13], [153.47, -28.13], [153.47, -28.14]]]}, "properties": {"count": 4302, "intensity": 0.03}}, {"type": "Feature", "geometry": {"type": "Polygon", "coordinates": [[[153.48, -28.13], [153.49, -28.13], [153.49, -28.12], [153.48, -28.12], [153.48, -28.13]]]}, "properties": {"count": 362, "intensity": 0.0025}}, {"type": "Feature", "geometry": {"type": "Polygon", "coordinates": [[[153.46, -28.14], [153.47, -28.14], [153.47, -28.13], [153.46, -28.13], [153.46, -28.14]]]}, "properties": {"count": 3749, "intensity": 0.0262}}, {"type": "Feature", "geometry": {"type": "Polygon", "coordinates": [[[153.44, -28.14], [153.45, -28.14], [153.45, -28.13], [153.44, -28.13], [153.44, -28.14]]]}, "properties": {"count": 825, "intensity": 0.0058}}, {"type": "Feature", "geometry": {"type": "Polygon", "coordinates": [[[153.32, -27.91], [153.33, -27.91], [153.33, -27.9], [153.32, -27.9], [153.32, -27.91]]]}, "properties": {"count": 1010, "intensity": 0.0071}}, {"type": "Feature", "geometry": {"type": "Polygon", "coordinates": [[[153.32, -27.92], [153.33, -27.92], [153.33, -27.91], [153.32, -27.91], [153.32, -27.92]]]}, "properties": {"count": 730, "intensity": 0.0051}}, {"type": "Feature", "geometry": {"type": "Polygon", "coordinates": [[[153.33, -27.92], [153.34, -27.92], [153.34, -27.91], [153.33, -27.91], [153.33, -27.92]]]}, "properties": {"count": 840, "intensity": 0.0059}}, {"type": "Feature", "geometry": {"type": "Polygon", "coordinates": [[[153.32, -27.9], [153.33, -27.9], [153.33, -27.89], [153.32, -27.89], [153.32, -27.9]]]}, "properties": {"count": 632, "intensity": 0.0044}}, {"type": "Feature", "geometry": {"type": "Polygon", "coordinates": [[[153.31, -27.89], [153.32, -27.89], [153.32, -27.88], [153.31, -27.88], [153.31, -27.89]]]}, "properties": {"count": 174, "intensity": 0.0012}}, {"type": "Feature", "geometry": {"type": "Polygon", "coordinates": [[[153.33, -28.02], [153.34, -28.02], [153.34, -28.01], [153.33, -28.01], [153.33, -28.02]]]}, "properties": {"count": 1220, "intensity": 0.0085}}, {"type": "Feature", "geometry": {"type": "Polygon", "coordinates": [[[153.4, -27.91], [153.41, -27.91], [153.41, -27.9], [153.4, -27.9], [153.4, -27.91]]]}, "properties": {"count": 2994, "intensity": 0.0209}}, {"type": "Feature", "geometry": {"type": "Polygon", "coordinates": [[[153.37, -27.88], [153.38, -27.88], [153.38, -27.87], [153.37, -27.87], [153.37, -27.88]]]}, "properties": {"count": 456, "intensity": 0.0032}}, {"type": "Feature", "geometry": {"type": "Polygon", "coordinates": [[[153.36, -27.88], [153.37, -27.88], [153.37, -27.87], [153.36, -27.87], [153.36, -27.88]]]}, "properties": {"count": 992, "intensity": 0.0069}}, {"type": "Feature", "geometry": {"type": "Polygon", "coordinates": [[[153.35, -27.87], [153.36, -27.87], [153.36, -27.86], [153.35, -27.86], [153.35, -27.87]]]}, "properties": {"count": 514, "intensity": 0.0036}}, {"type": "Feature", "geometry": {"type": "Polygon", "coordinates": [[[153.4, -27.95], [153.41, -27.95], [153.41, -27.94], [153.4, -27.94], [153.4, -27.95]]]}, "properties": {"count": 4823, "intensity": 0.0337}}, {"type": "Feature", "geometry": {"type": "Polygon", "coordinates": [[[153.4, -27.96], [153.41, -27.96], [153.41, -27.95], [153.4, -27.95], [153.4, -27.96]]]}, "properties": {"count": 3234, "intensity": 0.0226}}, {"type": "Feature", "geometry": {"type": "Polygon", "coordinates": [[[153.39, -27.95], [153.4, -27.95], [153.4, -27.94], [153.39, -27.94], [153.39, -27.95]]]}, "properties": {"count": 4500, "intensity": 0.0314}}, {"type": "Feature", "geometry": {"type": "Polygon", "coordinates": [[[153.42, -27.98], [153.43, -27.98], [153.43, -27.97], [153.42, -27.97], [153.42, -27.98]]]}, "properties": {"count": 4552, "intensity": 0.0318}}, {"type": "Feature", "geometry": {"type": "Polygon", "coordinates": [[[153.42, -27.99], [153.43, -27.99], [153.43, -27.98], [153.42, -27.98], [153.42, -27.99]]]}, "properties": {"count": 5885, "intensity": 0.0411}}, {"type": "Feature", "geometry": {"type": "Polygon", "coordinates": [[[153.43, -28.07], [153.44, -28.07], [153.44, -28.06], [153.43, -28.06], [153.43, -28.07]]]}, "properties": {"count": 4527, "intensity": 0.0316}}, {"type": "Feature", "geometry": {"type": "Polygon", "coordinates": [[[153.43, -28.06], [153.44, -28.06], [153.44, -28.05], [153.43, -28.05], [153.43, -28.06]]]}, "properties": {"count": 4125, "intensity": 0.0288}}, {"type": "Feature", "geometry": {"type": "Polygon", "coordinates": [[[153.43, -28.05], [153.44, -28.05], [153.44, -28.04], [153.43, -28.04], [153.43, -28.05]]]}, "properties": {"count": 2741, "intensity": 0.0191}}, {"type": "Feature", "geometry": {"type": "Polygon", "coordinates": [[[153.42, -28.05], [153.43, -28.05], [153.43, -28.04], [153.42, -28.04], [153.42, -28.05]]]}, "properties": {"count": 1565, "intensity": 0.0109}}, {"type": "Feature", "geometry": {"type": "Polygon", "coordinates": [[[153.36, -28.05], [153.37, -28.05], [153.37, -28.04], [153.36, -28.04], [153.36, -28.05]]]}, "properties": {"count": 498, "intensity": 0.0035}}, {"type": "Feature", "geometry": {"type": "Polygon", "coordinates": [[[153.44, -28.07], [153.45, -28.07], [153.45, -28.06], [153.44, -28.06], [153.44, -28.07]]]}, "properties": {"count": 1357, "intensity": 0.0095}}, {"type": "Feature", "geometry": {"type": "Polygon", "coordinates": [[[153.37, -27.97], [153.38, -27.97], [153.38, -27.96], [153.37, -27.96], [153.37, -27.97]]]}, "properties": {"count": 944, "intensity": 0.0066}}, {"type": "Feature", "geometry": {"type": "Polygon", "coordinates": [[[153.35, -28.08], [153.36, -28.08], [153.36, -28.07], [153.35, -28.07], [153.35, -28.08]]]}, "properties": {"count": 736, "intensity": 0.0051}}, {"type": "Feature", "geometry": {"type": "Polygon", "coordinates": [[[153.35, -28.09], [153.36, -28.09], [153.36, -28.08], [153.35, -28.08], [153.35, -28.09]]]}, "properties": {"count": 69, "intensity": 0.0005}}, {"type": "Feature", "geometry": {"type": "Polygon", "coordinates": [[[153.32, -28.0], [153.33, -28.0], [153.33, -27.99], [153.32, -27.99], [153.32, -28.0]]]}, "properties": {"count": 387, "intensity": 0.0027}}, {"type": "Feature", "geometry": {"type": "Polygon", "coordinates": [[[153.35, -28.0], [153.36, -28.0], [153.36, -27.99], [153.35, -27.99], [153.35, -28.0]]]}, "properties": {"count": 4413, "intensity": 0.0308}}, {"type": "Feature", "geometry": {"type": "Polygon", "coordinates": [[[153.34, -28.0], [153.35, -28.0], [153.35, -27.99], [153.34, -27.99], [153.34, -28.0]]]}, "properties": {"count": 1862, "intensity": 0.013}}, {"type": "Feature", "geometry": {"type": "Polygon", "coordinates": [[[153.33, -27.99], [153.34, -27.99], [153.34, -27.98], [153.33, -27.98], [153.33, -27.99]]]}, "properties": {"count": 1563, "intensity": 0.0109}}, {"type": "Feature", "geometry": {"type": "Polygon", "coordinates": [[[153.33, -28.0], [153.34, -28.0], [153.34, -27.99], [153.33, -27.99], [153.33, -28.0]]]}, "properties": {"count": 982, "intensity": 0.0069}}, {"type": "Feature", "geometry": {"type": "Polygon", "coordinates": [[[153.31, -27.93], [153.32, -27.93], [153.32, -27.92], [153.31, -27.92], [153.31, -27.93]]]}, "properties": {"count": 1103, "intensity": 0.0077}}, {"type": "Feature", "geometry": {"type": "Polygon", "coordinates": [[[153.32, -27.93], [153.33, -27.93], [153.33, -27.92], [153.32, -27.92], [153.32, -27.93]]]}, "properties": {"count": 1449, "intensity": 0.0101}}, {"type": "Feature", "geometry": {"type": "Polygon", "coordinates": [[[153.32, -27.95], [153.33, -27.95], [153.33, -27.94], [153.32, -27.94], [153.32, -27.95]]]}, "properties": {"count": 983, "intensity": 0.0069}}, {"type": "Feature", "geometry": {"type": "Polygon", "coordinates": [[[153.47, -28.13], [153.48, -28.13], [153.48, -28.12], [153.47, -28.12], [153.47, -28.13]]]}, "properties": {"count": 8841, "intensity": 0.0618}}, {"type": "Feature", "geometry": {"type": "Polygon", "coordinates": [[[153.47, -28.12], [153.48, -28.12], [153.48, -28.11], [153.47, -28.11], [153.47, -28.12]]]}, "properties": {"count": 5547, "intensity": 0.0387}}, {"type": "Feature", "geometry": {"type": "Polygon", "coordinates": [[[153.46, -28.12], [153.47, -28.12], [153.47, -28.11], [153.46, -28.11], [153.46, -28.12]]]}, "properties": {"count": 5821, "intensity": 0.0407}}, {"type": "Feature", "geometry": {"type": "Polygon", "coordinates": [[[153.46, -28.11], [153.47, -28.11], [153.47, -28.1], [153.46, -28.1], [153.46, -28.11]]]}, "properties": {"count": 10572, "intensity": 0.0738}}, {"type": "Feature", "geometry": {"type": "Polygon", "coordinates": [[[153.38, -27.89], [153.39, -27.89], [153.39, -27.88], [153.38, -27.88], [153.38, -27.89]]]}, "properties": {"count": 260, "intensity": 0.0018}}, {"type": "Feature", "geometry": {"type": "Polygon", "coordinates": [[[153.39, -28.07], [153.4, -28.07], [153.4, -28.06], [153.39, -28.06], [153.39, -28.07]]]}, "properties": {"count": 1287, "intensity": 0.009}}, {"type": "Feature", "geometry": {"type": "Polygon", "coordinates": [[[153.38, -28.07], [153.39, -28.07], [153.39, -28.06], [153.38, -28.06], [153.38, -28.07]]]}, "properties": {"count": 251, "intensity": 0.0018}}, {"type": "Feature", "geometry": {"type": "Polygon", "coordinates": [[[153.38, -28.09], [153.39, -28.09], [153.39, -28.08], [153.38, -28.08], [153.38, -28.09]]]}, "properties": {"count": 2450, "intensity": 0.0171}}, {"type": "Feature", "geometry": {"type": "Polygon", "coordinates": [[[153.39, -27.92], [153.4, -27.92], [153.4, -27.91], [153.39, -27.91], [153.39, -27.92]]]}, "properties": {"count": 3378, "intensity": 0.0236}}, {"type": "Feature", "geometry": {"type": "Polygon", "coordinates": [[[153.38, -27.92], [153.39, -27.92], [153.39, -27.91], [153.38, -27.91], [153.38, -27.92]]]}, "properties": {"count": 2756, "intensity": 0.0192}}, {"type": "Feature", "geometry": {"type": "Polygon", "coordinates": [[[153.41, -27.98], [153.42, -27.98], [153.42, -27.97], [153.41, -27.97], [153.41, -27.98]]]}, "properties": {"count": 8972, "intensity": 0.0627}}, {"type": "Feature", "geometry": {"type": "Polygon", "coordinates": [[[153.41, -27.99], [153.42, -27.99], [153.42, -27.98], [153.41, -27.98], [153.41, -27.99]]]}, "properties": {"count": 383, "intensity": 0.0027}}, {"type": "Feature", "geometry": {"type": "Polygon", "coordinates": [[[153.41, -28.0], [153.42, -28.0], [153.42, -27.99], [153.41, -27.99], [153.41, -28.0]]]}, "properties": {"count": 2676, "intensity": 0.0187}}, {"type": "Feature", "geometry": {"type": "Polygon", "coordinates": [[[153.41, -27.96], [153.42, -27.96], [153.42, -27.95], [153.41, -27.95], [153.41, -27.96]]]}, "properties": {"count": 518, "intensity": 0.0036}}, {"type": "Feature", "geometry": {"type": "Polygon", "coordinates": [[[153.39, -27.98], [153.4, -27.98], [153.4, -27.97], [153.39, -27.97], [153.39, -27.98]]]}, "properties": {"count": 3331, "intensity": 0.0233}}, {"type": "Feature", "geometry": {"type": "Polygon", "coordinates": [[[153.4, -27.98], [153.41, -27.98], [153.41, -27.97], [153.4, -27.97], [153.4, -27.98]]]}, "properties": {"count": 3989, "intensity": 0.0279}}, {"type": "Feature", "geometry": {"type": "Polygon", "coordinates": [[[153.41, -27.97], [153.42, -27.97], [153.42, -27.96], [153.41, -27.96], [153.41, -27.97]]]}, "properties": {"count": 14150, "intensity": 0.0988}}, {"type": "Feature", "geometry": {"type": "Polygon", "coordinates": [[[153.39, -27.97], [153.4, -27.97], [153.4, -27.96], [153.39, -27.96], [153.39, -27.97]]]}, "properties": {"count": 4203, "intensity": 0.0294}}, {"type": "Feature", "geometry": {"type": "Polygon", "coordinates": [[[153.4, -27.97], [153.41, -27.97], [153.41, -27.96], [153.4, -27.96], [153.4, -27.97]]]}, "properties": {"count": 4720, "intensity": 0.033}}, {"type": "Feature", "geometry": {"type": "Polygon", "coordinates": [[[153.42, -28.0], [153.43, -28.0], [153.43, -27.99], [153.42, -27.99], [153.42, -28.0]]]}, "properties": {"count": 10527, "intensity": 0.0735}}, {"type": "Feature", "geometry": {"type": "Polygon", "coordinates": [[[153.43, -28.02], [153.44, -28.02], [153.44, -28.01], [153.43, -28.01], [153.43, -28.02]]]}, "properties": {"count": 2032, "intensity": 0.0142}}, {"type": "Feature", "geometry": {"type": "Polygon", "coordinates": [[[153.42, -28.02], [153.43, -28.02], [153.43, -28.01], [153.42, -28.01], [153.42, -28.02]]]}, "properties": {"count": 5129, "intensity": 0.0358}}, {"type": "Feature", "geometry": {"type": "Polygon", "coordinates": [[[153.49, -28.15], [153.5, -28.15], [153.5, -28.14], [153.49, -28.14], [153.49, -28.15]]]}, "properties": {"count": 7867, "intensity": 0.0549}}, {"type": "Feature", "geometry": {"type": "Polygon", "coordinates": [[[153.49, -28.16], [153.5, -28.16], [153.5, -28.15], [153.49, -28.15], [153.49, -28.16]]]}, "properties": {"count": 546, "intensity": 0.0038}}, {"type": "Feature", "geometry": {"type": "Polygon", "coordinates": [[[153.48, -28.16], [153.49, -28.16], [153.49, -28.15], [153.48, -28.15], [153.48, -28.16]]]}, "properties": {"count": 452, "intensity": 0.0032}}, {"type": "Feature", "geometry": {"type": "Polygon", "coordinates": [[[153.49, -28.14], [153.5, -28.14], [153.5, -28.13], [153.49, -28.13], [153.49, -28.14]]]}, "properties": {"count": 2472, "intensity": 0.0173}}, {"type": "Feature", "geometry": {"type": "Polygon", "coordinates": [[[153.31, -27.88], [153.32, -27.88], [153.32, -27.87], [153.31, -27.87], [153.31, -27.88]]]}, "properties": {"count": 779, "intensity": 0.0054}}, {"type": "Feature", "geometry": {"type": "Polygon", "coordinates": [[[153.3, -27.88], [153.31, -27.88], [153.31, -27.87], [153.3, -27.87], [153.3, -27.88]]]}, "properties": {"count": 810, "intensity": 0.0057}}, {"type": "Feature", "geometry": {"type": "Polygon", "coordinates": [[[153.3, -27.87], [153.31, -27.87], [153.31, -27.86], [153.3, -27.86], [153.3, -27.87]]]}, "properties": {"count": 432, "intensity": 0.003}}, {"type": "Feature", "geometry": {"type": "Polygon", "coordinates": [[[153.4, -28.09], [153.41, -28.09], [153.41, -28.08], [153.4, -28.08], [153.4, -28.09]]]}, "properties": {"count": 3954, "intensity": 0.0276}}, {"type": "Feature", "geometry": {"type": "Polygon", "coordinates": [[[153.41, -28.11], [153.42, -28.11], [153.42, -28.1], [153.41, -28.1], [153.41, -28.11]]]}, "properties": {"count": 76, "intensity": 0.0005}}, {"type": "Feature", "geometry": {"type": "Polygon", "coordinates": [[[153.41, -28.08], [153.42, -28.08], [153.42, -28.07], [153.41, -28.07], [153.41, -28.08]]]}, "properties": {"count": 2844, "intensity": 0.0199}}, {"type": "Feature", "geometry": {"type": "Polygon", "coordinates": [[[153.37, -27.95], [153.38, -27.95], [153.38, -27.94], [153.37, -27.94], [153.37, -27.95]]]}, "properties": {"count": 619, "intensity": 0.0043}}, {"type": "Feature", "geometry": {"type": "Polygon", "coordinates": [[[153.36, -27.94], [153.37, -27.94], [153.37, -27.93], [153.36, -27.93], [153.36, -27.94]]]}, "properties": {"count": 257, "intensity": 0.0018}}, {"type": "Feature", "geometry": {"type": "Polygon", "coordinates": [[[153.37, -28.0], [153.38, -28.0], [153.38, -27.99], [153.37, -27.99], [153.37, -28.0]]]}, "properties": {"count": 2053, "intensity": 0.0143}}, {"type": "Feature", "geometry": {"type": "Polygon", "coordinates": [[[153.39, -27.93], [153.4, -27.93], [153.4, -27.92], [153.39, -27.92], [153.39, -27.93]]]}, "properties": {"count": 2034, "intensity": 0.0142}}, {"type": "Feature", "geometry": {"type": "Polygon", "coordinates": [[[153.38, -27.93], [153.39, -27.93], [153.39, -27.92], [153.38, -27.92], [153.38, -27.93]]]}, "properties": {"count": 818, "intensity": 0.0057}}, {"type": "Feature", "geometry": {"type": "Polygon", "coordinates": [[[153.43, -28.12], [153.44, -28.12], [153.44, -28.11], [153.43, -28.11], [153.43, -28.12]]]}, "properties": {"count": 143, "intensity": 0.001}}, {"type": "Feature", "geometry": {"type": "Polygon", "coordinates": [[[153.42, -28.07], [153.43, -28.07], [153.43, -28.06], [153.42, -28.06], [153.42, -28.07]]]}, "properties": {"count": 143, "intensity": 0.001}}, {"type": "Feature", "geometry": {"type": "Polygon", "coordinates": [[[152.97, -27.44], [152.98, -27.44], [152.98, -27.43], [152.97, -27.43], [152.97, -27.44]]]}, "properties": {"count": 6, "intensity": 0.0}}, {"type": "Feature", "geometry": {"type": "Polygon", "coordinates": [[[153.41, -28.1], [153.42, -28.1], [153.42, -28.09], [153.41, -28.09], [153.41, -28.1]]]}, "properties": {"count": 1018, "intensity": 0.0071}}, {"type": "Feature", "geometry": {"type": "Polygon", "coordinates": [[[153.36, -28.02], [153.37, -28.02], [153.37, -28.01], [153.36, -28.01], [153.36, -28.02]]]}, "properties": {"count": 132, "intensity": 0.0009}}, {"type": "Feature", "geometry": {"type": "Polygon", "coordinates": [[[153.35, -28.03], [153.36, -28.03], [153.36, -28.02], [153.35, -28.02], [153.35, -28.03]]]}, "properties": {"count": 292, "intensity": 0.002}}, {"type": "Feature", "geometry": {"type": "Polygon", "coordinates": [[[153.35, -28.01], [153.36, -28.01], [153.36, -28.0], [153.35, -28.0], [153.35, -28.01]]]}, "properties": {"count": 292, "intensity": 0.002}}, {"type": "Feature", "geometry": {"type": "Polygon", "coordinates": [[[153.4, -28.06], [153.41, -28.06], [153.41, -28.05], [153.4, -28.05], [153.4, -28.06]]]}, "properties": {"count": 1444, "intensity": 0.0101}}, {"type": "Feature", "geometry": {"type": "Polygon", "coordinates": [[[153.37, -27.9], [153.38, -27.9], [153.38, -27.89], [153.37, -27.89], [153.37, -27.9]]]}, "properties": {"count": 3390, "intensity": 0.0237}}, {"type": "Feature", "geometry": {"type": "Polygon", "coordinates": [[[153.32, -27.87], [153.33, -27.87], [153.33, -27.86], [153.32, -27.86], [153.32, -27.87]]]}, "properties": {"count": 160, "intensity": 0.0011}}, {"type": "Feature", "geometry": {"type": "Polygon", "coordinates": [[[153.36, -27.84], [153.37, -27.84], [153.37, -27.83], [153.36, -27.83], [153.36, -27.84]]]}, "properties": {"count": 744, "intensity": 0.0052}}, {"type": "Feature", "geometry": {"type": "Polygon", "coordinates": [[[153.35, -27.85], [153.36, -27.85], [153.36, -27.84], [153.35, -27.84], [153.35, -27.85]]]}, "properties": {"count": 496, "intensity": 0.0035}}, {"type": "Feature", "geometry": {"type": "Polygon", "coordinates": [[[153.34, -27.85], [153.35, -27.85], [153.35, -27.84], [153.34, -27.84], [153.34, -27.85]]]}, "properties": {"count": 563, "intensity": 0.0039}}, {"type": "Feature", "geometry": {"type": "Polygon", "coordinates": [[[153.33, -27.87], [153.34, -27.87], [153.34, -27.86], [153.33, -27.86], [153.33, -27.87]]]}, "properties": {"count": 160, "intensity": 0.0011}}, {"type": "Feature", "geometry": {"type": "Polygon", "coordinates": [[[153.47, -28.16], [153.48, -28.16], [153.48, -28.15], [153.47, -28.15], [153.47, -28.16]]]}, "properties": {"count": 576, "intensity": 0.004}}, {"type": "Feature", "geometry": {"type": "Polygon", "coordinates": [[[153.46, -28.16], [153.47, -28.16], [153.47, -28.15], [153.46, -28.15], [153.46, -28.16]]]}, "properties": {"count": 555, "intensity": 0.0039}}, {"type": "Feature", "geometry": {"type": "Polygon", "coordinates": [[[153.47, -28.15], [153.48, -28.15], [153.48, -28.14], [153.47, -28.14], [153.47, -28.15]]]}, "properties": {"count": 432, "intensity": 0.003}}, {"type": "Feature", "geometry": {"type": "Polygon", "coordinates": [[[153.46, -28.15], [153.47, -28.15], [153.47, -28.14], [153.46, -28.14], [153.46, -28.15]]]}, "properties": {"count": 135, "intensity": 0.0009}}, {"type": "Feature", "geometry": {"type": "Polygon", "coordinates": [[[153.45, -28.16], [153.46, -28.16], [153.46, -28.15], [153.45, -28.15], [153.45, -28.16]]]}, "properties": {"count": 534, "intensity": 0.0037}}, {"type": "Feature", "geometry": {"type": "Polygon", "coordinates": [[[153.46, -28.17], [153.47, -28.17], [153.47, -28.16], [153.46, -28.16], [153.46, -28.17]]]}, "properties": {"count": 132, "intensity": 0.0009}}, {"type": "Feature", "geometry": {"type": "Polygon", "coordinates": [[[153.45, -28.15], [153.46, -28.15], [153.46, -28.14], [153.45, -28.14], [153.45, -28.15]]]}, "properties": {"count": 933, "intensity": 0.0065}}, {"type": "Feature", "geometry": {"type": "Polygon", "coordinates": [[[153.45, -28.13], [153.46, -28.13], [153.46, -28.12], [153.45, -28.12], [153.45, -28.13]]]}, "properties": {"count": 1675, "intensity": 0.0117}}, {"type": "Feature", "geometry": {"type": "Polygon", "coordinates": [[[153.43, -28.14], [153.44, -28.14], [153.44, -28.13], [153.43, -28.13], [153.43, -28.14]]]}, "properties": {"count": 275, "intensity": 0.0019}}, {"type": "Feature", "geometry": {"type": "Polygon", "coordinates": [[[153.45, -28.14], [153.46, -28.14], [153.46, -28.13], [153.45, -28.13], [153.45, -28.14]]]}, "properties": {"count": 1630, "intensity": 0.0114}}, {"type": "Feature", "geometry": {"type": "Polygon", "coordinates": [[[153.46, -28.13], [153.47, -28.13], [153.47, -28.12], [153.46, -28.12], [153.46, -28.13]]]}, "properties": {"count": 1086, "intensity": 0.0076}}, {"type": "Feature", "geometry": {"type": "Polygon", "coordinates": [[[153.45, -28.12], [153.46, -28.12], [153.46, -28.11], [153.45, -28.11], [153.45, -28.12]]]}, "properties": {"count": 288, "intensity": 0.002}}, {"type": "Feature", "geometry": {"type": "Polygon", "coordinates": [[[153.44, -28.15], [153.45, -28.15], [153.45, -28.14], [153.44, -28.14], [153.44, -28.15]]]}, "properties": {"count": 414, "intensity": 0.0029}}, {"type": "Feature", "geometry": {"type": "Polygon", "coordinates": [[[153.33, -27.96], [153.34, -27.96], [153.34, -27.95], [153.33, -27.95], [153.33, -27.96]]]}, "properties": {"count": 355, "intensity": 0.0025}}, {"type": "Feature", "geometry": {"type": "Polygon", "coordinates": [[[153.33, -27.89], [153.34, -27.89], [153.34, -27.88], [153.33, -27.88], [153.33, -27.89]]]}, "properties": {"count": 784, "intensity": 0.0055}}, {"type": "Feature", "geometry": {"type": "Polygon", "coordinates": [[[153.33, -27.9], [153.34, -27.9], [153.34, -27.89], [153.33, -27.89], [153.33, -27.9]]]}, "properties": {"count": 276, "intensity": 0.0019}}, {"type": "Feature", "geometry": {"type": "Polygon", "coordinates": [[[153.33, -27.91], [153.34, -27.91], [153.34, -27.9], [153.33, -27.9], [153.33, -27.91]]]}, "properties": {"count": 80, "intensity": 0.0006}}, {"type": "Feature", "geometry": {"type": "Polygon", "coordinates": [[[153.31, -27.9], [153.32, -27.9], [153.32, -27.89], [153.31, -27.89], [153.31, -27.9]]]}, "properties": {"count": 970, "intensity": 0.0068}}, {"type": "Feature", "geometry": {"type": "Polygon", "coordinates": [[[153.34, -28.02], [153.35, -28.02], [153.35, -28.01], [153.34, -28.01], [153.34, -28.02]]]}, "properties": {"count": 358, "intensity": 0.0025}}, {"type": "Feature", "geometry": {"type": "Polygon", "coordinates": [[[153.39, -27.9], [153.4, -27.9], [153.4, -27.89], [153.39, -27.89], [153.39, -27.9]]]}, "properties": {"count": 1996, "intensity": 0.0139}}, {"type": "Feature", "geometry": {"type": "Polygon", "coordinates": [[[153.4, -27.9], [153.41, -27.9], [153.41, -27.89], [153.4, -27.89], [153.4, -27.9]]]}, "properties": {"count": 998, "intensity": 0.007}}, {"type": "Feature", "geometry": {"type": "Polygon", "coordinates": [[[153.35, -27.86], [153.36, -27.86], [153.36, -27.85], [153.35, -27.85], [153.35, -27.86]]]}, "properties": {"count": 240, "intensity": 0.0017}}, {"type": "Feature", "geometry": {"type": "Polygon", "coordinates": [[[153.39, -27.96], [153.4, -27.96], [153.4, -27.95], [153.39, -27.95], [153.39, -27.96]]]}, "properties": {"count": 1620, "intensity": 0.0113}}, {"type": "Feature", "geometry": {"type": "Polygon", "coordinates": [[[153.41, -28.05], [153.42, -28.05], [153.42, -28.04], [153.41, -28.04], [153.41, -28.05]]]}, "properties": {"count": 3046, "intensity": 0.0213}}, {"type": "Feature", "geometry": {"type": "Polygon", "coordinates": [[[153.4, -28.05], [153.41, -28.05], [153.41, -28.04], [153.4, -28.04], [153.4, -28.05]]]}, "properties": {"count": 508, "intensity": 0.0035}}, {"type": "Feature", "geometry": {"type": "Polygon", "coordinates": [[[153.41, -28.06], [153.42, -28.06], [153.42, -28.05], [153.41, -28.05], [153.41, -28.06]]]}, "properties": {"count": 4380, "intensity": 0.0306}}, {"type": "Feature", "geometry": {"type": "Polygon", "coordinates": [[[153.41, -28.07], [153.42, -28.07], [153.42, -28.06], [153.41, -28.06], [153.41, -28.07]]]}, "properties": {"count": 4057, "intensity": 0.0283}}, {"type": "Feature", "geometry": {"type": "Polygon", "coordinates": [[[153.01, -27.35], [153.02, -27.35], [153.02, -27.34], [153.01, -27.34], [153.01, -27.35]]]}, "properties": {"count": 3631, "intensity": 0.0254}}, {"type": "Feature", "geometry": {"type": "Polygon", "coordinates": [[[153.42, -28.06], [153.43, -28.06], [153.43, -28.05], [153.42, -28.05], [153.42, -28.06]]]}, "properties": {"count": 359, "intensity": 0.0025}}, {"type": "Feature", "geometry": {"type": "Polygon", "coordinates": [[[153.35, -28.06], [153.36, -28.06], [153.36, -28.05], [153.35, -28.05], [153.35, -28.06]]]}, "properties": {"count": 335, "intensity": 0.0023}}, {"type": "Feature", "geometry": {"type": "Polygon", "coordinates": [[[153.36, -28.06], [153.37, -28.06], [153.37, -28.05], [153.36, -28.05], [153.36, -28.06]]]}, "properties": {"count": 163, "intensity": 0.0011}}, {"type": "Feature", "geometry": {"type": "Polygon", "coordinates": [[[153.36, -28.07], [153.37, -28.07], [153.37, -28.06], [153.36, -28.06], [153.36, -28.07]]]}, "properties": {"count": 424, "intensity": 0.003}}, {"type": "Feature", "geometry": {"type": "Polygon", "coordinates": [[[153.35, -28.05], [153.36, -28.05], [153.36, -28.04], [153.35, -28.04], [153.35, -28.05]]]}, "properties": {"count": 320, "intensity": 0.0022}}, {"type": "Feature", "geometry": {"type": "Polygon", "coordinates": [[[153.38, -28.1], [153.39, -28.1], [153.39, -28.09], [153.38, -28.09], [153.38, -28.1]]]}, "properties": {"count": 152, "intensity": 0.0011}}, {"type": "Feature", "geometry": {"type": "Polygon", "coordinates": [[[153.35, -28.07], [153.36, -28.07], [153.36, -28.06], [153.35, -28.06], [153.35, -28.07]]]}, "properties": {"count": 225, "intensity": 0.0016}}, {"type": "Feature", "geometry": {"type": "Polygon", "coordinates": [[[153.37, -28.09], [153.38, -28.09], [153.38, -28.08], [153.37, -28.08], [153.37, -28.09]]]}, "properties": {"count": 608, "intensity": 0.0042}}, {"type": "Feature", "geometry": {"type": "Polygon", "coordinates": [[[153.33, -28.01], [153.34, -28.01], [153.34, -28.0], [153.33, -28.0], [153.33, -28.01]]]}, "properties": {"count": 1408, "intensity": 0.0098}}, {"type": "Feature", "geometry": {"type": "Polygon", "coordinates": [[[153.3, -28.01], [153.31, -28.01], [153.31, -28.0], [153.3, -28.0], [153.3, -28.01]]]}, "properties": {"count": 147, "intensity": 0.001}}, {"type": "Feature", "geometry": {"type": "Polygon", "coordinates": [[[153.31, -28.01], [153.32, -28.01], [153.32, -28.0], [153.31, -28.0], [153.31, -28.01]]]}, "properties": {"count": 114, "intensity": 0.0008}}, {"type": "Feature", "geometry": {"type": "Polygon", "coordinates": [[[153.32, -28.01], [153.33, -28.01], [153.33, -28.0], [153.32, -28.0], [153.32, -28.01]]]}, "properties": {"count": 424, "intensity": 0.003}}, {"type": "Feature", "geometry": {"type": "Polygon", "coordinates": [[[153.25, -27.79], [153.26, -27.79], [153.26, -27.78], [153.25, -27.78], [153.25, -27.79]]]}, "properties": {"count": 360, "intensity": 0.0025}}, {"type": "Feature", "geometry": {"type": "Polygon", "coordinates": [[[153.24, -27.77], [153.25, -27.77], [153.25, -27.76], [153.24, -27.76], [153.24, -27.77]]]}, "properties": {"count": 900, "intensity": 0.0063}}, {"type": "Feature", "geometry": {"type": "Polygon", "coordinates": [[[153.24, -27.78], [153.25, -27.78], [153.25, -27.77], [153.24, -27.77], [153.24, -27.78]]]}, "properties": {"count": 450, "intensity": 0.0031}}, {"type": "Feature", "geometry": {"type": "Polygon", "coordinates": [[[153.26, -27.8], [153.27, -27.8], [153.27, -27.79], [153.26, -27.79], [153.26, -27.8]]]}, "properties": {"count": 360, "intensity": 0.0025}}, {"type": "Feature", "geometry": {"type": "Polygon", "coordinates": [[[153.26, -27.79], [153.27, -27.79], [153.27, -27.78], [153.26, -27.78], [153.26, -27.79]]]}, "properties": {"count": 540, "intensity": 0.0038}}, {"type": "Feature", "geometry": {"type": "Polygon", "coordinates": [[[153.25, -27.78], [153.26, -27.78], [153.26, -27.77], [153.25, -27.77], [153.25, -27.78]]]}, "properties": {"count": 450, "intensity": 0.0031}}, {"type": "Feature", "geometry": {"type": "Polygon", "coordinates": [[[153.26, -27.78], [153.27, -27.78], [153.27, -27.77], [153.26, -27.77], [153.26, -27.78]]]}, "properties": {"count": 630, "intensity": 0.0044}}, {"type": "Feature", "geometry": {"type": "Polygon", "coordinates": [[[153.23, -27.79], [153.24, -27.79], [153.24, -27.78], [153.23, -27.78], [153.23, -27.79]]]}, "properties": {"count": 90, "intensity": 0.0006}}, {"type": "Feature", "geometry": {"type": "Polygon", "coordinates": [[[153.24, -27.79], [153.25, -27.79], [153.25, -27.78], [153.24, -27.78], [153.24, -27.79]]]}, "properties": {"count": 270, "intensity": 0.0019}}, {"type": "Feature", "geometry": {"type": "Polygon", "coordinates": [[[153.23, -27.78], [153.24, -27.78], [153.24, -27.77], [153.23, -27.77], [153.23, -27.78]]]}, "properties": {"count": 360, "intensity": 0.0025}}, {"type": "Feature", "geometry": {"type": "Polygon", "coordinates": [[[153.3, -27.91], [153.31, -27.91], [153.31, -27.9], [153.3, -27.9], [153.3, -27.91]]]}, "properties": {"count": 240, "intensity": 0.0017}}, {"type": "Feature", "geometry": {"type": "Polygon", "coordinates": [[[153.28, -27.92], [153.29, -27.92], [153.29, -27.91], [153.28, -27.91], [153.28, -27.92]]]}, "properties": {"count": 288, "intensity": 0.002}}, {"type": "Feature", "geometry": {"type": "Polygon", "coordinates": [[[153.3, -27.92], [153.31, -27.92], [153.31, -27.91], [153.3, -27.91], [153.3, -27.92]]]}, "properties": {"count": 414, "intensity": 0.0029}}, {"type": "Feature", "geometry": {"type": "Polygon", "coordinates": [[[153.3, -27.93], [153.31, -27.93], [153.31, -27.92], [153.3, -27.92], [153.3, -27.93]]]}, "properties": {"count": 812, "intensity": 0.0057}}, {"type": "Feature", "geometry": {"type": "Polygon", "coordinates": [[[153.3, -27.89], [153.31, -27.89], [153.31, -27.88], [153.3, -27.88], [153.3, -27.89]]]}, "properties": {"count": 224, "intensity": 0.0016}}, {"type": "Feature", "geometry": {"type": "Polygon", "coordinates": [[[153.29, -27.9], [153.3, -27.9], [153.3, -27.89], [153.29, -27.89], [153.29, -27.9]]]}, "properties": {"count": 160, "intensity": 0.0011}}, {"type": "Feature", "geometry": {"type": "Polygon", "coordinates": [[[153.32, -27.94], [153.33, -27.94], [153.33, -27.93], [153.32, -27.93], [153.32, -27.94]]]}, "properties": {"count": 352, "intensity": 0.0025}}, {"type": "Feature", "geometry": {"type": "Polygon", "coordinates": [[[153.3, -27.94], [153.31, -27.94], [153.31, -27.93], [153.3, -27.93], [153.3, -27.94]]]}, "properties": {"count": 634, "intensity": 0.0044}}, {"type": "Feature", "geometry": {"type": "Polygon", "coordinates": [[[153.31, -27.94], [153.32, -27.94], [153.32, -27.93], [153.31, -27.93], [153.31, -27.94]]]}, "properties": {"count": 179, "intensity": 0.0013}}, {"type": "Feature", "geometry": {"type": "Polygon", "coordinates": [[[153.31, -27.95], [153.32, -27.95], [153.32, -27.94], [153.31, -27.94], [153.31, -27.95]]]}, "properties": {"count": 813, "intensity": 0.0057}}, {"type": "Feature", "geometry": {"type": "Polygon", "coordinates": [[[153.45, -28.11], [153.46, -28.11], [153.46, -28.1], [153.45, -28.1], [153.45, -28.11]]]}, "properties": {"count": 216, "intensity": 0.0015}}, {"type": "Feature", "geometry": {"type": "Polygon", "coordinates": [[[153.39, -27.89], [153.4, -27.89], [153.4, -27.88], [153.39, -27.88], [153.39, -27.89]]]}, "properties": {"count": 4090, "intensity": 0.0286}}, {"type": "Feature", "geometry": {"type": "Polygon", "coordinates": [[[153.39, -27.88], [153.4, -27.88], [153.4, -27.87], [153.39, -27.87], [153.39, -27.88]]]}, "properties": {"count": 1476, "intensity": 0.0103}}, {"type": "Feature", "geometry": {"type": "Polygon", "coordinates": [[[153.34, -27.96], [153.35, -27.96], [153.35, -27.95], [153.34, -27.95], [153.34, -27.96]]]}, "properties": {"count": 3757, "intensity": 0.0262}}, {"type": "Feature", "geometry": {"type": "Polygon", "coordinates": [[[153.35, -27.96], [153.36, -27.96], [153.36, -27.95], [153.35, -27.95], [153.35, -27.96]]]}, "properties": {"count": 880, "intensity": 0.0061}}, {"type": "Feature", "geometry": {"type": "Polygon", "coordinates": [[[153.36, -27.97], [153.37, -27.97], [153.37, -27.96], [153.36, -27.96], [153.36, -27.97]]]}, "properties": {"count": 2786, "intensity": 0.0195}}, {"type": "Feature", "geometry": {"type": "Polygon", "coordinates": [[[153.37, -27.96], [153.38, -27.96], [153.38, -27.95], [153.37, -27.95], [153.37, -27.96]]]}, "properties": {"count": 257, "intensity": 0.0018}}, {"type": "Feature", "geometry": {"type": "Polygon", "coordinates": [[[153.34, -27.95], [153.35, -27.95], [153.35, -27.94], [153.34, -27.94], [153.34, -27.95]]]}, "properties": {"count": 267, "intensity": 0.0019}}, {"type": "Feature", "geometry": {"type": "Polygon", "coordinates": [[[153.35, -27.95], [153.36, -27.95], [153.36, -27.94], [153.35, -27.94], [153.35, -27.95]]]}, "properties": {"count": 537, "intensity": 0.0038}}, {"type": "Feature", "geometry": {"type": "Polygon", "coordinates": [[[153.36, -27.96], [153.37, -27.96], [153.37, -27.95], [153.36, -27.95], [153.36, -27.96]]]}, "properties": {"count": 771, "intensity": 0.0054}}, {"type": "Feature", "geometry": {"type": "Polygon", "coordinates": [[[153.29, -27.82], [153.3, -27.82], [153.3, -27.81], [153.29, -27.81], [153.29, -27.82]]]}, "properties": {"count": 3285, "intensity": 0.0229}}, {"type": "Feature", "geometry": {"type": "Polygon", "coordinates": [[[153.28, -27.82], [153.29, -27.82], [153.29, -27.81], [153.28, -27.81], [153.28, -27.82]]]}, "properties": {"count": 415, "intensity": 0.0029}}, {"type": "Feature", "geometry": {"type": "Polygon", "coordinates": [[[153.26, -27.81], [153.27, -27.81], [153.27, -27.8], [153.26, -27.8], [153.26, -27.81]]]}, "properties": {"count": 360, "intensity": 0.0025}}, {"type": "Feature", "geometry": {"type": "Polygon", "coordinates": [[[153.27, -27.8], [153.28, -27.8], [153.28, -27.79], [153.27, -27.79], [153.27, -27.8]]]}, "properties": {"count": 270, "intensity": 0.0019}}, {"type": "Feature", "geometry": {"type": "Polygon", "coordinates": [[[153.4, -28.11], [153.41, -28.11], [153.41, -28.1], [153.4, -28.1], [153.4, -28.11]]]}, "properties": {"count": 1314, "intensity": 0.0092}}, {"type": "Feature", "geometry": {"type": "Polygon", "coordinates": [[[153.39, -28.11], [153.4, -28.11], [153.4, -28.1], [153.39, -28.1], [153.39, -28.11]]]}, "properties": {"count": 456, "intensity": 0.0032}}, {"type": "Feature", "geometry": {"type": "Polygon", "coordinates": [[[153.4, -28.12], [153.41, -28.12], [153.41, -28.11], [153.4, -28.11], [153.4, -28.12]]]}, "properties": {"count": 428, "intensity": 0.003}}, {"type": "Feature", "geometry": {"type": "Polygon", "coordinates": [[[153.39, -28.12], [153.4, -28.12], [153.4, -28.11], [153.39, -28.11], [153.39, -28.12]]]}, "properties": {"count": 276, "intensity": 0.0019}}, {"type": "Feature", "geometry": {"type": "Polygon", "coordinates": [[[153.39, -28.06], [153.4, -28.06], [153.4, -28.05], [153.39, -28.05], [153.39, -28.06]]]}, "properties": {"count": 290, "intensity": 0.002}}, {"type": "Feature", "geometry": {"type": "Polygon", "coordinates": [[[153.4, -28.07], [153.41, -28.07], [153.41, -28.06], [153.4, -28.06], [153.4, -28.07]]]}, "properties": {"count": 1729, "intensity": 0.0121}}, {"type": "Feature", "geometry": {"type": "Polygon", "coordinates": [[[153.39, -28.09], [153.4, -28.09], [153.4, -28.08], [153.39, -28.08], [153.39, -28.09]]]}, "properties": {"count": 5258, "intensity": 0.0367}}, {"type": "Feature", "geometry": {"type": "Polygon", "coordinates": [[[153.39, -28.08], [153.4, -28.08], [153.4, -28.07], [153.39, -28.07], [153.39, -28.08]]]}, "properties": {"count": 496, "intensity": 0.0035}}, {"type": "Feature", "geometry": {"type": "Polygon", "coordinates": [[[153.4, -28.08], [153.41, -28.08], [153.41, -28.07], [153.4, -28.07], [153.4, -28.08]]]}, "properties": {"count": 407, "intensity": 0.0028}}, {"type": "Feature", "geometry": {"type": "Polygon", "coordinates": [[[153.28, -27.87], [153.29, -27.87], [153.29, -27.86], [153.28, -27.86], [153.28, -27.87]]]}, "properties": {"count": 288, "intensity": 0.002}}, {"type": "Feature", "geometry": {"type": "Polygon", "coordinates": [[[153.11, -26.81], [153.12, -26.81], [153.12, -26.8], [153.11, -26.8], [153.11, -26.81]]]}, "properties": {"count": 1108, "intensity": 0.0077}}, {"type": "Feature", "geometry": {"type": "Polygon", "coordinates": [[[153.29, -27.87], [153.3, -27.87], [153.3, -27.86], [153.29, -27.86], [153.29, -27.87]]]}, "properties": {"count": 1128, "intensity": 0.0079}}, {"type": "Feature", "geometry": {"type": "Polygon", "coordinates": [[[153.29, -27.88], [153.3, -27.88], [153.3, -27.87], [153.29, -27.87], [153.29, -27.88]]]}, "properties": {"count": 438, "intensity": 0.0031}}, {"type": "Feature", "geometry": {"type": "Polygon", "coordinates": [[[153.3, -27.85], [153.31, -27.85], [153.31, -27.84], [153.3, -27.84], [153.3, -27.85]]]}, "properties": {"count": 350, "intensity": 0.0024}}, {"type": "Feature", "geometry": {"type": "Polygon", "coordinates": [[[153.29, -27.86], [153.3, -27.86], [153.3, -27.85], [153.29, -27.85], [153.29, -27.86]]]}, "properties": {"count": 527, "intensity": 0.0037}}, {"type": "Feature", "geometry": {"type": "Polygon", "coordinates": [[[153.3, -27.86], [153.31, -27.86], [153.31, -27.85], [153.3, -27.85], [153.3, -27.86]]]}, "properties": {"count": 1447, "intensity": 0.0101}}, {"type": "Feature", "geometry": {"type": "Polygon", "coordinates": [[[153.28, -27.9], [153.29, -27.9], [153.29, -27.89], [153.28, -27.89], [153.28, -27.9]]]}, "properties": {"count": 288, "intensity": 0.002}}, {"type": "Feature", "geometry": {"type": "Polygon", "coordinates": [[[153.28, -27.91], [153.29, -27.91], [153.29, -27.9], [153.28, -27.9], [153.28, -27.91]]]}, "properties": {"count": 144, "intensity": 0.001}}, {"type": "Feature", "geometry": {"type": "Polygon", "coordinates": [[[153.41, -28.09], [153.42, -28.09], [153.42, -28.08], [153.41, -28.08], [153.41, -28.09]]]}, "properties": {"count": 1854, "intensity": 0.0129}}, {"type": "Feature", "geometry": {"type": "Polygon", "coordinates": [[[153.34, -28.03], [153.35, -28.03], [153.35, -28.02], [153.34, -28.02], [153.34, -28.03]]]}, "properties": {"count": 438, "intensity": 0.0031}}, {"type": "Feature", "geometry": {"type": "Polygon", "coordinates": [[[153.23, -27.76], [153.24, -27.76], [153.24, -27.75], [153.23, -27.75], [153.23, -27.76]]]}, "properties": {"count": 12, "intensity": 0.0001}}, {"type": "Feature", "geometry": {"type": "Polygon", "coordinates": [[[153.23, -27.77], [153.24, -27.77], [153.24, -27.76], [153.23, -27.76], [153.23, -27.77]]]}, "properties": {"count": 3, "intensity": 0.0}}, {"type": "Feature", "geometry": {"type": "Polygon", "coordinates": [[[153.22, -27.73], [153.23, -27.73], [153.23, -27.72], [153.22, -27.72], [153.22, -27.73]]]}, "properties": {"count": 360, "intensity": 0.0025}}, {"type": "Feature", "geometry": {"type": "Polygon", "coordinates": [[[153.22, -27.74], [153.23, -27.74], [153.23, -27.73], [153.22, -27.73], [153.22, -27.74]]]}, "properties": {"count": 360, "intensity": 0.0025}}, {"type": "Feature", "geometry": {"type": "Polygon", "coordinates": [[[152.95, -26.97], [152.96, -26.97], [152.96, -26.96], [152.95, -26.96], [152.95, -26.97]]]}, "properties": {"count": 33, "intensity": 0.0002}}, {"type": "Feature", "geometry": {"type": "Polygon", "coordinates": [[[153.13, -26.71], [153.14, -26.71], [153.14, -26.7], [153.13, -26.7], [153.13, -26.71]]]}, "properties": {"count": 574, "intensity": 0.004}}, {"type": "Feature", "geometry": {"type": "Polygon", "coordinates": [[[153.13, -26.81], [153.14, -26.81], [153.14, -26.8], [153.13, -26.8], [153.13, -26.81]]]}, "properties": {"count": 7407, "intensity": 0.0517}}, {"type": "Feature", "geometry": {"type": "Polygon", "coordinates": [[[152.96, -26.81], [152.97, -26.81], [152.97, -26.8], [152.96, -26.8], [152.96, -26.81]]]}, "properties": {"count": 841, "intensity": 0.0059}}, {"type": "Feature", "geometry": {"type": "Polygon", "coordinates": [[[152.95, -26.63], [152.96, -26.63], [152.96, -26.62], [152.95, -26.62], [152.95, -26.63]]]}, "properties": {"count": 4911, "intensity": 0.0343}}, {"type": "Feature", "geometry": {"type": "Polygon", "coordinates": [[[153.11, -26.68], [153.12, -26.68], [153.12, -26.67], [153.11, -26.67], [153.11, -26.68]]]}, "properties": {"count": 5724, "intensity": 0.04}}, {"type": "Feature", "geometry": {"type": "Polygon", "coordinates": [[[153.1, -26.67], [153.11, -26.67], [153.11, -26.66], [153.1, -26.66], [153.1, -26.67]]]}, "properties": {"count": 5784, "intensity": 0.0404}}, {"type": "Feature", "geometry": {"type": "Polygon", "coordinates": [[[153.1, -26.68], [153.11, -26.68], [153.11, -26.67], [153.1, -26.67], [153.1, -26.68]]]}, "properties": {"count": 3232, "intensity": 0.0226}}, {"type": "Feature", "geometry": {"type": "Polygon", "coordinates": [[[153.12, -26.79], [153.13, -26.79], [153.13, -26.78], [153.12, -26.78], [153.12, -26.79]]]}, "properties": {"count": 490, "intensity": 0.0034}}, {"type": "Feature", "geometry": {"type": "Polygon", "coordinates": [[[153.12, -26.78], [153.13, -26.78], [153.13, -26.77], [153.12, -26.77], [153.12, -26.78]]]}, "properties": {"count": 2695, "intensity": 0.0188}}, {"type": "Feature", "geometry": {"type": "Polygon", "coordinates": [[[153.13, -26.78], [153.14, -26.78], [153.14, -26.77], [153.13, -26.77], [153.13, -26.78]]]}, "properties": {"count": 1782, "intensity": 0.0124}}, {"type": "Feature", "geometry": {"type": "Polygon", "coordinates": [[[152.95, -26.86], [152.96, -26.86], [152.96, -26.85], [152.95, -26.85], [152.95, -26.86]]]}, "properties": {"count": 307, "intensity": 0.0021}}, {"type": "Feature", "geometry": {"type": "Polygon", "coordinates": [[[153.12, -26.74], [153.13, -26.74], [153.13, -26.73], [153.12, -26.73], [153.12, -26.74]]]}, "properties": {"count": 6463, "intensity": 0.0451}}, {"type": "Feature", "geometry": {"type": "Polygon", "coordinates": [[[153.04, -26.63], [153.05, -26.63], [153.05, -26.62], [153.04, -26.62], [153.04, -26.63]]]}, "properties": {"count": 126, "intensity": 0.0009}}, {"type": "Feature", "geometry": {"type": "Polygon", "coordinates": [[[153.03, -26.64], [153.04, -26.64], [153.04, -26.63], [153.03, -26.63], [153.03, -26.64]]]}, "properties": {"count": 248, "intensity": 0.0017}}, {"type": "Feature", "geometry": {"type": "Polygon", "coordinates": [[[153.12, -26.75], [153.13, -26.75], [153.13, -26.74], [153.12, -26.74], [153.12, -26.75]]]}, "properties": {"count": 3106, "intensity": 0.0217}}, {"type": "Feature", "geometry": {"type": "Polygon", "coordinates": [[[153.04, -26.69], [153.05, -26.69], [153.05, -26.68], [153.04, -26.68], [153.04, -26.69]]]}, "properties": {"count": 932, "intensity": 0.0065}}, {"type": "Feature", "geometry": {"type": "Polygon", "coordinates": [[[153.05, -26.68], [153.06, -26.68], [153.06, -26.67], [153.05, -26.67], [153.05, -26.68]]]}, "properties": {"count": 402, "intensity": 0.0028}}, {"type": "Feature", "geometry": {"type": "Polygon", "coordinates": [[[153.08, -26.7], [153.09, -26.7], [153.09, -26.69], [153.08, -26.69], [153.08, -26.7]]]}, "properties": {"count": 919, "intensity": 0.0064}}, {"type": "Feature", "geometry": {"type": "Polygon", "coordinates": [[[153.06, -26.69], [153.07, -26.69], [153.07, -26.68], [153.06, -26.68], [153.06, -26.69]]]}, "properties": {"count": 844, "intensity": 0.0059}}, {"type": "Feature", "geometry": {"type": "Polygon", "coordinates": [[[153.07, -26.69], [153.08, -26.69], [153.08, -26.68], [153.07, -26.68], [153.07, -26.69]]]}, "properties": {"count": 640, "intensity": 0.0045}}, {"type": "Feature", "geometry": {"type": "Polygon", "coordinates": [[[153.05, -26.69], [153.06, -26.69], [153.06, -26.68], [153.05, -26.68], [153.05, -26.69]]]}, "properties": {"count": 982, "intensity": 0.0069}}, {"type": "Feature", "geometry": {"type": "Polygon", "coordinates": [[[153.09, -26.68], [153.1, -26.68], [153.1, -26.67], [153.09, -26.67], [153.09, -26.68]]]}, "properties": {"count": 910, "intensity": 0.0064}}, {"type": "Feature", "geometry": {"type": "Polygon", "coordinates": [[[153.08, -26.69], [153.09, -26.69], [153.09, -26.68], [153.08, -26.68], [153.08, -26.69]]]}, "properties": {"count": 1434, "intensity": 0.01}}, {"type": "Feature", "geometry": {"type": "Polygon", "coordinates": [[[153.08, -26.68], [153.09, -26.68], [153.09, -26.67], [153.08, -26.67], [153.08, -26.68]]]}, "properties": {"count": 691, "intensity": 0.0048}}, {"type": "Feature", "geometry": {"type": "Polygon", "coordinates": [[[153.09, -26.69], [153.1, -26.69], [153.1, -26.68], [153.09, -26.68], [153.09, -26.69]]]}, "properties": {"count": 597, "intensity": 0.0042}}, {"type": "Feature", "geometry": {"type": "Polygon", "coordinates": [[[152.94, -26.64], [152.95, -26.64], [152.95, -26.63], [152.94, -26.63], [152.94, -26.64]]]}, "properties": {"count": 1012, "intensity": 0.0071}}, {"type": "Feature", "geometry": {"type": "Polygon", "coordinates": [[[153.12, -26.81], [153.13, -26.81], [153.13, -26.8], [153.12, -26.8], [153.12, -26.81]]]}, "properties": {"count": 2020, "intensity": 0.0141}}, {"type": "Feature", "geometry": {"type": "Polygon", "coordinates": [[[153.13, -26.8], [153.14, -26.8], [153.14, -26.79], [153.13, -26.79], [153.13, -26.8]]]}, "properties": {"count": 1279, "intensity": 0.0089}}, {"type": "Feature", "geometry": {"type": "Polygon", "coordinates": [[[153.12, -26.8], [153.13, -26.8], [153.13, -26.79], [153.12, -26.79], [153.12, -26.8]]]}, "properties": {"count": 190, "intensity": 0.0013}}, {"type": "Feature", "geometry": {"type": "Polygon", "coordinates": [[[153.11, -26.8], [153.12, -26.8], [153.12, -26.79], [153.11, -26.79], [153.11, -26.8]]]}, "properties": {"count": 793, "intensity": 0.0055}}, {"type": "Feature", "geometry": {"type": "Polygon", "coordinates": [[[153.08, -26.53], [153.09, -26.53], [153.09, -26.52], [153.08, -26.52], [153.08, -26.53]]]}, "properties": {"count": 220, "intensity": 0.0015}}, {"type": "Feature", "geometry": {"type": "Polygon", "coordinates": [[[153.09, -26.54], [153.1, -26.54], [153.1, -26.53], [153.09, -26.53], [153.09, -26.54]]]}, "properties": {"count": 1041, "intensity": 0.0073}}, {"type": "Feature", "geometry": {"type": "Polygon", "coordinates": [[[153.09, -26.51], [153.1, -26.51], [153.1, -26.5], [153.09, -26.5], [153.09, -26.51]]]}, "properties": {"count": 748, "intensity": 0.0052}}, {"type": "Feature", "geometry": {"type": "Polygon", "coordinates": [[[153.09, -26.53], [153.1, -26.53], [153.1, -26.52], [153.09, -26.52], [153.09, -26.53]]]}, "properties": {"count": 748, "intensity": 0.0052}}, {"type": "Feature", "geometry": {"type": "Polygon", "coordinates": [[[153.08, -26.52], [153.09, -26.52], [153.09, -26.51], [153.08, -26.51], [153.08, -26.52]]]}, "properties": {"count": 1496, "intensity": 0.0104}}, {"type": "Feature", "geometry": {"type": "Polygon", "coordinates": [[[153.09, -26.55], [153.1, -26.55], [153.1, -26.54], [153.09, -26.54], [153.09, -26.55]]]}, "properties": {"count": 517, "intensity": 0.0036}}, {"type": "Feature", "geometry": {"type": "Polygon", "coordinates": [[[153.12, -26.77], [153.13, -26.77], [153.13, -26.76], [153.12, -26.76], [153.12, -26.77]]]}, "properties": {"count": 3611, "intensity": 0.0252}}, {"type": "Feature", "geometry": {"type": "Polygon", "coordinates": [[[153.11, -26.78], [153.12, -26.78], [153.12, -26.77], [153.11, -26.77], [153.11, -26.78]]]}, "properties": {"count": 1564, "intensity": 0.0109}}, {"type": "Feature", "geometry": {"type": "Polygon", "coordinates": [[[153.13, -26.79], [153.14, -26.79], [153.14, -26.78], [153.13, -26.78], [153.13, -26.79]]]}, "properties": {"count": 5223, "intensity": 0.0365}}, {"type": "Feature", "geometry": {"type": "Polygon", "coordinates": [[[153.04, -26.65], [153.05, -26.65], [153.05, -26.64], [153.04, -26.64], [153.04, -26.65]]]}, "properties": {"count": 248, "intensity": 0.0017}}, {"type": "Feature", "geometry": {"type": "Polygon", "coordinates": [[[152.95, -26.73], [152.96, -26.73], [152.96, -26.72], [152.95, -26.72], [152.95, -26.73]]]}, "properties": {"count": 310, "intensity": 0.0022}}, {"type": "Feature", "geometry": {"type": "Polygon", "coordinates": [[[153.0, -26.69], [153.01, -26.69], [153.01, -26.68], [153.0, -26.68], [153.0, -26.69]]]}, "properties": {"count": 100, "intensity": 0.0007}}, {"type": "Feature", "geometry": {"type": "Polygon", "coordinates": [[[153.0, -26.68], [153.01, -26.68], [153.01, -26.67], [153.0, -26.67], [153.0, -26.68]]]}, "properties": {"count": 594, "intensity": 0.0041}}, {"type": "Feature", "geometry": {"type": "Polygon", "coordinates": [[[153.03, -26.78], [153.04, -26.78], [153.04, -26.77], [153.03, -26.77], [153.03, -26.78]]]}, "properties": {"count": 522, "intensity": 0.0036}}, {"type": "Feature", "geometry": {"type": "Polygon", "coordinates": [[[153.12, -26.83], [153.13, -26.83], [153.13, -26.82], [153.12, -26.82], [153.12, -26.83]]]}, "properties": {"count": 95, "intensity": 0.0007}}, {"type": "Feature", "geometry": {"type": "Polygon", "coordinates": [[[153.11, -26.83], [153.12, -26.83], [153.12, -26.82], [153.11, -26.82], [153.11, -26.83]]]}, "properties": {"count": 974, "intensity": 0.0068}}, {"type": "Feature", "geometry": {"type": "Polygon", "coordinates": [[[153.14, -26.81], [153.15, -26.81], [153.15, -26.8], [153.14, -26.8], [153.14, -26.81]]]}, "properties": {"count": 1372, "intensity": 0.0096}}, {"type": "Feature", "geometry": {"type": "Polygon", "coordinates": [[[153.03, -26.67], [153.04, -26.67], [153.04, -26.66], [153.03, -26.66], [153.03, -26.67]]]}, "properties": {"count": 392, "intensity": 0.0027}}, {"type": "Feature", "geometry": {"type": "Polygon", "coordinates": [[[153.04, -26.67], [153.05, -26.67], [153.05, -26.66], [153.04, -26.66], [153.04, -26.67]]]}, "properties": {"count": 392, "intensity": 0.0027}}, {"type": "Feature", "geometry": {"type": "Polygon", "coordinates": [[[153.1, -26.8], [153.11, -26.8], [153.11, -26.79], [153.1, -26.79], [153.1, -26.8]]]}, "properties": {"count": 1037, "intensity": 0.0072}}, {"type": "Feature", "geometry": {"type": "Polygon", "coordinates": [[[153.08, -26.79], [153.09, -26.79], [153.09, -26.78], [153.08, -26.78], [153.08, -26.79]]]}, "properties": {"count": 321, "intensity": 0.0022}}, {"type": "Feature", "geometry": {"type": "Polygon", "coordinates": [[[153.09, -26.79], [153.1, -26.79], [153.1, -26.78], [153.09, -26.78], [153.09, -26.79]]]}, "properties": {"count": 438, "intensity": 0.0031}}, {"type": "Feature", "geometry": {"type": "Polygon", "coordinates": [[[153.09, -26.8], [153.1, -26.8], [153.1, -26.79], [153.09, -26.79], [153.09, -26.8]]]}, "properties": {"count": 1218, "intensity": 0.0085}}, {"type": "Feature", "geometry": {"type": "Polygon", "coordinates": [[[153.09, -26.59], [153.1, -26.59], [153.1, -26.58], [153.09, -26.58], [153.09, -26.59]]]}, "properties": {"count": 1914, "intensity": 0.0134}}, {"type": "Feature", "geometry": {"type": "Polygon", "coordinates": [[[153.09, -26.58], [153.1, -26.58], [153.1, -26.57], [153.09, -26.57], [153.09, -26.58]]]}, "properties": {"count": 737, "intensity": 0.0051}}, {"type": "Feature", "geometry": {"type": "Polygon", "coordinates": [[[153.09, -26.61], [153.1, -26.61], [153.1, -26.6], [153.09, -26.6], [153.09, -26.61]]]}, "properties": {"count": 1372, "intensity": 0.0096}}, {"type": "Feature", "geometry": {"type": "Polygon", "coordinates": [[[153.08, -26.62], [153.09, -26.62], [153.09, -26.61], [153.08, -26.61], [153.08, -26.62]]]}, "properties": {"count": 1694, "intensity": 0.0118}}, {"type": "Feature", "geometry": {"type": "Polygon", "coordinates": [[[153.09, -26.66], [153.1, -26.66], [153.1, -26.65], [153.09, -26.65], [153.09, -26.66]]]}, "properties": {"count": 8651, "intensity": 0.0604}}, {"type": "Feature", "geometry": {"type": "Polygon", "coordinates": [[[153.07, -26.65], [153.08, -26.65], [153.08, -26.64], [153.07, -26.64], [153.07, -26.65]]]}, "properties": {"count": 1970, "intensity": 0.0138}}, {"type": "Feature", "geometry": {"type": "Polygon", "coordinates": [[[153.06, -26.65], [153.07, -26.65], [153.07, -26.64], [153.06, -26.64], [153.06, -26.65]]]}, "properties": {"count": 1738, "intensity": 0.0121}}, {"type": "Feature", "geometry": {"type": "Polygon", "coordinates": [[[153.08, -26.65], [153.09, -26.65], [153.09, -26.64], [153.08, -26.64], [153.08, -26.65]]]}, "properties": {"count": 985, "intensity": 0.0069}}, {"type": "Feature", "geometry": {"type": "Polygon", "coordinates": [[[153.1, -26.66], [153.11, -26.66], [153.11, -26.65], [153.1, -26.65], [153.1, -26.66]]]}, "properties": {"count": 1410, "intensity": 0.0098}}, {"type": "Feature", "geometry": {"type": "Polygon", "coordinates": [[[153.07, -26.66], [153.08, -26.66], [153.08, -26.65], [153.07, -26.65], [153.07, -26.66]]]}, "properties": {"count": 974, "intensity": 0.0068}}, {"type": "Feature", "geometry": {"type": "Polygon", "coordinates": [[[153.08, -26.66], [153.09, -26.66], [153.09, -26.65], [153.08, -26.65], [153.08, -26.66]]]}, "properties": {"count": 936, "intensity": 0.0065}}, {"type": "Feature", "geometry": {"type": "Polygon", "coordinates": [[[153.07, -26.79], [153.08, -26.79], [153.08, -26.78], [153.07, -26.78], [153.07, -26.79]]]}, "properties": {"count": 84, "intensity": 0.0006}}, {"type": "Feature", "geometry": {"type": "Polygon", "coordinates": [[[153.12, -26.71], [153.13, -26.71], [153.13, -26.7], [153.12, -26.7], [153.12, -26.71]]]}, "properties": {"count": 6542, "intensity": 0.0457}}, {"type": "Feature", "geometry": {"type": "Polygon", "coordinates": [[[153.12, -26.7], [153.13, -26.7], [153.13, -26.69], [153.12, -26.69], [153.12, -26.7]]]}, "properties": {"count": 1166, "intensity": 0.0081}}, {"type": "Feature", "geometry": {"type": "Polygon", "coordinates": [[[153.11, -26.7], [153.12, -26.7], [153.12, -26.69], [153.11, -26.69], [153.11, -26.7]]]}, "properties": {"count": 2936, "intensity": 0.0205}}, {"type": "Feature", "geometry": {"type": "Polygon", "coordinates": [[[153.14, -26.8], [153.15, -26.8], [153.15, -26.79], [153.14, -26.79], [153.14, -26.8]]]}, "properties": {"count": 4116, "intensity": 0.0287}}, {"type": "Feature", "geometry": {"type": "Polygon", "coordinates": [[[153.11, -26.69], [153.12, -26.69], [153.12, -26.68], [153.11, -26.68], [153.11, -26.69]]]}, "properties": {"count": 5100, "intensity": 0.0356}}, {"type": "Feature", "geometry": {"type": "Polygon", "coordinates": [[[153.12, -26.69], [153.13, -26.69], [153.13, -26.68], [153.12, -26.68], [153.12, -26.69]]]}, "properties": {"count": 1730, "intensity": 0.0121}}, {"type": "Feature", "geometry": {"type": "Polygon", "coordinates": [[[152.96, -26.77], [152.97, -26.77], [152.97, -26.76], [152.96, -26.76], [152.96, -26.77]]]}, "properties": {"count": 310, "intensity": 0.0022}}, {"type": "Feature", "geometry": {"type": "Polygon", "coordinates": [[[153.09, -26.57], [153.1, -26.57], [153.1, -26.56], [153.09, -26.56], [153.09, -26.57]]]}, "properties": {"count": 1474, "intensity": 0.0103}}, {"type": "Feature", "geometry": {"type": "Polygon", "coordinates": [[[153.1, -26.7], [153.11, -26.7], [153.11, -26.69], [153.1, -26.69], [153.1, -26.7]]]}, "properties": {"count": 898, "intensity": 0.0063}}, {"type": "Feature", "geometry": {"type": "Polygon", "coordinates": [[[153.1, -26.69], [153.11, -26.69], [153.11, -26.68], [153.1, -26.68], [153.1, -26.69]]]}, "properties": {"count": 1108, "intensity": 0.0077}}, {"type": "Feature", "geometry": {"type": "Polygon", "coordinates": [[[153.1, -26.62], [153.11, -26.62], [153.11, -26.61], [153.1, -26.61], [153.1, -26.62]]]}, "properties": {"count": 523, "intensity": 0.0037}}, {"type": "Feature", "geometry": {"type": "Polygon", "coordinates": [[[152.96, -26.63], [152.97, -26.63], [152.97, -26.62], [152.96, -26.62], [152.96, -26.63]]]}, "properties": {"count": 1034, "intensity": 0.0072}}, {"type": "Feature", "geometry": {"type": "Polygon", "coordinates": [[[152.96, -26.62], [152.97, -26.62], [152.97, -26.61], [152.96, -26.61], [152.96, -26.62]]]}, "properties": {"count": 286, "intensity": 0.002}}, {"type": "Feature", "geometry": {"type": "Polygon", "coordinates": [[[152.96, -26.64], [152.97, -26.64], [152.97, -26.63], [152.96, -26.63], [152.96, -26.64]]]}, "properties": {"count": 358, "intensity": 0.0025}}, {"type": "Feature", "geometry": {"type": "Polygon", "coordinates": [[[153.07, -26.63], [153.08, -26.63], [153.08, -26.62], [153.07, -26.62], [153.07, -26.63]]]}, "properties": {"count": 737, "intensity": 0.0051}}, {"type": "Feature", "geometry": {"type": "Polygon", "coordinates": [[[153.07, -26.62], [153.08, -26.62], [153.08, -26.61], [153.07, -26.61], [153.07, -26.62]]]}, "properties": {"count": 737, "intensity": 0.0051}}, {"type": "Feature", "geometry": {"type": "Polygon", "coordinates": [[[152.97, -26.61], [152.98, -26.61], [152.98, -26.6], [152.97, -26.6], [152.97, -26.61]]]}, "properties": {"count": 228, "intensity": 0.0016}}, {"type": "Feature", "geometry": {"type": "Polygon", "coordinates": [[[153.1, -26.84], [153.11, -26.84], [153.11, -26.83], [153.1, -26.83], [153.1, -26.84]]]}, "properties": {"count": 487, "intensity": 0.0034}}, {"type": "Feature", "geometry": {"type": "Polygon", "coordinates": [[[153.05, -26.73], [153.06, -26.73], [153.06, -26.72], [153.05, -26.72], [153.05, -26.73]]]}, "properties": {"count": 2496, "intensity": 0.0174}}, {"type": "Feature", "geometry": {"type": "Polygon", "coordinates": [[[153.05, -26.72], [153.06, -26.72], [153.06, -26.71], [153.05, -26.71], [153.05, -26.72]]]}, "properties": {"count": 1150, "intensity": 0.008}}, {"type": "Feature", "geometry": {"type": "Polygon", "coordinates": [[[153.12, -26.73], [153.13, -26.73], [153.13, -26.72], [153.12, -26.72], [153.12, -26.73]]]}, "properties": {"count": 3729, "intensity": 0.026}}, {"type": "Feature", "geometry": {"type": "Polygon", "coordinates": [[[153.12, -26.72], [153.13, -26.72], [153.13, -26.71], [153.12, -26.71], [153.12, -26.72]]]}, "properties": {"count": 3882, "intensity": 0.0271}}, {"type": "Feature", "geometry": {"type": "Polygon", "coordinates": [[[153.13, -26.72], [153.14, -26.72], [153.14, -26.71], [153.13, -26.71], [153.13, -26.72]]]}, "properties": {"count": 1084, "intensity": 0.0076}}, {"type": "Feature", "geometry": {"type": "Polygon", "coordinates": [[[152.99, -26.68], [153.0, -26.68], [153.0, -26.67], [152.99, -26.67], [152.99, -26.68]]]}, "properties": {"count": 492, "intensity": 0.0034}}, {"type": "Feature", "geometry": {"type": "Polygon", "coordinates": [[[152.96, -26.66], [152.97, -26.66], [152.97, -26.65], [152.96, -26.65], [152.96, -26.66]]]}, "properties": {"count": 298, "intensity": 0.0021}}, {"type": "Feature", "geometry": {"type": "Polygon", "coordinates": [[[152.98, -26.67], [152.99, -26.67], [152.99, -26.66], [152.98, -26.66], [152.98, -26.67]]]}, "properties": {"count": 492, "intensity": 0.0034}}, {"type": "Feature", "geometry": {"type": "Polygon", "coordinates": [[[152.96, -26.67], [152.97, -26.67], [152.97, -26.66], [152.96, -26.66], [152.96, -26.67]]]}, "properties": {"count": 1616, "intensity": 0.0113}}, {"type": "Feature", "geometry": {"type": "Polygon", "coordinates": [[[153.12, -26.76], [153.13, -26.76], [153.13, -26.75], [153.12, -26.75], [153.12, -26.76]]]}, "properties": {"count": 1740, "intensity": 0.0122}}, {"type": "Feature", "geometry": {"type": "Polygon", "coordinates": [[[152.95, -26.57], [152.96, -26.57], [152.96, -26.56], [152.95, -26.56], [152.95, -26.57]]]}, "properties": {"count": 409, "intensity": 0.0029}}, {"type": "Feature", "geometry": {"type": "Polygon", "coordinates": [[[153.09, -26.56], [153.1, -26.56], [153.1, -26.55], [153.09, -26.55], [153.09, -26.56]]]}, "properties": {"count": 1034, "intensity": 0.0072}}, {"type": "Feature", "geometry": {"type": "Polygon", "coordinates": [[[153.11, -26.79], [153.12, -26.79], [153.12, -26.78], [153.11, -26.78], [153.11, -26.79]]]}, "properties": {"count": 190, "intensity": 0.0013}}, {"type": "Feature", "geometry": {"type": "Polygon", "coordinates": [[[153.03, -26.63], [153.04, -26.63], [153.04, -26.62], [153.03, -26.62], [153.03, -26.63]]]}, "properties": {"count": 248, "intensity": 0.0017}}, {"type": "Feature", "geometry": {"type": "Polygon", "coordinates": [[[153.03, -26.62], [153.04, -26.62], [153.04, -26.61], [153.03, -26.61], [153.03, -26.62]]]}, "properties": {"count": 744, "intensity": 0.0052}}, {"type": "Feature", "geometry": {"type": "Polygon", "coordinates": [[[153.03, -26.61], [153.04, -26.61], [153.04, -26.6], [153.03, -26.6], [153.03, -26.61]]]}, "properties": {"count": 744, "intensity": 0.0052}}, {"type": "Feature", "geometry": {"type": "Polygon", "coordinates": [[[153.04, -26.7], [153.05, -26.7], [153.05, -26.69], [153.04, -26.69], [153.04, -26.7]]]}, "properties": {"count": 716, "intensity": 0.005}}, {"type": "Feature", "geometry": {"type": "Polygon", "coordinates": [[[153.07, -26.71], [153.08, -26.71], [153.08, -26.7], [153.07, -26.7], [153.07, -26.71]]]}, "properties": {"count": 624, "intensity": 0.0044}}, {"type": "Feature", "geometry": {"type": "Polygon", "coordinates": [[[153.08, -26.71], [153.09, -26.71], [153.09, -26.7], [153.08, -26.7], [153.08, -26.71]]]}, "properties": {"count": 100, "intensity": 0.0007}}, {"type": "Feature", "geometry": {"type": "Polygon", "coordinates": [[[153.03, -26.7], [153.04, -26.7], [153.04, -26.69], [153.03, -26.69], [153.03, -26.7]]]}, "properties": {"count": 100, "intensity": 0.0007}}, {"type": "Feature", "geometry": {"type": "Polygon", "coordinates": [[[153.06, -26.67], [153.07, -26.67], [153.07, -26.66], [153.06, -26.66], [153.06, -26.67]]]}, "properties": {"count": 208, "intensity": 0.0015}}, {"type": "Feature", "geometry": {"type": "Polygon", "coordinates": [[[153.05, -26.67], [153.06, -26.67], [153.06, -26.66], [153.05, -26.66], [153.05, -26.67]]]}, "properties": {"count": 416, "intensity": 0.0029}}, {"type": "Feature", "geometry": {"type": "Polygon", "coordinates": [[[153.05, -26.71], [153.06, -26.71], [153.06, -26.7], [153.05, -26.7], [153.05, -26.71]]]}, "properties": {"count": 1460, "intensity": 0.0102}}, {"type": "Feature", "geometry": {"type": "Polygon", "coordinates": [[[153.05, -26.7], [153.06, -26.7], [153.06, -26.69], [153.05, -26.69], [153.05, -26.7]]]}, "properties": {"count": 352, "intensity": 0.0025}}, {"type": "Feature", "geometry": {"type": "Polygon", "coordinates": [[[153.07, -26.68], [153.08, -26.68], [153.08, -26.67], [153.07, -26.67], [153.07, -26.68]]]}, "properties": {"count": 208, "intensity": 0.0015}}, {"type": "Feature", "geometry": {"type": "Polygon", "coordinates": [[[153.09, -26.81], [153.1, -26.81], [153.1, -26.8], [153.09, -26.8], [153.09, -26.81]]]}, "properties": {"count": 328, "intensity": 0.0023}}, {"type": "Feature", "geometry": {"type": "Polygon", "coordinates": [[[153.08, -26.54], [153.09, -26.54], [153.09, -26.53], [153.08, -26.53], [153.08, -26.54]]]}, "properties": {"count": 552, "intensity": 0.0039}}, {"type": "Feature", "geometry": {"type": "Polygon", "coordinates": [[[153.07, -26.54], [153.08, -26.54], [153.08, -26.53], [153.07, -26.53], [153.07, -26.54]]]}, "properties": {"count": 440, "intensity": 0.0031}}, {"type": "Feature", "geometry": {"type": "Polygon", "coordinates": [[[153.13, -26.77], [153.14, -26.77], [153.14, -26.76], [153.13, -26.76], [153.13, -26.77]]]}, "properties": {"count": 410, "intensity": 0.0029}}, {"type": "Feature", "geometry": {"type": "Polygon", "coordinates": [[[153.02, -26.67], [153.03, -26.67], [153.03, -26.66], [153.02, -26.66], [153.02, -26.67]]]}, "properties": {"count": 392, "intensity": 0.0027}}, {"type": "Feature", "geometry": {"type": "Polygon", "coordinates": [[[153.11, -26.84], [153.12, -26.84], [153.12, -26.83], [153.11, -26.83], [153.11, -26.84]]]}, "properties": {"count": 970, "intensity": 0.0068}}, {"type": "Feature", "geometry": {"type": "Polygon", "coordinates": [[[153.11, -26.82], [153.12, -26.82], [153.12, -26.81], [153.11, -26.81], [153.11, -26.82]]]}, "properties": {"count": 776, "intensity": 0.0054}}, {"type": "Feature", "geometry": {"type": "Polygon", "coordinates": [[[152.96, -26.59], [152.97, -26.59], [152.97, -26.58], [152.96, -26.58], [152.96, -26.59]]]}, "properties": {"count": 228, "intensity": 0.0016}}, {"type": "Feature", "geometry": {"type": "Polygon", "coordinates": [[[153.06, -26.66], [153.07, -26.66], [153.07, -26.65], [153.06, -26.65], [153.06, -26.66]]]}, "properties": {"count": 1378, "intensity": 0.0096}}, {"type": "Feature", "geometry": {"type": "Polygon", "coordinates": [[[153.05, -26.66], [153.06, -26.66], [153.06, -26.65], [153.05, -26.65], [153.05, -26.66]]]}, "properties": {"count": 784, "intensity": 0.0055}}, {"type": "Feature", "geometry": {"type": "Polygon", "coordinates": [[[153.1, -26.78], [153.11, -26.78], [153.11, -26.77], [153.1, -26.77], [153.1, -26.78]]]}, "properties": {"count": 283, "intensity": 0.002}}, {"type": "Feature", "geometry": {"type": "Polygon", "coordinates": [[[153.1, -26.79], [153.11, -26.79], [153.11, -26.78], [153.1, -26.78], [153.1, -26.79]]]}, "properties": {"count": 214, "intensity": 0.0015}}, {"type": "Feature", "geometry": {"type": "Polygon", "coordinates": [[[153.08, -26.78], [153.09, -26.78], [153.09, -26.77], [153.08, -26.77], [153.08, -26.78]]]}, "properties": {"count": 190, "intensity": 0.0013}}, {"type": "Feature", "geometry": {"type": "Polygon", "coordinates": [[[153.09, -26.78], [153.1, -26.78], [153.1, -26.77], [153.09, -26.77], [153.09, -26.78]]]}, "properties": {"count": 380, "intensity": 0.0027}}, {"type": "Feature", "geometry": {"type": "Polygon", "coordinates": [[[153.09, -26.67], [153.1, -26.67], [153.1, -26.66], [153.09, -26.66], [153.09, -26.67]]]}, "properties": {"count": 1032, "intensity": 0.0072}}, {"type": "Feature", "geometry": {"type": "Polygon", "coordinates": [[[153.02, -26.7], [153.03, -26.7], [153.03, -26.69], [153.02, -26.69], [153.02, -26.7]]]}, "properties": {"count": 52, "intensity": 0.0004}}, {"type": "Feature", "geometry": {"type": "Polygon", "coordinates": [[[153.02, -26.69], [153.03, -26.69], [153.03, -26.68], [153.02, -26.68], [153.02, -26.69]]]}, "properties": {"count": 48, "intensity": 0.0003}}, {"type": "Feature", "geometry": {"type": "Polygon", "coordinates": [[[153.09, -26.71], [153.1, -26.71], [153.1, -26.7], [153.09, -26.7], [153.09, -26.71]]]}, "properties": {"count": 564, "intensity": 0.0039}}, {"type": "Feature", "geometry": {"type": "Polygon", "coordinates": [[[153.09, -26.62], [153.1, -26.62], [153.1, -26.61], [153.09, -26.61], [153.09, -26.62]]]}, "properties": {"count": 1569, "intensity": 0.011}}, {"type": "Feature", "geometry": {"type": "Polygon", "coordinates": [[[152.94, -26.63], [152.95, -26.63], [152.95, -26.62], [152.94, -26.62], [152.94, -26.63]]]}, "properties": {"count": 662, "intensity": 0.0046}}, {"type": "Feature", "geometry": {"type": "Polygon", "coordinates": [[[152.95, -26.69], [152.96, -26.69], [152.96, -26.68], [152.95, -26.68], [152.95, -26.69]]]}, "properties": {"count": 100, "intensity": 0.0007}}, {"type": "Feature", "geometry": {"type": "Polygon", "coordinates": [[[152.94, -26.7], [152.95, -26.7], [152.95, -26.69], [152.94, -26.69], [152.94, -26.7]]]}, "properties": {"count": 64, "intensity": 0.0004}}, {"type": "Feature", "geometry": {"type": "Polygon", "coordinates": [[[152.96, -26.69], [152.97, -26.69], [152.97, -26.68], [152.96, -26.68], [152.96, -26.69]]]}, "properties": {"count": 306, "intensity": 0.0021}}, {"type": "Feature", "geometry": {"type": "Polygon", "coordinates": [[[153.1, -26.83], [153.11, -26.83], [153.11, -26.82], [153.1, -26.82], [153.1, -26.83]]]}, "properties": {"count": 194, "intensity": 0.0014}}, {"type": "Feature", "geometry": {"type": "Polygon", "coordinates": [[[153.04, -26.73], [153.05, -26.73], [153.05, -26.72], [153.04, -26.72], [153.04, -26.73]]]}, "properties": {"count": 571, "intensity": 0.004}}, {"type": "Feature", "geometry": {"type": "Polygon", "coordinates": [[[153.07, -26.73], [153.08, -26.73], [153.08, -26.72], [153.07, -26.72], [153.07, -26.73]]]}, "properties": {"count": 1054, "intensity": 0.0074}}, {"type": "Feature", "geometry": {"type": "Polygon", "coordinates": [[[153.11, -26.77], [153.12, -26.77], [153.12, -26.76], [153.11, -26.76], [153.11, -26.77]]]}, "properties": {"count": 1230, "intensity": 0.0086}}, {"type": "Feature", "geometry": {"type": "Polygon", "coordinates": [[[153.11, -26.76], [153.12, -26.76], [153.12, -26.75], [153.11, -26.75], [153.11, -26.76]]]}, "properties": {"count": 410, "intensity": 0.0029}}, {"type": "Feature", "geometry": {"type": "Polygon", "coordinates": [[[153.08, -26.61], [153.09, -26.61], [153.09, -26.6], [153.08, -26.6], [153.08, -26.61]]]}, "properties": {"count": 220, "intensity": 0.0015}}, {"type": "Feature", "geometry": {"type": "Polygon", "coordinates": [[[153.4, -28.1], [153.41, -28.1], [153.41, -28.09], [153.4, -28.09], [153.4, -28.1]]]}, "properties": {"count": 1508, "intensity": 0.0105}}, {"type": "Feature", "geometry": {"type": "Polygon", "coordinates": [[[153.2, -27.72], [153.21, -27.72], [153.21, -27.71], [153.2, -27.71], [153.2, -27.72]]]}, "properties": {"count": 5051, "intensity": 0.0353}}, {"type": "Feature", "geometry": {"type": "Polygon", "coordinates": [[[153.21, -27.5], [153.22, -27.5], [153.22, -27.49], [153.21, -27.49], [153.21, -27.5]]]}, "properties": {"count": 2461, "intensity": 0.0172}}, {"type": "Feature", "geometry": {"type": "Polygon", "coordinates": [[[153.15, -27.07], [153.16, -27.07], [153.16, -27.06], [153.15, -27.06], [153.15, -27.07]]]}, "properties": {"count": 2498, "intensity": 0.0174}}, {"type": "Feature", "geometry": {"type": "Polygon", "coordinates": [[[152.78, -27.62], [152.79, -27.62], [152.79, -27.61], [152.78, -27.61], [152.78, -27.62]]]}, "properties": {"count": 1692, "intensity": 0.0118}}, {"type": "Feature", "geometry": {"type": "Polygon", "coordinates": [[[152.78, -27.61], [152.79, -27.61], [152.79, -27.6], [152.78, -27.6], [152.78, -27.61]]]}, "properties": {"count": 1556, "intensity": 0.0109}}, {"type": "Feature", "geometry": {"type": "Polygon", "coordinates": [[[152.95, -27.17], [152.96, -27.17], [152.96, -27.16], [152.95, -27.16], [152.95, -27.17]]]}, "properties": {"count": 1101, "intensity": 0.0077}}, {"type": "Feature", "geometry": {"type": "Polygon", "coordinates": [[[152.95, -27.09], [152.96, -27.09], [152.96, -27.08], [152.95, -27.08], [152.95, -27.09]]]}, "properties": {"count": 2428, "intensity": 0.017}}, {"type": "Feature", "geometry": {"type": "Polygon", "coordinates": [[[152.94, -27.09], [152.95, -27.09], [152.95, -27.08], [152.94, -27.08], [152.94, -27.09]]]}, "properties": {"count": 1143, "intensity": 0.008}}, {"type": "Feature", "geometry": {"type": "Polygon", "coordinates": [[[153.26, -27.53], [153.27, -27.53], [153.27, -27.52], [153.26, -27.52], [153.26, -27.53]]]}, "properties": {"count": 3646, "intensity": 0.0255}}, {"type": "Feature", "geometry": {"type": "Polygon", "coordinates": [[[152.94, -27.02], [152.95, -27.02], [152.95, -27.01], [152.94, -27.01], [152.94, -27.02]]]}, "properties": {"count": 307, "intensity": 0.0021}}, {"type": "Feature", "geometry": {"type": "Polygon", "coordinates": [[[152.9, -27.61], [152.91, -27.61], [152.91, -27.6], [152.9, -27.6], [152.9, -27.61]]]}, "properties": {"count": 2555, "intensity": 0.0178}}, {"type": "Feature", "geometry": {"type": "Polygon", "coordinates": [[[152.89, -27.61], [152.9, -27.61], [152.9, -27.6], [152.89, -27.6], [152.89, -27.61]]]}, "properties": {"count": 1363, "intensity": 0.0095}}, {"type": "Feature", "geometry": {"type": "Polygon", "coordinates": [[[152.75, -27.62], [152.76, -27.62], [152.76, -27.61], [152.75, -27.61], [152.75, -27.62]]]}, "properties": {"count": 3155, "intensity": 0.022}}, {"type": "Feature", "geometry": {"type": "Polygon", "coordinates": [[[152.76, -27.62], [152.77, -27.62], [152.77, -27.61], [152.76, -27.61], [152.76, -27.62]]]}, "properties": {"count": 5825, "intensity": 0.0407}}, {"type": "Feature", "geometry": {"type": "Polygon", "coordinates": [[[152.75, -27.63], [152.76, -27.63], [152.76, -27.62], [152.75, -27.62], [152.75, -27.63]]]}, "properties": {"count": 979, "intensity": 0.0068}}, {"type": "Feature", "geometry": {"type": "Polygon", "coordinates": [[[153.07, -27.22], [153.08, -27.22], [153.08, -27.21], [153.07, -27.21], [153.07, -27.22]]]}, "properties": {"count": 2796, "intensity": 0.0195}}, {"type": "Feature", "geometry": {"type": "Polygon", "coordinates": [[[152.98, -27.29], [152.99, -27.29], [152.99, -27.28], [152.98, -27.28], [152.98, -27.29]]]}, "properties": {"count": 2158, "intensity": 0.0151}}, {"type": "Feature", "geometry": {"type": "Polygon", "coordinates": [[[153.1, -27.64], [153.11, -27.64], [153.11, -27.63], [153.1, -27.63], [153.1, -27.64]]]}, "properties": {"count": 4140, "intensity": 0.0289}}, {"type": "Feature", "geometry": {"type": "Polygon", "coordinates": [[[152.95, -27.12], [152.96, -27.12], [152.96, -27.11], [152.95, -27.11], [152.95, -27.12]]]}, "properties": {"count": 2335, "intensity": 0.0163}}, {"type": "Feature", "geometry": {"type": "Polygon", "coordinates": [[[152.95, -27.21], [152.96, -27.21], [152.96, -27.2], [152.95, -27.2], [152.95, -27.21]]]}, "properties": {"count": 918, "intensity": 0.0064}}, {"type": "Feature", "geometry": {"type": "Polygon", "coordinates": [[[152.75, -27.61], [152.76, -27.61], [152.76, -27.6], [152.75, -27.6], [152.75, -27.61]]]}, "properties": {"count": 1969, "intensity": 0.0138}}, {"type": "Feature", "geometry": {"type": "Polygon", "coordinates": [[[153.04, -27.32], [153.05, -27.32], [153.05, -27.31], [153.04, -27.31], [153.04, -27.32]]]}, "properties": {"count": 2703, "intensity": 0.0189}}, {"type": "Feature", "geometry": {"type": "Polygon", "coordinates": [[[152.87, -27.6], [152.88, -27.6], [152.88, -27.59], [152.87, -27.59], [152.87, -27.6]]]}, "properties": {"count": 1348, "intensity": 0.0094}}, {"type": "Feature", "geometry": {"type": "Polygon", "coordinates": [[[152.87, -27.65], [152.88, -27.65], [152.88, -27.64], [152.87, -27.64], [152.87, -27.65]]]}, "properties": {"count": 1306, "intensity": 0.0091}}, {"type": "Feature", "geometry": {"type": "Polygon", "coordinates": [[[153.06, -27.22], [153.07, -27.22], [153.07, -27.21], [153.06, -27.21], [153.06, -27.22]]]}, "properties": {"count": 1278, "intensity": 0.0089}}, {"type": "Feature", "geometry": {"type": "Polygon", "coordinates": [[[153.05, -27.22], [153.06, -27.22], [153.06, -27.21], [153.05, -27.21], [153.05, -27.22]]]}, "properties": {"count": 2154, "intensity": 0.015}}, {"type": "Feature", "geometry": {"type": "Polygon", "coordinates": [[[152.9, -27.69], [152.91, -27.69], [152.91, -27.68], [152.9, -27.68], [152.9, -27.69]]]}, "properties": {"count": 1606, "intensity": 0.0112}}, {"type": "Feature", "geometry": {"type": "Polygon", "coordinates": [[[152.9, -27.68], [152.91, -27.68], [152.91, -27.67], [152.9, -27.67], [152.9, -27.68]]]}, "properties": {"count": 4173, "intensity": 0.0291}}, {"type": "Feature", "geometry": {"type": "Polygon", "coordinates": [[[153.28, -27.59], [153.29, -27.59], [153.29, -27.58], [153.28, -27.58], [153.28, -27.59]]]}, "properties": {"count": 1733, "intensity": 0.0121}}, {"type": "Feature", "geometry": {"type": "Polygon", "coordinates": [[[152.73, -27.67], [152.74, -27.67], [152.74, -27.66], [152.73, -27.66], [152.73, -27.67]]]}, "properties": {"count": 476, "intensity": 0.0033}}, {"type": "Feature", "geometry": {"type": "Polygon", "coordinates": [[[153.22, -27.55], [153.23, -27.55], [153.23, -27.54], [153.22, -27.54], [153.22, -27.55]]]}, "properties": {"count": 660, "intensity": 0.0046}}, {"type": "Feature", "geometry": {"type": "Polygon", "coordinates": [[[153.23, -27.57], [153.24, -27.57], [153.24, -27.56], [153.23, -27.56], [153.23, -27.57]]]}, "properties": {"count": 681, "intensity": 0.0048}}, {"type": "Feature", "geometry": {"type": "Polygon", "coordinates": [[[153.22, -27.53], [153.23, -27.53], [153.23, -27.52], [153.22, -27.52], [153.22, -27.53]]]}, "properties": {"count": 1022, "intensity": 0.0071}}, {"type": "Feature", "geometry": {"type": "Polygon", "coordinates": [[[153.21, -27.53], [153.22, -27.53], [153.22, -27.52], [153.21, -27.52], [153.21, -27.53]]]}, "properties": {"count": 2339, "intensity": 0.0163}}, {"type": "Feature", "geometry": {"type": "Polygon", "coordinates": [[[153.22, -27.54], [153.23, -27.54], [153.23, -27.53], [153.22, -27.53], [153.22, -27.54]]]}, "properties": {"count": 1148, "intensity": 0.008}}, {"type": "Feature", "geometry": {"type": "Polygon", "coordinates": [[[153.23, -27.53], [153.24, -27.53], [153.24, -27.52], [153.23, -27.52], [153.23, -27.53]]]}, "properties": {"count": 1459, "intensity": 0.0102}}, {"type": "Feature", "geometry": {"type": "Polygon", "coordinates": [[[153.24, -27.53], [153.25, -27.53], [153.25, -27.52], [153.24, -27.52], [153.24, -27.53]]]}, "properties": {"count": 266, "intensity": 0.0019}}, {"type": "Feature", "geometry": {"type": "Polygon", "coordinates": [[[153.23, -27.55], [153.24, -27.55], [153.24, -27.54], [153.23, -27.54], [153.23, -27.55]]]}, "properties": {"count": 76, "intensity": 0.0005}}, {"type": "Feature", "geometry": {"type": "Polygon", "coordinates": [[[153.21, -27.54], [153.22, -27.54], [153.22, -27.53], [153.21, -27.53], [153.21, -27.54]]]}, "properties": {"count": 513, "intensity": 0.0036}}, {"type": "Feature", "geometry": {"type": "Polygon", "coordinates": [[[152.77, -27.63], [152.78, -27.63], [152.78, -27.62], [152.77, -27.62], [152.77, -27.63]]]}, "properties": {"count": 930, "intensity": 0.0065}}, {"type": "Feature", "geometry": {"type": "Polygon", "coordinates": [[[152.89, -27.67], [152.9, -27.67], [152.9, -27.66], [152.89, -27.66], [152.89, -27.67]]]}, "properties": {"count": 887, "intensity": 0.0062}}, {"type": "Feature", "geometry": {"type": "Polygon", "coordinates": [[[152.88, -27.66], [152.89, -27.66], [152.89, -27.65], [152.88, -27.65], [152.88, -27.66]]]}, "properties": {"count": 1283, "intensity": 0.009}}, {"type": "Feature", "geometry": {"type": "Polygon", "coordinates": [[[153.01, -27.11], [153.02, -27.11], [153.02, -27.1], [153.01, -27.1], [153.01, -27.11]]]}, "properties": {"count": 43, "intensity": 0.0003}}, {"type": "Feature", "geometry": {"type": "Polygon", "coordinates": [[[152.99, -27.99], [153.0, -27.99], [153.0, -27.98], [152.99, -27.98], [152.99, -27.99]]]}, "properties": {"count": 370, "intensity": 0.0026}}, {"type": "Feature", "geometry": {"type": "Polygon", "coordinates": [[[153.14, -27.07], [153.15, -27.07], [153.15, -27.06], [153.14, -27.06], [153.14, -27.07]]]}, "properties": {"count": 641, "intensity": 0.0045}}, {"type": "Feature", "geometry": {"type": "Polygon", "coordinates": [[[152.88, -27.64], [152.89, -27.64], [152.89, -27.63], [152.88, -27.63], [152.88, -27.64]]]}, "properties": {"count": 440, "intensity": 0.0031}}, {"type": "Feature", "geometry": {"type": "Polygon", "coordinates": [[[152.88, -27.63], [152.89, -27.63], [152.89, -27.62], [152.88, -27.62], [152.88, -27.63]]]}, "properties": {"count": 602, "intensity": 0.0042}}, {"type": "Feature", "geometry": {"type": "Polygon", "coordinates": [[[152.87, -27.64], [152.88, -27.64], [152.88, -27.63], [152.87, -27.63], [152.87, -27.64]]]}, "properties": {"count": 644, "intensity": 0.0045}}, {"type": "Feature", "geometry": {"type": "Polygon", "coordinates": [[[153.15, -27.69], [153.16, -27.69], [153.16, -27.68], [153.15, -27.68], [153.15, -27.69]]]}, "properties": {"count": 1885, "intensity": 0.0132}}, {"type": "Feature", "geometry": {"type": "Polygon", "coordinates": [[[153.21, -27.51], [153.22, -27.51], [153.22, -27.5], [153.21, -27.5], [153.21, -27.51]]]}, "properties": {"count": 736, "intensity": 0.0051}}, {"type": "Feature", "geometry": {"type": "Polygon", "coordinates": [[[153.22, -27.5], [153.23, -27.5], [153.23, -27.49], [153.22, -27.49], [153.22, -27.5]]]}, "properties": {"count": 602, "intensity": 0.0042}}, {"type": "Feature", "geometry": {"type": "Polygon", "coordinates": [[[153.22, -27.49], [153.23, -27.49], [153.23, -27.48], [153.22, -27.48], [153.22, -27.49]]]}, "properties": {"count": 393, "intensity": 0.0027}}, {"type": "Feature", "geometry": {"type": "Polygon", "coordinates": [[[153.2, -27.52], [153.21, -27.52], [153.21, -27.51], [153.2, -27.51], [153.2, -27.52]]]}, "properties": {"count": 312, "intensity": 0.0022}}, {"type": "Feature", "geometry": {"type": "Polygon", "coordinates": [[[153.2, -27.51], [153.21, -27.51], [153.21, -27.5], [153.2, -27.5], [153.2, -27.51]]]}, "properties": {"count": 52, "intensity": 0.0004}}, {"type": "Feature", "geometry": {"type": "Polygon", "coordinates": [[[152.8, -27.63], [152.81, -27.63], [152.81, -27.62], [152.8, -27.62], [152.8, -27.63]]]}, "properties": {"count": 730, "intensity": 0.0051}}, {"type": "Feature", "geometry": {"type": "Polygon", "coordinates": [[[152.79, -27.63], [152.8, -27.63], [152.8, -27.62], [152.79, -27.62], [152.79, -27.63]]]}, "properties": {"count": 1014, "intensity": 0.0071}}, {"type": "Feature", "geometry": {"type": "Polygon", "coordinates": [[[153.17, -27.08], [153.18, -27.08], [153.18, -27.07], [153.17, -27.07], [153.17, -27.08]]]}, "properties": {"count": 173, "intensity": 0.0012}}, {"type": "Feature", "geometry": {"type": "Polygon", "coordinates": [[[153.17, -27.09], [153.18, -27.09], [153.18, -27.08], [153.17, -27.08], [153.17, -27.09]]]}, "properties": {"count": 180, "intensity": 0.0013}}, {"type": "Feature", "geometry": {"type": "Polygon", "coordinates": [[[153.18, -27.08], [153.19, -27.08], [153.19, -27.07], [153.18, -27.07], [153.18, -27.08]]]}, "properties": {"count": 177, "intensity": 0.0012}}, {"type": "Feature", "geometry": {"type": "Polygon", "coordinates": [[[153.16, -27.08], [153.17, -27.08], [153.17, -27.07], [153.16, -27.07], [153.16, -27.08]]]}, "properties": {"count": 956, "intensity": 0.0067}}, {"type": "Feature", "geometry": {"type": "Polygon", "coordinates": [[[153.16, -27.07], [153.17, -27.07], [153.17, -27.06], [153.16, -27.06], [153.16, -27.07]]]}, "properties": {"count": 431, "intensity": 0.003}}, {"type": "Feature", "geometry": {"type": "Polygon", "coordinates": [[[153.15, -27.08], [153.16, -27.08], [153.16, -27.07], [153.15, -27.07], [153.15, -27.08]]]}, "properties": {"count": 476, "intensity": 0.0033}}, {"type": "Feature", "geometry": {"type": "Polygon", "coordinates": [[[153.16, -27.1], [153.17, -27.1], [153.17, -27.09], [153.16, -27.09], [153.16, -27.1]]]}, "properties": {"count": 156, "intensity": 0.0011}}, {"type": "Feature", "geometry": {"type": "Polygon", "coordinates": [[[153.16, -27.09], [153.17, -27.09], [153.17, -27.08], [153.16, -27.08], [153.16, -27.09]]]}, "properties": {"count": 329, "intensity": 0.0023}}, {"type": "Feature", "geometry": {"type": "Polygon", "coordinates": [[[153.15, -27.09], [153.16, -27.09], [153.16, -27.08], [153.15, -27.08], [153.15, -27.09]]]}, "properties": {"count": 484, "intensity": 0.0034}}, {"type": "Feature", "geometry": {"type": "Polygon", "coordinates": [[[152.79, -27.62], [152.8, -27.62], [152.8, -27.61], [152.79, -27.61], [152.79, -27.62]]]}, "properties": {"count": 1020, "intensity": 0.0071}}, {"type": "Feature", "geometry": {"type": "Polygon", "coordinates": [[[152.73, -27.6], [152.74, -27.6], [152.74, -27.59], [152.73, -27.59], [152.73, -27.6]]]}, "properties": {"count": 603, "intensity": 0.0042}}, {"type": "Feature", "geometry": {"type": "Polygon", "coordinates": [[[152.73, -27.59], [152.74, -27.59], [152.74, -27.58], [152.73, -27.58], [152.73, -27.59]]]}, "properties": {"count": 301, "intensity": 0.0021}}, {"type": "Feature", "geometry": {"type": "Polygon", "coordinates": [[[152.72, -27.59], [152.73, -27.59], [152.73, -27.58], [152.72, -27.58], [152.72, -27.59]]]}, "properties": {"count": 201, "intensity": 0.0014}}, {"type": "Feature", "geometry": {"type": "Polygon", "coordinates": [[[152.74, -27.6], [152.75, -27.6], [152.75, -27.59], [152.74, -27.59], [152.74, -27.6]]]}, "properties": {"count": 2628, "intensity": 0.0184}}, {"type": "Feature", "geometry": {"type": "Polygon", "coordinates": [[[152.74, -27.59], [152.75, -27.59], [152.75, -27.58], [152.74, -27.58], [152.74, -27.59]]]}, "properties": {"count": 722, "intensity": 0.005}}, {"type": "Feature", "geometry": {"type": "Polygon", "coordinates": [[[152.75, -27.59], [152.76, -27.59], [152.76, -27.58], [152.75, -27.58], [152.75, -27.59]]]}, "properties": {"count": 1852, "intensity": 0.0129}}, {"type": "Feature", "geometry": {"type": "Polygon", "coordinates": [[[153.06, -27.67], [153.07, -27.67], [153.07, -27.66], [153.06, -27.66], [153.06, -27.67]]]}, "properties": {"count": 1457, "intensity": 0.0102}}, {"type": "Feature", "geometry": {"type": "Polygon", "coordinates": [[[153.05, -27.67], [153.06, -27.67], [153.06, -27.66], [153.05, -27.66], [153.05, -27.67]]]}, "properties": {"count": 1773, "intensity": 0.0124}}, {"type": "Feature", "geometry": {"type": "Polygon", "coordinates": [[[153.07, -27.68], [153.08, -27.68], [153.08, -27.67], [153.07, -27.67], [153.07, -27.68]]]}, "properties": {"count": 583, "intensity": 0.0041}}, {"type": "Feature", "geometry": {"type": "Polygon", "coordinates": [[[153.08, -27.68], [153.09, -27.68], [153.09, -27.67], [153.08, -27.67], [153.08, -27.68]]]}, "properties": {"count": 1613, "intensity": 0.0113}}, {"type": "Feature", "geometry": {"type": "Polygon", "coordinates": [[[152.8, -27.62], [152.81, -27.62], [152.81, -27.61], [152.8, -27.61], [152.8, -27.62]]]}, "properties": {"count": 685, "intensity": 0.0048}}, {"type": "Feature", "geometry": {"type": "Polygon", "coordinates": [[[152.81, -27.61], [152.82, -27.61], [152.82, -27.6], [152.81, -27.6], [152.81, -27.61]]]}, "properties": {"count": 995, "intensity": 0.0069}}, {"type": "Feature", "geometry": {"type": "Polygon", "coordinates": [[[152.8, -27.61], [152.81, -27.61], [152.81, -27.6], [152.8, -27.6], [152.8, -27.61]]]}, "properties": {"count": 2187, "intensity": 0.0153}}, {"type": "Feature", "geometry": {"type": "Polygon", "coordinates": [[[152.98, -27.17], [152.99, -27.17], [152.99, -27.16], [152.98, -27.16], [152.98, -27.17]]]}, "properties": {"count": 288, "intensity": 0.002}}, {"type": "Feature", "geometry": {"type": "Polygon", "coordinates": [[[152.95, -27.16], [152.96, -27.16], [152.96, -27.15], [152.95, -27.15], [152.95, -27.16]]]}, "properties": {"count": 238, "intensity": 0.0017}}, {"type": "Feature", "geometry": {"type": "Polygon", "coordinates": [[[152.98, -27.09], [152.99, -27.09], [152.99, -27.08], [152.98, -27.08], [152.98, -27.09]]]}, "properties": {"count": 402, "intensity": 0.0028}}, {"type": "Feature", "geometry": {"type": "Polygon", "coordinates": [[[152.93, -27.09], [152.94, -27.09], [152.94, -27.08], [152.93, -27.08], [152.93, -27.09]]]}, "properties": {"count": 368, "intensity": 0.0026}}, {"type": "Feature", "geometry": {"type": "Polygon", "coordinates": [[[152.92, -27.08], [152.93, -27.08], [152.93, -27.07], [152.92, -27.07], [152.92, -27.08]]]}, "properties": {"count": 720, "intensity": 0.005}}, {"type": "Feature", "geometry": {"type": "Polygon", "coordinates": [[[152.96, -27.09], [152.97, -27.09], [152.97, -27.08], [152.96, -27.08], [152.96, -27.09]]]}, "properties": {"count": 391, "intensity": 0.0027}}, {"type": "Feature", "geometry": {"type": "Polygon", "coordinates": [[[152.96, -27.08], [152.97, -27.08], [152.97, -27.07], [152.96, -27.07], [152.96, -27.08]]]}, "properties": {"count": 451, "intensity": 0.0032}}, {"type": "Feature", "geometry": {"type": "Polygon", "coordinates": [[[152.94, -27.1], [152.95, -27.1], [152.95, -27.09], [152.94, -27.09], [152.94, -27.1]]]}, "properties": {"count": 1614, "intensity": 0.0113}}, {"type": "Feature", "geometry": {"type": "Polygon", "coordinates": [[[152.51, -27.66], [152.52, -27.66], [152.52, -27.65], [152.51, -27.65], [152.51, -27.66]]]}, "properties": {"count": 80, "intensity": 0.0006}}, {"type": "Feature", "geometry": {"type": "Polygon", "coordinates": [[[152.91, -27.63], [152.92, -27.63], [152.92, -27.62], [152.91, -27.62], [152.91, -27.63]]]}, "properties": {"count": 780, "intensity": 0.0054}}, {"type": "Feature", "geometry": {"type": "Polygon", "coordinates": [[[153.19, -27.55], [153.2, -27.55], [153.2, -27.54], [153.19, -27.54], [153.19, -27.55]]]}, "properties": {"count": 736, "intensity": 0.0051}}, {"type": "Feature", "geometry": {"type": "Polygon", "coordinates": [[[153.22, -27.57], [153.23, -27.57], [153.23, -27.56], [153.22, -27.56], [153.22, -27.57]]]}, "properties": {"count": 114, "intensity": 0.0008}}, {"type": "Feature", "geometry": {"type": "Polygon", "coordinates": [[[153.2, -27.53], [153.21, -27.53], [153.21, -27.52], [153.2, -27.52], [153.2, -27.53]]]}, "properties": {"count": 1780, "intensity": 0.0124}}, {"type": "Feature", "geometry": {"type": "Polygon", "coordinates": [[[153.19, -27.53], [153.2, -27.53], [153.2, -27.52], [153.19, -27.52], [153.19, -27.53]]]}, "properties": {"count": 3782, "intensity": 0.0264}}, {"type": "Feature", "geometry": {"type": "Polygon", "coordinates": [[[153.2, -27.57], [153.21, -27.57], [153.21, -27.56], [153.2, -27.56], [153.2, -27.57]]]}, "properties": {"count": 339, "intensity": 0.0024}}, {"type": "Feature", "geometry": {"type": "Polygon", "coordinates": [[[153.21, -27.57], [153.22, -27.57], [153.22, -27.56], [153.21, -27.56], [153.21, -27.57]]]}, "properties": {"count": 372, "intensity": 0.0026}}, {"type": "Feature", "geometry": {"type": "Polygon", "coordinates": [[[153.19, -27.57], [153.2, -27.57], [153.2, -27.56], [153.19, -27.56], [153.19, -27.57]]]}, "properties": {"count": 273, "intensity": 0.0019}}, {"type": "Feature", "geometry": {"type": "Polygon", "coordinates": [[[153.18, -27.53], [153.19, -27.53], [153.19, -27.52], [153.18, -27.52], [153.18, -27.53]]]}, "properties": {"count": 153, "intensity": 0.0011}}, {"type": "Feature", "geometry": {"type": "Polygon", "coordinates": [[[153.2, -27.55], [153.21, -27.55], [153.21, -27.54], [153.2, -27.54], [153.2, -27.55]]]}, "properties": {"count": 822, "intensity": 0.0057}}, {"type": "Feature", "geometry": {"type": "Polygon", "coordinates": [[[153.2, -27.54], [153.21, -27.54], [153.21, -27.53], [153.2, -27.53], [153.2, -27.54]]]}, "properties": {"count": 1063, "intensity": 0.0074}}, {"type": "Feature", "geometry": {"type": "Polygon", "coordinates": [[[153.19, -27.54], [153.2, -27.54], [153.2, -27.53], [153.19, -27.53], [153.19, -27.54]]]}, "properties": {"count": 973, "intensity": 0.0068}}, {"type": "Feature", "geometry": {"type": "Polygon", "coordinates": [[[152.75, -27.64], [152.76, -27.64], [152.76, -27.63], [152.75, -27.63], [152.75, -27.64]]]}, "properties": {"count": 1361, "intensity": 0.0095}}, {"type": "Feature", "geometry": {"type": "Polygon", "coordinates": [[[152.75, -27.65], [152.76, -27.65], [152.76, -27.64], [152.75, -27.64], [152.75, -27.65]]]}, "properties": {"count": 973, "intensity": 0.0068}}, {"type": "Feature", "geometry": {"type": "Polygon", "coordinates": [[[153.26, -27.54], [153.27, -27.54], [153.27, -27.53], [153.26, -27.53], [153.26, -27.54]]]}, "properties": {"count": 1674, "intensity": 0.0117}}, {"type": "Feature", "geometry": {"type": "Polygon", "coordinates": [[[153.26, -27.55], [153.27, -27.55], [153.27, -27.54], [153.26, -27.54], [153.26, -27.55]]]}, "properties": {"count": 1990, "intensity": 0.0139}}, {"type": "Feature", "geometry": {"type": "Polygon", "coordinates": [[[153.25, -27.53], [153.26, -27.53], [153.26, -27.52], [153.25, -27.52], [153.25, -27.53]]]}, "properties": {"count": 1674, "intensity": 0.0117}}, {"type": "Feature", "geometry": {"type": "Polygon", "coordinates": [[[153.27, -27.53], [153.28, -27.53], [153.28, -27.52], [153.27, -27.52], [153.27, -27.53]]]}, "properties": {"count": 893, "intensity": 0.0062}}, {"type": "Feature", "geometry": {"type": "Polygon", "coordinates": [[[153.25, -27.54], [153.26, -27.54], [153.26, -27.53], [153.25, -27.53], [153.25, -27.54]]]}, "properties": {"count": 1076, "intensity": 0.0075}}, {"type": "Feature", "geometry": {"type": "Polygon", "coordinates": [[[153.28, -27.53], [153.29, -27.53], [153.29, -27.52], [153.28, -27.52], [153.28, -27.53]]]}, "properties": {"count": 303, "intensity": 0.0021}}, {"type": "Feature", "geometry": {"type": "Polygon", "coordinates": [[[153.25, -27.55], [153.26, -27.55], [153.26, -27.54], [153.25, -27.54], [153.25, -27.55]]]}, "properties": {"count": 1001, "intensity": 0.007}}, {"type": "Feature", "geometry": {"type": "Polygon", "coordinates": [[[153.09, -27.26], [153.1, -27.26], [153.1, -27.25], [153.09, -27.25], [153.09, -27.26]]]}, "properties": {"count": 3150, "intensity": 0.022}}, {"type": "Feature", "geometry": {"type": "Polygon", "coordinates": [[[153.08, -27.26], [153.09, -27.26], [153.09, -27.25], [153.08, -27.25], [153.08, -27.26]]]}, "properties": {"count": 5838, "intensity": 0.0408}}, {"type": "Feature", "geometry": {"type": "Polygon", "coordinates": [[[153.08, -27.27], [153.09, -27.27], [153.09, -27.26], [153.08, -27.26], [153.08, -27.27]]]}, "properties": {"count": 1244, "intensity": 0.0087}}, {"type": "Feature", "geometry": {"type": "Polygon", "coordinates": [[[153.09, -27.25], [153.1, -27.25], [153.1, -27.24], [153.09, -27.24], [153.09, -27.25]]]}, "properties": {"count": 3668, "intensity": 0.0256}}, {"type": "Feature", "geometry": {"type": "Polygon", "coordinates": [[[153.09, -27.24], [153.1, -27.24], [153.1, -27.23], [153.09, -27.23], [153.09, -27.24]]]}, "properties": {"count": 2614, "intensity": 0.0183}}, {"type": "Feature", "geometry": {"type": "Polygon", "coordinates": [[[152.74, -27.61], [152.75, -27.61], [152.75, -27.6], [152.74, -27.6], [152.74, -27.61]]]}, "properties": {"count": 201, "intensity": 0.0014}}, {"type": "Feature", "geometry": {"type": "Polygon", "coordinates": [[[152.86, -27.62], [152.87, -27.62], [152.87, -27.61], [152.86, -27.61], [152.86, -27.62]]]}, "properties": {"count": 1268, "intensity": 0.0089}}, {"type": "Feature", "geometry": {"type": "Polygon", "coordinates": [[[152.87, -27.62], [152.88, -27.62], [152.88, -27.61], [152.87, -27.61], [152.87, -27.62]]]}, "properties": {"count": 351, "intensity": 0.0025}}, {"type": "Feature", "geometry": {"type": "Polygon", "coordinates": [[[152.85, -27.62], [152.86, -27.62], [152.86, -27.61], [152.85, -27.61], [152.85, -27.62]]]}, "properties": {"count": 850, "intensity": 0.0059}}, {"type": "Feature", "geometry": {"type": "Polygon", "coordinates": [[[152.86, -27.63], [152.87, -27.63], [152.87, -27.62], [152.86, -27.62], [152.86, -27.63]]]}, "properties": {"count": 561, "intensity": 0.0039}}, {"type": "Feature", "geometry": {"type": "Polygon", "coordinates": [[[152.85, -27.61], [152.86, -27.61], [152.86, -27.6], [152.85, -27.6], [152.85, -27.61]]]}, "properties": {"count": 692, "intensity": 0.0048}}, {"type": "Feature", "geometry": {"type": "Polygon", "coordinates": [[[152.86, -27.61], [152.87, -27.61], [152.87, -27.6], [152.86, -27.6], [152.86, -27.61]]]}, "properties": {"count": 1230, "intensity": 0.0086}}, {"type": "Feature", "geometry": {"type": "Polygon", "coordinates": [[[152.5, -27.4], [152.51, -27.4], [152.51, -27.39], [152.5, -27.39], [152.5, -27.4]]]}, "properties": {"count": 10, "intensity": 0.0001}}, {"type": "Feature", "geometry": {"type": "Polygon", "coordinates": [[[153.2, -27.68], [153.21, -27.68], [153.21, -27.67], [153.2, -27.67], [153.2, -27.68]]]}, "properties": {"count": 534, "intensity": 0.0037}}, {"type": "Feature", "geometry": {"type": "Polygon", "coordinates": [[[153.09, -27.69], [153.1, -27.69], [153.1, -27.68], [153.09, -27.68], [153.09, -27.69]]]}, "properties": {"count": 2014, "intensity": 0.0141}}, {"type": "Feature", "geometry": {"type": "Polygon", "coordinates": [[[153.08, -27.69], [153.09, -27.69], [153.09, -27.68], [153.08, -27.68], [153.08, -27.69]]]}, "properties": {"count": 1333, "intensity": 0.0093}}, {"type": "Feature", "geometry": {"type": "Polygon", "coordinates": [[[153.08, -27.7], [153.09, -27.7], [153.09, -27.69], [153.08, -27.69], [153.08, -27.7]]]}, "properties": {"count": 1045, "intensity": 0.0073}}, {"type": "Feature", "geometry": {"type": "Polygon", "coordinates": [[[153.1, -27.69], [153.11, -27.69], [153.11, -27.68], [153.1, -27.68], [153.1, -27.69]]]}, "properties": {"count": 2247, "intensity": 0.0157}}, {"type": "Feature", "geometry": {"type": "Polygon", "coordinates": [[[153.15, -27.65], [153.16, -27.65], [153.16, -27.64], [153.15, -27.64], [153.15, -27.65]]]}, "properties": {"count": 2296, "intensity": 0.016}}, {"type": "Feature", "geometry": {"type": "Polygon", "coordinates": [[[153.14, -27.64], [153.15, -27.64], [153.15, -27.63], [153.14, -27.63], [153.14, -27.64]]]}, "properties": {"count": 1486, "intensity": 0.0104}}, {"type": "Feature", "geometry": {"type": "Polygon", "coordinates": [[[153.13, -27.64], [153.14, -27.64], [153.14, -27.63], [153.13, -27.63], [153.13, -27.64]]]}, "properties": {"count": 1474, "intensity": 0.0103}}, {"type": "Feature", "geometry": {"type": "Polygon", "coordinates": [[[153.15, -27.64], [153.16, -27.64], [153.16, -27.63], [153.15, -27.63], [153.15, -27.64]]]}, "properties": {"count": 2145, "intensity": 0.015}}, {"type": "Feature", "geometry": {"type": "Polygon", "coordinates": [[[153.16, -27.65], [153.17, -27.65], [153.17, -27.64], [153.16, -27.64], [153.16, -27.65]]]}, "properties": {"count": 1546, "intensity": 0.0108}}, {"type": "Feature", "geometry": {"type": "Polygon", "coordinates": [[[153.15, -27.63], [153.16, -27.63], [153.16, -27.62], [153.15, -27.62], [153.15, -27.63]]]}, "properties": {"count": 116, "intensity": 0.0008}}, {"type": "Feature", "geometry": {"type": "Polygon", "coordinates": [[[153.14, -27.63], [153.15, -27.63], [153.15, -27.62], [153.14, -27.62], [153.14, -27.63]]]}, "properties": {"count": 464, "intensity": 0.0032}}, {"type": "Feature", "geometry": {"type": "Polygon", "coordinates": [[[153.02, -27.2], [153.03, -27.2], [153.03, -27.19], [153.02, -27.19], [153.02, -27.2]]]}, "properties": {"count": 1612, "intensity": 0.0113}}, {"type": "Feature", "geometry": {"type": "Polygon", "coordinates": [[[153.02, -27.19], [153.03, -27.19], [153.03, -27.18], [153.02, -27.18], [153.02, -27.19]]]}, "properties": {"count": 429, "intensity": 0.003}}, {"type": "Feature", "geometry": {"type": "Polygon", "coordinates": [[[153.04, -27.21], [153.05, -27.21], [153.05, -27.2], [153.04, -27.2], [153.04, -27.21]]]}, "properties": {"count": 1242, "intensity": 0.0087}}, {"type": "Feature", "geometry": {"type": "Polygon", "coordinates": [[[153.0, -27.19], [153.01, -27.19], [153.01, -27.18], [153.0, -27.18], [153.0, -27.19]]]}, "properties": {"count": 861, "intensity": 0.006}}, {"type": "Feature", "geometry": {"type": "Polygon", "coordinates": [[[153.03, -27.2], [153.04, -27.2], [153.04, -27.19], [153.03, -27.19], [153.03, -27.2]]]}, "properties": {"count": 1405, "intensity": 0.0098}}, {"type": "Feature", "geometry": {"type": "Polygon", "coordinates": [[[153.01, -27.19], [153.02, -27.19], [153.02, -27.18], [153.01, -27.18], [153.01, -27.19]]]}, "properties": {"count": 860, "intensity": 0.006}}, {"type": "Feature", "geometry": {"type": "Polygon", "coordinates": [[[153.03, -27.21], [153.04, -27.21], [153.04, -27.2], [153.03, -27.2], [153.03, -27.21]]]}, "properties": {"count": 964, "intensity": 0.0067}}, {"type": "Feature", "geometry": {"type": "Polygon", "coordinates": [[[152.83, -27.6], [152.84, -27.6], [152.84, -27.59], [152.83, -27.59], [152.83, -27.6]]]}, "properties": {"count": 1326, "intensity": 0.0093}}, {"type": "Feature", "geometry": {"type": "Polygon", "coordinates": [[[152.77, -27.62], [152.78, -27.62], [152.78, -27.61], [152.77, -27.61], [152.77, -27.62]]]}, "properties": {"count": 1590, "intensity": 0.0111}}, {"type": "Feature", "geometry": {"type": "Polygon", "coordinates": [[[152.82, -27.61], [152.83, -27.61], [152.83, -27.6], [152.82, -27.6], [152.82, -27.61]]]}, "properties": {"count": 1326, "intensity": 0.0093}}, {"type": "Feature", "geometry": {"type": "Polygon", "coordinates": [[[152.65, -27.46], [152.66, -27.46], [152.66, -27.45], [152.65, -27.45], [152.65, -27.46]]]}, "properties": {"count": 22, "intensity": 0.0002}}, {"type": "Feature", "geometry": {"type": "Polygon", "coordinates": [[[152.76, -27.66], [152.77, -27.66], [152.77, -27.65], [152.76, -27.65], [152.76, -27.66]]]}, "properties": {"count": 480, "intensity": 0.0034}}, {"type": "Feature", "geometry": {"type": "Polygon", "coordinates": [[[152.75, -27.66], [152.76, -27.66], [152.76, -27.65], [152.75, -27.65], [152.75, -27.66]]]}, "properties": {"count": 866, "intensity": 0.006}}, {"type": "Feature", "geometry": {"type": "Polygon", "coordinates": [[[152.77, -27.66], [152.78, -27.66], [152.78, -27.65], [152.77, -27.65], [152.77, -27.66]]]}, "properties": {"count": 630, "intensity": 0.0044}}, {"type": "Feature", "geometry": {"type": "Polygon", "coordinates": [[[152.77, -27.65], [152.78, -27.65], [152.78, -27.64], [152.77, -27.64], [152.77, -27.65]]]}, "properties": {"count": 1310, "intensity": 0.0091}}, {"type": "Feature", "geometry": {"type": "Polygon", "coordinates": [[[153.05, -27.69], [153.06, -27.69], [153.06, -27.68], [153.05, -27.68], [153.05, -27.69]]]}, "properties": {"count": 885, "intensity": 0.0062}}, {"type": "Feature", "geometry": {"type": "Polygon", "coordinates": [[[152.76, -27.63], [152.77, -27.63], [152.77, -27.62], [152.76, -27.62], [152.76, -27.63]]]}, "properties": {"count": 2013, "intensity": 0.0141}}, {"type": "Feature", "geometry": {"type": "Polygon", "coordinates": [[[152.68, -27.55], [152.69, -27.55], [152.69, -27.54], [152.68, -27.54], [152.68, -27.55]]]}, "properties": {"count": 22, "intensity": 0.0002}}, {"type": "Feature", "geometry": {"type": "Polygon", "coordinates": [[[152.69, -27.58], [152.7, -27.58], [152.7, -27.57], [152.69, -27.57], [152.69, -27.58]]]}, "properties": {"count": 22, "intensity": 0.0002}}, {"type": "Feature", "geometry": {"type": "Polygon", "coordinates": [[[153.01, -27.25], [153.02, -27.25], [153.02, -27.24], [153.01, -27.24], [153.01, -27.25]]]}, "properties": {"count": 1023, "intensity": 0.0071}}, {"type": "Feature", "geometry": {"type": "Polygon", "coordinates": [[[152.99, -27.25], [153.0, -27.25], [153.0, -27.24], [152.99, -27.24], [152.99, -27.25]]]}, "properties": {"count": 2006, "intensity": 0.014}}, {"type": "Feature", "geometry": {"type": "Polygon", "coordinates": [[[152.98, -27.26], [152.99, -27.26], [152.99, -27.25], [152.98, -27.25], [152.98, -27.26]]]}, "properties": {"count": 2060, "intensity": 0.0144}}, {"type": "Feature", "geometry": {"type": "Polygon", "coordinates": [[[153.0, -27.25], [153.01, -27.25], [153.01, -27.24], [153.0, -27.24], [153.0, -27.25]]]}, "properties": {"count": 2185, "intensity": 0.0153}}, {"type": "Feature", "geometry": {"type": "Polygon", "coordinates": [[[152.99, -27.26], [153.0, -27.26], [153.0, -27.25], [152.99, -27.25], [152.99, -27.26]]]}, "properties": {"count": 2342, "intensity": 0.0164}}, {"type": "Feature", "geometry": {"type": "Polygon", "coordinates": [[[153.12, -27.68], [153.13, -27.68], [153.13, -27.67], [153.12, -27.67], [153.12, -27.68]]]}, "properties": {"count": 1615, "intensity": 0.0113}}, {"type": "Feature", "geometry": {"type": "Polygon", "coordinates": [[[153.11, -27.66], [153.12, -27.66], [153.12, -27.65], [153.11, -27.65], [153.11, -27.66]]]}, "properties": {"count": 4088, "intensity": 0.0286}}, {"type": "Feature", "geometry": {"type": "Polygon", "coordinates": [[[153.11, -27.65], [153.12, -27.65], [153.12, -27.64], [153.11, -27.64], [153.11, -27.65]]]}, "properties": {"count": 3342, "intensity": 0.0233}}, {"type": "Feature", "geometry": {"type": "Polygon", "coordinates": [[[153.11, -27.67], [153.12, -27.67], [153.12, -27.66], [153.11, -27.66], [153.11, -27.67]]]}, "properties": {"count": 663, "intensity": 0.0046}}, {"type": "Feature", "geometry": {"type": "Polygon", "coordinates": [[[153.09, -27.23], [153.1, -27.23], [153.1, -27.22], [153.09, -27.22], [153.09, -27.23]]]}, "properties": {"count": 5278, "intensity": 0.0369}}, {"type": "Feature", "geometry": {"type": "Polygon", "coordinates": [[[153.08, -27.23], [153.09, -27.23], [153.09, -27.22], [153.08, -27.22], [153.08, -27.23]]]}, "properties": {"count": 9647, "intensity": 0.0674}}, {"type": "Feature", "geometry": {"type": "Polygon", "coordinates": [[[152.55, -27.65], [152.56, -27.65], [152.56, -27.64], [152.55, -27.64], [152.55, -27.65]]]}, "properties": {"count": 80, "intensity": 0.0006}}, {"type": "Feature", "geometry": {"type": "Polygon", "coordinates": [[[152.98, -27.3], [152.99, -27.3], [152.99, -27.29], [152.98, -27.29], [152.98, -27.3]]]}, "properties": {"count": 3017, "intensity": 0.0211}}, {"type": "Feature", "geometry": {"type": "Polygon", "coordinates": [[[152.98, -27.28], [152.99, -27.28], [152.99, -27.27], [152.98, -27.27], [152.98, -27.28]]]}, "properties": {"count": 450, "intensity": 0.0031}}, {"type": "Feature", "geometry": {"type": "Polygon", "coordinates": [[[152.73, -27.63], [152.74, -27.63], [152.74, -27.62], [152.73, -27.62], [152.73, -27.63]]]}, "properties": {"count": 1188, "intensity": 0.0083}}, {"type": "Feature", "geometry": {"type": "Polygon", "coordinates": [[[153.1, -27.65], [153.11, -27.65], [153.11, -27.64], [153.1, -27.64], [153.1, -27.65]]]}, "properties": {"count": 3051, "intensity": 0.0213}}, {"type": "Feature", "geometry": {"type": "Polygon", "coordinates": [[[153.1, -27.66], [153.11, -27.66], [153.11, -27.65], [153.1, -27.65], [153.1, -27.66]]]}, "properties": {"count": 599, "intensity": 0.0042}}, {"type": "Feature", "geometry": {"type": "Polygon", "coordinates": [[[153.14, -27.68], [153.15, -27.68], [153.15, -27.67], [153.14, -27.67], [153.14, -27.68]]]}, "properties": {"count": 2055, "intensity": 0.0144}}, {"type": "Feature", "geometry": {"type": "Polygon", "coordinates": [[[153.13, -27.69], [153.14, -27.69], [153.14, -27.68], [153.13, -27.68], [153.13, -27.69]]]}, "properties": {"count": 2332, "intensity": 0.0163}}, {"type": "Feature", "geometry": {"type": "Polygon", "coordinates": [[[153.13, -27.68], [153.14, -27.68], [153.14, -27.67], [153.13, -27.67], [153.13, -27.68]]]}, "properties": {"count": 5488, "intensity": 0.0383}}, {"type": "Feature", "geometry": {"type": "Polygon", "coordinates": [[[153.12, -27.67], [153.13, -27.67], [153.13, -27.66], [153.12, -27.66], [153.12, -27.67]]]}, "properties": {"count": 1033, "intensity": 0.0072}}, {"type": "Feature", "geometry": {"type": "Polygon", "coordinates": [[[153.13, -27.67], [153.14, -27.67], [153.14, -27.66], [153.13, -27.66], [153.13, -27.67]]]}, "properties": {"count": 183, "intensity": 0.0013}}, {"type": "Feature", "geometry": {"type": "Polygon", "coordinates": [[[152.58, -27.47], [152.59, -27.47], [152.59, -27.46], [152.58, -27.46], [152.58, -27.47]]]}, "properties": {"count": 22, "intensity": 0.0002}}, {"type": "Feature", "geometry": {"type": "Polygon", "coordinates": [[[153.02, -27.25], [153.03, -27.25], [153.03, -27.24], [153.02, -27.24], [153.02, -27.25]]]}, "properties": {"count": 3468, "intensity": 0.0242}}, {"type": "Feature", "geometry": {"type": "Polygon", "coordinates": [[[153.03, -27.24], [153.04, -27.24], [153.04, -27.23], [153.03, -27.23], [153.03, -27.24]]]}, "properties": {"count": 1367, "intensity": 0.0095}}, {"type": "Feature", "geometry": {"type": "Polygon", "coordinates": [[[153.1, -27.25], [153.11, -27.25], [153.11, -27.24], [153.1, -27.24], [153.1, -27.25]]]}, "properties": {"count": 2226, "intensity": 0.0155}}, {"type": "Feature", "geometry": {"type": "Polygon", "coordinates": [[[153.1, -27.24], [153.11, -27.24], [153.11, -27.23], [153.1, -27.23], [153.1, -27.24]]]}, "properties": {"count": 4128, "intensity": 0.0288}}, {"type": "Feature", "geometry": {"type": "Polygon", "coordinates": [[[153.11, -27.69], [153.12, -27.69], [153.12, -27.68], [153.11, -27.68], [153.11, -27.69]]]}, "properties": {"count": 2594, "intensity": 0.0181}}, {"type": "Feature", "geometry": {"type": "Polygon", "coordinates": [[[153.09, -27.68], [153.1, -27.68], [153.1, -27.67], [153.09, -27.67], [153.09, -27.68]]]}, "properties": {"count": 1110, "intensity": 0.0078}}, {"type": "Feature", "geometry": {"type": "Polygon", "coordinates": [[[153.1, -27.68], [153.11, -27.68], [153.11, -27.67], [153.1, -27.67], [153.1, -27.68]]]}, "properties": {"count": 1480, "intensity": 0.0103}}, {"type": "Feature", "geometry": {"type": "Polygon", "coordinates": [[[153.11, -27.68], [153.12, -27.68], [153.12, -27.67], [153.11, -27.67], [153.11, -27.68]]]}, "properties": {"count": 1728, "intensity": 0.0121}}, {"type": "Feature", "geometry": {"type": "Polygon", "coordinates": [[[153.14, -27.67], [153.15, -27.67], [153.15, -27.66], [153.14, -27.66], [153.14, -27.67]]]}, "properties": {"count": 4263, "intensity": 0.0298}}, {"type": "Feature", "geometry": {"type": "Polygon", "coordinates": [[[153.15, -27.67], [153.16, -27.67], [153.16, -27.66], [153.15, -27.66], [153.15, -27.67]]]}, "properties": {"count": 563, "intensity": 0.0039}}, {"type": "Feature", "geometry": {"type": "Polygon", "coordinates": [[[152.77, -27.6], [152.78, -27.6], [152.78, -27.59], [152.77, -27.59], [152.77, -27.6]]]}, "properties": {"count": 488, "intensity": 0.0034}}, {"type": "Feature", "geometry": {"type": "Polygon", "coordinates": [[[152.96, -27.12], [152.97, -27.12], [152.97, -27.11], [152.96, -27.11], [152.96, -27.12]]]}, "properties": {"count": 886, "intensity": 0.0062}}, {"type": "Feature", "geometry": {"type": "Polygon", "coordinates": [[[152.94, -27.11], [152.95, -27.11], [152.95, -27.1], [152.94, -27.1], [152.94, -27.11]]]}, "properties": {"count": 2133, "intensity": 0.0149}}, {"type": "Feature", "geometry": {"type": "Polygon", "coordinates": [[[153.0, -27.27], [153.01, -27.27], [153.01, -27.26], [153.0, -27.26], [153.0, -27.27]]]}, "properties": {"count": 1279, "intensity": 0.0089}}, {"type": "Feature", "geometry": {"type": "Polygon", "coordinates": [[[152.93, -27.18], [152.94, -27.18], [152.94, -27.17], [152.93, -27.17], [152.93, -27.18]]]}, "properties": {"count": 414, "intensity": 0.0029}}, {"type": "Feature", "geometry": {"type": "Polygon", "coordinates": [[[153.06, -27.07], [153.07, -27.07], [153.07, -27.06], [153.06, -27.06], [153.06, -27.07]]]}, "properties": {"count": 201, "intensity": 0.0014}}, {"type": "Feature", "geometry": {"type": "Polygon", "coordinates": [[[153.07, -27.07], [153.08, -27.07], [153.08, -27.06], [153.07, -27.06], [153.07, -27.07]]]}, "properties": {"count": 393, "intensity": 0.0027}}, {"type": "Feature", "geometry": {"type": "Polygon", "coordinates": [[[153.05, -27.08], [153.06, -27.08], [153.06, -27.07], [153.05, -27.07], [153.05, -27.08]]]}, "properties": {"count": 201, "intensity": 0.0014}}, {"type": "Feature", "geometry": {"type": "Polygon", "coordinates": [[[153.1, -27.07], [153.11, -27.07], [153.11, -27.06], [153.1, -27.06], [153.1, -27.07]]]}, "properties": {"count": 366, "intensity": 0.0026}}, {"type": "Feature", "geometry": {"type": "Polygon", "coordinates": [[[152.79, -27.61], [152.8, -27.61], [152.8, -27.6], [152.79, -27.6], [152.79, -27.61]]]}, "properties": {"count": 790, "intensity": 0.0055}}, {"type": "Feature", "geometry": {"type": "Polygon", "coordinates": [[[152.76, -27.61], [152.77, -27.61], [152.77, -27.6], [152.76, -27.6], [152.76, -27.61]]]}, "properties": {"count": 1912, "intensity": 0.0134}}, {"type": "Feature", "geometry": {"type": "Polygon", "coordinates": [[[152.76, -27.6], [152.77, -27.6], [152.77, -27.59], [152.76, -27.59], [152.76, -27.6]]]}, "properties": {"count": 2035, "intensity": 0.0142}}, {"type": "Feature", "geometry": {"type": "Polygon", "coordinates": [[[152.75, -27.6], [152.76, -27.6], [152.76, -27.59], [152.75, -27.59], [152.75, -27.6]]]}, "properties": {"count": 321, "intensity": 0.0022}}, {"type": "Feature", "geometry": {"type": "Polygon", "coordinates": [[[152.74, -27.63], [152.75, -27.63], [152.75, -27.62], [152.74, -27.62], [152.74, -27.63]]]}, "properties": {"count": 1188, "intensity": 0.0083}}, {"type": "Feature", "geometry": {"type": "Polygon", "coordinates": [[[153.25, -27.52], [153.26, -27.52], [153.26, -27.51], [153.25, -27.51], [153.25, -27.52]]]}, "properties": {"count": 1168, "intensity": 0.0082}}, {"type": "Feature", "geometry": {"type": "Polygon", "coordinates": [[[153.04, -27.69], [153.05, -27.69], [153.05, -27.68], [153.04, -27.68], [153.04, -27.69]]]}, "properties": {"count": 1270, "intensity": 0.0089}}, {"type": "Feature", "geometry": {"type": "Polygon", "coordinates": [[[153.03, -27.7], [153.04, -27.7], [153.04, -27.69], [153.03, -27.69], [153.03, -27.7]]]}, "properties": {"count": 777, "intensity": 0.0054}}, {"type": "Feature", "geometry": {"type": "Polygon", "coordinates": [[[152.98, -27.27], [152.99, -27.27], [152.99, -27.26], [152.98, -27.26], [152.98, -27.27]]]}, "properties": {"count": 2472, "intensity": 0.0173}}, {"type": "Feature", "geometry": {"type": "Polygon", "coordinates": [[[152.97, -27.27], [152.98, -27.27], [152.98, -27.26], [152.97, -27.26], [152.97, -27.27]]]}, "properties": {"count": 1538, "intensity": 0.0107}}, {"type": "Feature", "geometry": {"type": "Polygon", "coordinates": [[[152.77, -27.64], [152.78, -27.64], [152.78, -27.63], [152.77, -27.63], [152.77, -27.64]]]}, "properties": {"count": 808, "intensity": 0.0056}}, {"type": "Feature", "geometry": {"type": "Polygon", "coordinates": [[[152.78, -27.64], [152.79, -27.64], [152.79, -27.63], [152.78, -27.63], [152.78, -27.64]]]}, "properties": {"count": 1254, "intensity": 0.0088}}, {"type": "Feature", "geometry": {"type": "Polygon", "coordinates": [[[152.87, -27.63], [152.88, -27.63], [152.88, -27.62], [152.87, -27.62], [152.87, -27.63]]]}, "properties": {"count": 936, "intensity": 0.0065}}, {"type": "Feature", "geometry": {"type": "Polygon", "coordinates": [[[152.86, -27.65], [152.87, -27.65], [152.87, -27.64], [152.86, -27.64], [152.86, -27.65]]]}, "properties": {"count": 3008, "intensity": 0.021}}, {"type": "Feature", "geometry": {"type": "Polygon", "coordinates": [[[153.1, -27.23], [153.11, -27.23], [153.11, -27.22], [153.1, -27.22], [153.1, -27.23]]]}, "properties": {"count": 4682, "intensity": 0.0327}}, {"type": "Feature", "geometry": {"type": "Polygon", "coordinates": [[[153.11, -27.24], [153.12, -27.24], [153.12, -27.23], [153.11, -27.23], [153.11, -27.24]]]}, "properties": {"count": 4928, "intensity": 0.0344}}, {"type": "Feature", "geometry": {"type": "Polygon", "coordinates": [[[153.11, -27.23], [153.12, -27.23], [153.12, -27.22], [153.11, -27.22], [153.11, -27.23]]]}, "properties": {"count": 8662, "intensity": 0.0605}}, {"type": "Feature", "geometry": {"type": "Polygon", "coordinates": [[[153.1, -27.22], [153.11, -27.22], [153.11, -27.21], [153.1, -27.21], [153.1, -27.22]]]}, "properties": {"count": 2610, "intensity": 0.0182}}, {"type": "Feature", "geometry": {"type": "Polygon", "coordinates": [[[153.29, -27.61], [153.3, -27.61], [153.3, -27.6], [153.29, -27.6], [153.29, -27.61]]]}, "properties": {"count": 1840, "intensity": 0.0129}}, {"type": "Feature", "geometry": {"type": "Polygon", "coordinates": [[[153.3, -27.61], [153.31, -27.61], [153.31, -27.6], [153.3, -27.6], [153.3, -27.61]]]}, "properties": {"count": 365, "intensity": 0.0025}}, {"type": "Feature", "geometry": {"type": "Polygon", "coordinates": [[[153.3, -27.62], [153.31, -27.62], [153.31, -27.61], [153.3, -27.61], [153.3, -27.62]]]}, "properties": {"count": 1848, "intensity": 0.0129}}, {"type": "Feature", "geometry": {"type": "Polygon", "coordinates": [[[153.29, -27.62], [153.3, -27.62], [153.3, -27.61], [153.29, -27.61], [153.29, -27.62]]]}, "properties": {"count": 228, "intensity": 0.0016}}, {"type": "Feature", "geometry": {"type": "Polygon", "coordinates": [[[153.28, -27.61], [153.29, -27.61], [153.29, -27.6], [153.28, -27.6], [153.28, -27.61]]]}, "properties": {"count": 1698, "intensity": 0.0119}}, {"type": "Feature", "geometry": {"type": "Polygon", "coordinates": [[[153.03, -27.68], [153.04, -27.68], [153.04, -27.67], [153.03, -27.67], [153.03, -27.68]]]}, "properties": {"count": 1348, "intensity": 0.0094}}, {"type": "Feature", "geometry": {"type": "Polygon", "coordinates": [[[153.03, -27.69], [153.04, -27.69], [153.04, -27.68], [153.03, -27.68], [153.03, -27.69]]]}, "properties": {"count": 1278, "intensity": 0.0089}}, {"type": "Feature", "geometry": {"type": "Polygon", "coordinates": [[[152.84, -27.6], [152.85, -27.6], [152.85, -27.59], [152.84, -27.59], [152.84, -27.6]]]}, "properties": {"count": 1386, "intensity": 0.0097}}, {"type": "Feature", "geometry": {"type": "Polygon", "coordinates": [[[153.12, -27.61], [153.13, -27.61], [153.13, -27.6], [153.12, -27.6], [153.12, -27.61]]]}, "properties": {"count": 1589, "intensity": 0.0111}}, {"type": "Feature", "geometry": {"type": "Polygon", "coordinates": [[[152.58, -27.64], [152.59, -27.64], [152.59, -27.63], [152.58, -27.63], [152.58, -27.64]]]}, "properties": {"count": 80, "intensity": 0.0006}}, {"type": "Feature", "geometry": {"type": "Polygon", "coordinates": [[[152.59, -27.65], [152.6, -27.65], [152.6, -27.64], [152.59, -27.64], [152.59, -27.65]]]}, "properties": {"count": 489, "intensity": 0.0034}}, {"type": "Feature", "geometry": {"type": "Polygon", "coordinates": [[[153.04, -27.22], [153.05, -27.22], [153.05, -27.21], [153.04, -27.21], [153.04, -27.22]]]}, "properties": {"count": 1413, "intensity": 0.0099}}, {"type": "Feature", "geometry": {"type": "Polygon", "coordinates": [[[153.13, -27.08], [153.14, -27.08], [153.14, -27.07], [153.13, -27.07], [153.13, -27.08]]]}, "properties": {"count": 574, "intensity": 0.004}}, {"type": "Feature", "geometry": {"type": "Polygon", "coordinates": [[[153.11, -27.08], [153.12, -27.08], [153.12, -27.07], [153.11, -27.07], [153.11, -27.08]]]}, "properties": {"count": 160, "intensity": 0.0011}}, {"type": "Feature", "geometry": {"type": "Polygon", "coordinates": [[[153.12, -27.08], [153.13, -27.08], [153.13, -27.07], [153.12, -27.07], [153.12, -27.08]]]}, "properties": {"count": 160, "intensity": 0.0011}}, {"type": "Feature", "geometry": {"type": "Polygon", "coordinates": [[[153.12, -27.09], [153.13, -27.09], [153.13, -27.08], [153.12, -27.08], [153.12, -27.09]]]}, "properties": {"count": 462, "intensity": 0.0032}}, {"type": "Feature", "geometry": {"type": "Polygon", "coordinates": [[[153.13, -27.09], [153.14, -27.09], [153.14, -27.08], [153.13, -27.08], [153.13, -27.09]]]}, "properties": {"count": 533, "intensity": 0.0037}}, {"type": "Feature", "geometry": {"type": "Polygon", "coordinates": [[[153.11, -27.21], [153.12, -27.21], [153.12, -27.2], [153.11, -27.2], [153.11, -27.21]]]}, "properties": {"count": 4178, "intensity": 0.0292}}, {"type": "Feature", "geometry": {"type": "Polygon", "coordinates": [[[153.11, -27.2], [153.12, -27.2], [153.12, -27.19], [153.11, -27.19], [153.11, -27.2]]]}, "properties": {"count": 5048, "intensity": 0.0353}}, {"type": "Feature", "geometry": {"type": "Polygon", "coordinates": [[[153.1, -27.21], [153.11, -27.21], [153.11, -27.2], [153.1, -27.2], [153.1, -27.21]]]}, "properties": {"count": 3060, "intensity": 0.0214}}, {"type": "Feature", "geometry": {"type": "Polygon", "coordinates": [[[153.17, -27.66], [153.18, -27.66], [153.18, -27.65], [153.17, -27.65], [153.17, -27.66]]]}, "properties": {"count": 4705, "intensity": 0.0329}}, {"type": "Feature", "geometry": {"type": "Polygon", "coordinates": [[[153.17, -27.67], [153.18, -27.67], [153.18, -27.66], [153.17, -27.66], [153.17, -27.67]]]}, "properties": {"count": 5464, "intensity": 0.0382}}, {"type": "Feature", "geometry": {"type": "Polygon", "coordinates": [[[153.18, -27.65], [153.19, -27.65], [153.19, -27.64], [153.18, -27.64], [153.18, -27.65]]]}, "properties": {"count": 1797, "intensity": 0.0126}}, {"type": "Feature", "geometry": {"type": "Polygon", "coordinates": [[[153.17, -27.65], [153.18, -27.65], [153.18, -27.64], [153.17, -27.64], [153.17, -27.65]]]}, "properties": {"count": 2261, "intensity": 0.0158}}, {"type": "Feature", "geometry": {"type": "Polygon", "coordinates": [[[153.18, -27.66], [153.19, -27.66], [153.19, -27.65], [153.18, -27.65], [153.18, -27.66]]]}, "properties": {"count": 759, "intensity": 0.0053}}, {"type": "Feature", "geometry": {"type": "Polygon", "coordinates": [[[152.78, -27.63], [152.79, -27.63], [152.79, -27.62], [152.78, -27.62], [152.78, -27.63]]]}, "properties": {"count": 1478, "intensity": 0.0103}}, {"type": "Feature", "geometry": {"type": "Polygon", "coordinates": [[[153.11, -27.64], [153.12, -27.64], [153.12, -27.63], [153.11, -27.63], [153.11, -27.64]]]}, "properties": {"count": 1485, "intensity": 0.0104}}, {"type": "Feature", "geometry": {"type": "Polygon", "coordinates": [[[153.11, -27.63], [153.12, -27.63], [153.12, -27.62], [153.11, -27.62], [153.11, -27.63]]]}, "properties": {"count": 2243, "intensity": 0.0157}}, {"type": "Feature", "geometry": {"type": "Polygon", "coordinates": [[[153.14, -27.65], [153.15, -27.65], [153.15, -27.64], [153.14, -27.64], [153.14, -27.65]]]}, "properties": {"count": 2074, "intensity": 0.0145}}, {"type": "Feature", "geometry": {"type": "Polygon", "coordinates": [[[153.16, -27.66], [153.17, -27.66], [153.17, -27.65], [153.16, -27.65], [153.16, -27.66]]]}, "properties": {"count": 1521, "intensity": 0.0106}}, {"type": "Feature", "geometry": {"type": "Polygon", "coordinates": [[[153.12, -27.62], [153.13, -27.62], [153.13, -27.61], [153.12, -27.61], [153.12, -27.62]]]}, "properties": {"count": 5474, "intensity": 0.0382}}, {"type": "Feature", "geometry": {"type": "Polygon", "coordinates": [[[153.15, -27.66], [153.16, -27.66], [153.16, -27.65], [153.15, -27.65], [153.15, -27.66]]]}, "properties": {"count": 387, "intensity": 0.0027}}, {"type": "Feature", "geometry": {"type": "Polygon", "coordinates": [[[153.12, -27.63], [153.13, -27.63], [153.13, -27.62], [153.12, -27.62], [153.12, -27.63]]]}, "properties": {"count": 1326, "intensity": 0.0093}}, {"type": "Feature", "geometry": {"type": "Polygon", "coordinates": [[[152.89, -27.69], [152.9, -27.69], [152.9, -27.68], [152.89, -27.68], [152.89, -27.69]]]}, "properties": {"count": 939, "intensity": 0.0066}}, {"type": "Feature", "geometry": {"type": "Polygon", "coordinates": [[[152.91, -27.67], [152.92, -27.67], [152.92, -27.66], [152.91, -27.66], [152.91, -27.67]]]}, "properties": {"count": 1437, "intensity": 0.01}}, {"type": "Feature", "geometry": {"type": "Polygon", "coordinates": [[[152.91, -27.66], [152.92, -27.66], [152.92, -27.65], [152.91, -27.65], [152.91, -27.66]]]}, "properties": {"count": 1560, "intensity": 0.0109}}, {"type": "Feature", "geometry": {"type": "Polygon", "coordinates": [[[153.13, -27.63], [153.14, -27.63], [153.14, -27.62], [153.13, -27.62], [153.13, -27.63]]]}, "properties": {"count": 2085, "intensity": 0.0146}}, {"type": "Feature", "geometry": {"type": "Polygon", "coordinates": [[[153.13, -27.62], [153.14, -27.62], [153.14, -27.61], [153.13, -27.61], [153.13, -27.62]]]}, "properties": {"count": 1292, "intensity": 0.009}}, {"type": "Feature", "geometry": {"type": "Polygon", "coordinates": [[[153.14, -27.62], [153.15, -27.62], [153.15, -27.61], [153.14, -27.61], [153.14, -27.62]]]}, "properties": {"count": 388, "intensity": 0.0027}}, {"type": "Feature", "geometry": {"type": "Polygon", "coordinates": [[[153.13, -27.61], [153.14, -27.61], [153.14, -27.6], [153.13, -27.6], [153.13, -27.61]]]}, "properties": {"count": 1956, "intensity": 0.0137}}, {"type": "Feature", "geometry": {"type": "Polygon", "coordinates": [[[152.98, -27.31], [152.99, -27.31], [152.99, -27.3], [152.98, -27.3], [152.98, -27.31]]]}, "properties": {"count": 2451, "intensity": 0.0171}}, {"type": "Feature", "geometry": {"type": "Polygon", "coordinates": [[[153.27, -27.59], [153.28, -27.59], [153.28, -27.58], [153.27, -27.58], [153.27, -27.59]]]}, "properties": {"count": 696, "intensity": 0.0049}}, {"type": "Feature", "geometry": {"type": "Polygon", "coordinates": [[[153.27, -27.58], [153.28, -27.58], [153.28, -27.57], [153.27, -27.57], [153.27, -27.58]]]}, "properties": {"count": 1901, "intensity": 0.0133}}, {"type": "Feature", "geometry": {"type": "Polygon", "coordinates": [[[153.24, -27.57], [153.25, -27.57], [153.25, -27.56], [153.24, -27.56], [153.24, -27.57]]]}, "properties": {"count": 686, "intensity": 0.0048}}, {"type": "Feature", "geometry": {"type": "Polygon", "coordinates": [[[153.26, -27.58], [153.27, -27.58], [153.27, -27.57], [153.26, -27.57], [153.26, -27.58]]]}, "properties": {"count": 1160, "intensity": 0.0081}}, {"type": "Feature", "geometry": {"type": "Polygon", "coordinates": [[[153.25, -27.57], [153.26, -27.57], [153.26, -27.56], [153.25, -27.56], [153.25, -27.57]]]}, "properties": {"count": 886, "intensity": 0.0062}}, {"type": "Feature", "geometry": {"type": "Polygon", "coordinates": [[[153.25, -27.58], [153.26, -27.58], [153.26, -27.57], [153.25, -27.57], [153.25, -27.58]]]}, "properties": {"count": 580, "intensity": 0.0041}}, {"type": "Feature", "geometry": {"type": "Polygon", "coordinates": [[[153.26, -27.56], [153.27, -27.56], [153.27, -27.55], [153.26, -27.55], [153.26, -27.56]]]}, "properties": {"count": 1327, "intensity": 0.0093}}, {"type": "Feature", "geometry": {"type": "Polygon", "coordinates": [[[152.77, -27.59], [152.78, -27.59], [152.78, -27.58], [152.77, -27.58], [152.77, -27.59]]]}, "properties": {"count": 854, "intensity": 0.006}}, {"type": "Feature", "geometry": {"type": "Polygon", "coordinates": [[[153.11, -27.61], [153.12, -27.61], [153.12, -27.6], [153.11, -27.6], [153.11, -27.61]]]}, "properties": {"count": 618, "intensity": 0.0043}}, {"type": "Feature", "geometry": {"type": "Polygon", "coordinates": [[[153.11, -27.62], [153.12, -27.62], [153.12, -27.61], [153.11, -27.61], [153.11, -27.62]]]}, "properties": {"count": 863, "intensity": 0.006}}, {"type": "Feature", "geometry": {"type": "Polygon", "coordinates": [[[153.29, -27.6], [153.3, -27.6], [153.3, -27.59], [153.29, -27.59], [153.29, -27.6]]]}, "properties": {"count": 782, "intensity": 0.0055}}, {"type": "Feature", "geometry": {"type": "Polygon", "coordinates": [[[153.31, -27.59], [153.32, -27.59], [153.32, -27.58], [153.31, -27.58], [153.31, -27.59]]]}, "properties": {"count": 1471, "intensity": 0.0103}}, {"type": "Feature", "geometry": {"type": "Polygon", "coordinates": [[[153.3, -27.59], [153.31, -27.59], [153.31, -27.58], [153.3, -27.58], [153.3, -27.59]]]}, "properties": {"count": 1059, "intensity": 0.0074}}, {"type": "Feature", "geometry": {"type": "Polygon", "coordinates": [[[153.28, -27.6], [153.29, -27.6], [153.29, -27.59], [153.28, -27.59], [153.28, -27.6]]]}, "properties": {"count": 3117, "intensity": 0.0218}}, {"type": "Feature", "geometry": {"type": "Polygon", "coordinates": [[[152.67, -27.53], [152.68, -27.53], [152.68, -27.52], [152.67, -27.52], [152.67, -27.53]]]}, "properties": {"count": 22, "intensity": 0.0002}}, {"type": "Feature", "geometry": {"type": "Polygon", "coordinates": [[[152.66, -27.51], [152.67, -27.51], [152.67, -27.5], [152.66, -27.5], [152.66, -27.51]]]}, "properties": {"count": 22, "intensity": 0.0002}}, {"type": "Feature", "geometry": {"type": "Polygon", "coordinates": [[[153.12, -27.7], [153.13, -27.7], [153.13, -27.69], [153.12, -27.69], [153.12, -27.7]]]}, "properties": {"count": 740, "intensity": 0.0052}}, {"type": "Feature", "geometry": {"type": "Polygon", "coordinates": [[[153.13, -27.7], [153.14, -27.7], [153.14, -27.69], [153.13, -27.69], [153.13, -27.7]]]}, "properties": {"count": 1231, "intensity": 0.0086}}, {"type": "Feature", "geometry": {"type": "Polygon", "coordinates": [[[153.23, -27.49], [153.24, -27.49], [153.24, -27.48], [153.23, -27.48], [153.23, -27.49]]]}, "properties": {"count": 789, "intensity": 0.0055}}, {"type": "Feature", "geometry": {"type": "Polygon", "coordinates": [[[153.23, -27.5], [153.24, -27.5], [153.24, -27.49], [153.23, -27.49], [153.23, -27.5]]]}, "properties": {"count": 510, "intensity": 0.0036}}, {"type": "Feature", "geometry": {"type": "Polygon", "coordinates": [[[153.24, -27.47], [153.25, -27.47], [153.25, -27.46], [153.24, -27.46], [153.24, -27.47]]]}, "properties": {"count": 161, "intensity": 0.0011}}, {"type": "Feature", "geometry": {"type": "Polygon", "coordinates": [[[152.74, -27.62], [152.75, -27.62], [152.75, -27.61], [152.74, -27.61], [152.74, -27.62]]]}, "properties": {"count": 541, "intensity": 0.0038}}, {"type": "Feature", "geometry": {"type": "Polygon", "coordinates": [[[152.68, -27.68], [152.69, -27.68], [152.69, -27.67], [152.68, -27.67], [152.68, -27.68]]]}, "properties": {"count": 314, "intensity": 0.0022}}, {"type": "Feature", "geometry": {"type": "Polygon", "coordinates": [[[153.1, -27.63], [153.11, -27.63], [153.11, -27.62], [153.1, -27.62], [153.1, -27.63]]]}, "properties": {"count": 4129, "intensity": 0.0288}}, {"type": "Feature", "geometry": {"type": "Polygon", "coordinates": [[[153.1, -27.26], [153.11, -27.26], [153.11, -27.25], [153.1, -27.25], [153.1, -27.26]]]}, "properties": {"count": 4688, "intensity": 0.0327}}, {"type": "Feature", "geometry": {"type": "Polygon", "coordinates": [[[153.19, -27.08], [153.2, -27.08], [153.2, -27.07], [153.19, -27.07], [153.19, -27.08]]]}, "properties": {"count": 177, "intensity": 0.0012}}, {"type": "Feature", "geometry": {"type": "Polygon", "coordinates": [[[153.2, -27.08], [153.21, -27.08], [153.21, -27.07], [153.2, -27.07], [153.2, -27.08]]]}, "properties": {"count": 699, "intensity": 0.0049}}, {"type": "Feature", "geometry": {"type": "Polygon", "coordinates": [[[153.2, -27.07], [153.21, -27.07], [153.21, -27.06], [153.2, -27.06], [153.2, -27.07]]]}, "properties": {"count": 438, "intensity": 0.0031}}, {"type": "Feature", "geometry": {"type": "Polygon", "coordinates": [[[152.74, -27.66], [152.75, -27.66], [152.75, -27.65], [152.74, -27.65], [152.74, -27.66]]]}, "properties": {"count": 677, "intensity": 0.0047}}, {"type": "Feature", "geometry": {"type": "Polygon", "coordinates": [[[153.21, -27.52], [153.22, -27.52], [153.22, -27.51], [153.21, -27.51], [153.21, -27.52]]]}, "properties": {"count": 1129, "intensity": 0.0079}}, {"type": "Feature", "geometry": {"type": "Polygon", "coordinates": [[[153.23, -27.52], [153.24, -27.52], [153.24, -27.51], [153.23, -27.51], [153.23, -27.52]]]}, "properties": {"count": 798, "intensity": 0.0056}}, {"type": "Feature", "geometry": {"type": "Polygon", "coordinates": [[[153.22, -27.52], [153.23, -27.52], [153.23, -27.51], [153.22, -27.51], [153.22, -27.52]]]}, "properties": {"count": 627, "intensity": 0.0044}}, {"type": "Feature", "geometry": {"type": "Polygon", "coordinates": [[[153.23, -27.54], [153.24, -27.54], [153.24, -27.53], [153.23, -27.53], [153.23, -27.54]]]}, "properties": {"count": 184, "intensity": 0.0013}}, {"type": "Feature", "geometry": {"type": "Polygon", "coordinates": [[[153.22, -27.56], [153.23, -27.56], [153.23, -27.55], [153.22, -27.55], [153.22, -27.56]]]}, "properties": {"count": 308, "intensity": 0.0022}}, {"type": "Feature", "geometry": {"type": "Polygon", "coordinates": [[[153.21, -27.55], [153.22, -27.55], [153.22, -27.54], [153.21, -27.54], [153.21, -27.55]]]}, "properties": {"count": 424, "intensity": 0.003}}, {"type": "Feature", "geometry": {"type": "Polygon", "coordinates": [[[153.23, -27.56], [153.24, -27.56], [153.24, -27.55], [153.23, -27.55], [153.23, -27.56]]]}, "properties": {"count": 228, "intensity": 0.0016}}, {"type": "Feature", "geometry": {"type": "Polygon", "coordinates": [[[152.88, -27.67], [152.89, -27.67], [152.89, -27.66], [152.88, -27.66], [152.88, -27.67]]]}, "properties": {"count": 940, "intensity": 0.0066}}, {"type": "Feature", "geometry": {"type": "Polygon", "coordinates": [[[153.14, -27.05], [153.15, -27.05], [153.15, -27.04], [153.14, -27.04], [153.14, -27.05]]]}, "properties": {"count": 344, "intensity": 0.0024}}, {"type": "Feature", "geometry": {"type": "Polygon", "coordinates": [[[153.14, -27.04], [153.15, -27.04], [153.15, -27.03], [153.14, -27.03], [153.14, -27.04]]]}, "properties": {"count": 258, "intensity": 0.0018}}, {"type": "Feature", "geometry": {"type": "Polygon", "coordinates": [[[153.13, -27.04], [153.14, -27.04], [153.14, -27.03], [153.13, -27.03], [153.13, -27.04]]]}, "properties": {"count": 172, "intensity": 0.0012}}, {"type": "Feature", "geometry": {"type": "Polygon", "coordinates": [[[153.13, -27.05], [153.14, -27.05], [153.14, -27.04], [153.13, -27.04], [153.13, -27.05]]]}, "properties": {"count": 172, "intensity": 0.0012}}, {"type": "Feature", "geometry": {"type": "Polygon", "coordinates": [[[153.15, -27.05], [153.16, -27.05], [153.16, -27.04], [153.15, -27.04], [153.15, -27.05]]]}, "properties": {"count": 172, "intensity": 0.0012}}, {"type": "Feature", "geometry": {"type": "Polygon", "coordinates": [[[152.77, -27.61], [152.78, -27.61], [152.78, -27.6], [152.77, -27.6], [152.77, -27.61]]]}, "properties": {"count": 1397, "intensity": 0.0098}}, {"type": "Feature", "geometry": {"type": "Polygon", "coordinates": [[[153.04, -27.13], [153.05, -27.13], [153.05, -27.12], [153.04, -27.12], [153.04, -27.13]]]}, "properties": {"count": 43, "intensity": 0.0003}}, {"type": "Feature", "geometry": {"type": "Polygon", "coordinates": [[[153.05, -27.13], [153.06, -27.13], [153.06, -27.12], [153.05, -27.12], [153.05, -27.13]]]}, "properties": {"count": 298, "intensity": 0.0021}}, {"type": "Feature", "geometry": {"type": "Polygon", "coordinates": [[[153.05, -27.14], [153.06, -27.14], [153.06, -27.13], [153.05, -27.13], [153.05, -27.14]]]}, "properties": {"count": 129, "intensity": 0.0009}}, {"type": "Feature", "geometry": {"type": "Polygon", "coordinates": [[[153.05, -27.12], [153.06, -27.12], [153.06, -27.11], [153.05, -27.11], [153.05, -27.12]]]}, "properties": {"count": 86, "intensity": 0.0006}}, {"type": "Feature", "geometry": {"type": "Polygon", "coordinates": [[[153.04, -27.14], [153.05, -27.14], [153.05, -27.13], [153.04, -27.13], [153.04, -27.14]]]}, "properties": {"count": 215, "intensity": 0.0015}}, {"type": "Feature", "geometry": {"type": "Polygon", "coordinates": [[[153.2, -27.71], [153.21, -27.71], [153.21, -27.7], [153.2, -27.7], [153.2, -27.71]]]}, "properties": {"count": 1504, "intensity": 0.0105}}, {"type": "Feature", "geometry": {"type": "Polygon", "coordinates": [[[153.18, -27.73], [153.19, -27.73], [153.19, -27.72], [153.18, -27.72], [153.18, -27.73]]]}, "properties": {"count": 308, "intensity": 0.0022}}, {"type": "Feature", "geometry": {"type": "Polygon", "coordinates": [[[153.18, -27.72], [153.19, -27.72], [153.19, -27.71], [153.18, -27.71], [153.18, -27.72]]]}, "properties": {"count": 1888, "intensity": 0.0132}}, {"type": "Feature", "geometry": {"type": "Polygon", "coordinates": [[[153.18, -27.71], [153.19, -27.71], [153.19, -27.7], [153.18, -27.7], [153.18, -27.71]]]}, "properties": {"count": 1030, "intensity": 0.0072}}, {"type": "Feature", "geometry": {"type": "Polygon", "coordinates": [[[153.19, -27.72], [153.2, -27.72], [153.2, -27.71], [153.19, -27.71], [153.19, -27.72]]]}, "properties": {"count": 747, "intensity": 0.0052}}, {"type": "Feature", "geometry": {"type": "Polygon", "coordinates": [[[153.2, -27.73], [153.21, -27.73], [153.21, -27.72], [153.2, -27.72], [153.2, -27.73]]]}, "properties": {"count": 2650, "intensity": 0.0185}}, {"type": "Feature", "geometry": {"type": "Polygon", "coordinates": [[[153.21, -27.73], [153.22, -27.73], [153.22, -27.72], [153.21, -27.72], [153.21, -27.73]]]}, "properties": {"count": 1212, "intensity": 0.0085}}, {"type": "Feature", "geometry": {"type": "Polygon", "coordinates": [[[153.19, -27.73], [153.2, -27.73], [153.2, -27.72], [153.19, -27.72], [153.19, -27.73]]]}, "properties": {"count": 875, "intensity": 0.0061}}, {"type": "Feature", "geometry": {"type": "Polygon", "coordinates": [[[153.14, -27.06], [153.15, -27.06], [153.15, -27.05], [153.14, -27.05], [153.14, -27.06]]]}, "properties": {"count": 624, "intensity": 0.0044}}, {"type": "Feature", "geometry": {"type": "Polygon", "coordinates": [[[153.15, -27.06], [153.16, -27.06], [153.16, -27.05], [153.15, -27.05], [153.15, -27.06]]]}, "properties": {"count": 234, "intensity": 0.0016}}, {"type": "Feature", "geometry": {"type": "Polygon", "coordinates": [[[152.91, -27.1], [152.92, -27.1], [152.92, -27.09], [152.91, -27.09], [152.91, -27.1]]]}, "properties": {"count": 184, "intensity": 0.0013}}, {"type": "Feature", "geometry": {"type": "Polygon", "coordinates": [[[152.92, -27.1], [152.93, -27.1], [152.93, -27.09], [152.92, -27.09], [152.92, -27.1]]]}, "properties": {"count": 1104, "intensity": 0.0077}}, {"type": "Feature", "geometry": {"type": "Polygon", "coordinates": [[[152.92, -27.09], [152.93, -27.09], [152.93, -27.08], [152.92, -27.08], [152.92, -27.09]]]}, "properties": {"count": 736, "intensity": 0.0051}}, {"type": "Feature", "geometry": {"type": "Polygon", "coordinates": [[[153.09, -27.66], [153.1, -27.66], [153.1, -27.65], [153.09, -27.65], [153.09, -27.66]]]}, "properties": {"count": 1656, "intensity": 0.0116}}, {"type": "Feature", "geometry": {"type": "Polygon", "coordinates": [[[153.14, -27.69], [153.15, -27.69], [153.15, -27.68], [153.14, -27.68], [153.14, -27.69]]]}, "properties": {"count": 426, "intensity": 0.003}}, {"type": "Feature", "geometry": {"type": "Polygon", "coordinates": [[[153.15, -27.7], [153.16, -27.7], [153.16, -27.69], [153.15, -27.69], [153.15, -27.7]]]}, "properties": {"count": 1278, "intensity": 0.0089}}, {"type": "Feature", "geometry": {"type": "Polygon", "coordinates": [[[153.16, -27.7], [153.17, -27.7], [153.17, -27.69], [153.16, -27.69], [153.16, -27.7]]]}, "properties": {"count": 639, "intensity": 0.0045}}, {"type": "Feature", "geometry": {"type": "Polygon", "coordinates": [[[153.2, -27.5], [153.21, -27.5], [153.21, -27.49], [153.2, -27.49], [153.2, -27.5]]]}, "properties": {"count": 260, "intensity": 0.0018}}, {"type": "Feature", "geometry": {"type": "Polygon", "coordinates": [[[153.22, -27.51], [153.23, -27.51], [153.23, -27.5], [153.22, -27.5], [153.22, -27.51]]]}, "properties": {"count": 569, "intensity": 0.004}}, {"type": "Feature", "geometry": {"type": "Polygon", "coordinates": [[[153.21, -27.49], [153.22, -27.49], [153.22, -27.48], [153.21, -27.48], [153.21, -27.49]]]}, "properties": {"count": 208, "intensity": 0.0015}}, {"type": "Feature", "geometry": {"type": "Polygon", "coordinates": [[[152.81, -27.63], [152.82, -27.63], [152.82, -27.62], [152.81, -27.62], [152.81, -27.63]]]}, "properties": {"count": 195, "intensity": 0.0014}}, {"type": "Feature", "geometry": {"type": "Polygon", "coordinates": [[[153.17, -27.07], [153.18, -27.07], [153.18, -27.06], [153.17, -27.06], [153.17, -27.07]]]}, "properties": {"count": 86, "intensity": 0.0006}}, {"type": "Feature", "geometry": {"type": "Polygon", "coordinates": [[[153.02, -27.69], [153.03, -27.69], [153.03, -27.68], [153.02, -27.68], [153.02, -27.69]]]}, "properties": {"count": 867, "intensity": 0.0061}}, {"type": "Feature", "geometry": {"type": "Polygon", "coordinates": [[[153.02, -27.68], [153.03, -27.68], [153.03, -27.67], [153.02, -27.67], [153.02, -27.68]]]}, "properties": {"count": 696, "intensity": 0.0049}}, {"type": "Feature", "geometry": {"type": "Polygon", "coordinates": [[[153.01, -27.69], [153.02, -27.69], [153.02, -27.68], [153.01, -27.68], [153.01, -27.69]]]}, "properties": {"count": 522, "intensity": 0.0036}}, {"type": "Feature", "geometry": {"type": "Polygon", "coordinates": [[[153.01, -27.7], [153.02, -27.7], [153.02, -27.69], [153.01, -27.69], [153.01, -27.7]]]}, "properties": {"count": 1218, "intensity": 0.0085}}, {"type": "Feature", "geometry": {"type": "Polygon", "coordinates": [[[153.02, -27.7], [153.03, -27.7], [153.03, -27.69], [153.02, -27.69], [153.02, -27.7]]]}, "properties": {"count": 777, "intensity": 0.0054}}, {"type": "Feature", "geometry": {"type": "Polygon", "coordinates": [[[152.73, -27.61], [152.74, -27.61], [152.74, -27.6], [152.73, -27.6], [152.73, -27.61]]]}, "properties": {"count": 402, "intensity": 0.0028}}, {"type": "Feature", "geometry": {"type": "Polygon", "coordinates": [[[152.95, -27.29], [152.96, -27.29], [152.96, -27.28], [152.95, -27.28], [152.95, -27.29]]]}, "properties": {"count": 1369, "intensity": 0.0096}}, {"type": "Feature", "geometry": {"type": "Polygon", "coordinates": [[[152.96, -27.29], [152.97, -27.29], [152.97, -27.28], [152.96, -27.28], [152.96, -27.29]]]}, "properties": {"count": 701, "intensity": 0.0049}}, {"type": "Feature", "geometry": {"type": "Polygon", "coordinates": [[[152.96, -27.3], [152.97, -27.3], [152.97, -27.29], [152.96, -27.29], [152.96, -27.3]]]}, "properties": {"count": 1212, "intensity": 0.0085}}, {"type": "Feature", "geometry": {"type": "Polygon", "coordinates": [[[152.97, -27.29], [152.98, -27.29], [152.98, -27.28], [152.97, -27.28], [152.97, -27.29]]]}, "properties": {"count": 872, "intensity": 0.0061}}, {"type": "Feature", "geometry": {"type": "Polygon", "coordinates": [[[152.97, -27.3], [152.98, -27.3], [152.98, -27.29], [152.97, -27.29], [152.97, -27.3]]]}, "properties": {"count": 1269, "intensity": 0.0089}}, {"type": "Feature", "geometry": {"type": "Polygon", "coordinates": [[[152.96, -27.31], [152.97, -27.31], [152.97, -27.3], [152.96, -27.3], [152.96, -27.31]]]}, "properties": {"count": 714, "intensity": 0.005}}, {"type": "Feature", "geometry": {"type": "Polygon", "coordinates": [[[152.95, -27.3], [152.96, -27.3], [152.96, -27.29], [152.95, -27.29], [152.95, -27.3]]]}, "properties": {"count": 1370, "intensity": 0.0096}}, {"type": "Feature", "geometry": {"type": "Polygon", "coordinates": [[[152.81, -27.62], [152.82, -27.62], [152.82, -27.61], [152.81, -27.61], [152.81, -27.62]]]}, "properties": {"count": 585, "intensity": 0.0041}}, {"type": "Feature", "geometry": {"type": "Polygon", "coordinates": [[[152.8, -27.6], [152.81, -27.6], [152.81, -27.59], [152.8, -27.59], [152.8, -27.6]]]}, "properties": {"count": 418, "intensity": 0.0029}}, {"type": "Feature", "geometry": {"type": "Polygon", "coordinates": [[[152.96, -27.17], [152.97, -27.17], [152.97, -27.16], [152.96, -27.16], [152.96, -27.17]]]}, "properties": {"count": 476, "intensity": 0.0033}}, {"type": "Feature", "geometry": {"type": "Polygon", "coordinates": [[[152.97, -27.17], [152.98, -27.17], [152.98, -27.16], [152.97, -27.16], [152.97, -27.17]]]}, "properties": {"count": 476, "intensity": 0.0033}}, {"type": "Feature", "geometry": {"type": "Polygon", "coordinates": [[[152.97, -27.15], [152.98, -27.15], [152.98, -27.14], [152.97, -27.14], [152.97, -27.15]]]}, "properties": {"count": 298, "intensity": 0.0021}}, {"type": "Feature", "geometry": {"type": "Polygon", "coordinates": [[[152.96, -27.16], [152.97, -27.16], [152.97, -27.15], [152.96, -27.15], [152.96, -27.16]]]}, "properties": {"count": 476, "intensity": 0.0033}}, {"type": "Feature", "geometry": {"type": "Polygon", "coordinates": [[[152.98, -27.1], [152.99, -27.1], [152.99, -27.09], [152.98, -27.09], [152.98, -27.1]]]}, "properties": {"count": 83, "intensity": 0.0006}}, {"type": "Feature", "geometry": {"type": "Polygon", "coordinates": [[[152.95, -27.08], [152.96, -27.08], [152.96, -27.07], [152.95, -27.07], [152.95, -27.08]]]}, "properties": {"count": 187, "intensity": 0.0013}}, {"type": "Feature", "geometry": {"type": "Polygon", "coordinates": [[[152.94, -27.08], [152.95, -27.08], [152.95, -27.07], [152.94, -27.07], [152.94, -27.08]]]}, "properties": {"count": 480, "intensity": 0.0034}}, {"type": "Feature", "geometry": {"type": "Polygon", "coordinates": [[[152.93, -27.08], [152.94, -27.08], [152.94, -27.07], [152.93, -27.07], [152.93, -27.08]]]}, "properties": {"count": 960, "intensity": 0.0067}}, {"type": "Feature", "geometry": {"type": "Polygon", "coordinates": [[[152.92, -27.07], [152.93, -27.07], [152.93, -27.06], [152.92, -27.06], [152.92, -27.07]]]}, "properties": {"count": 120, "intensity": 0.0008}}, {"type": "Feature", "geometry": {"type": "Polygon", "coordinates": [[[152.93, -27.1], [152.94, -27.1], [152.94, -27.09], [152.93, -27.09], [152.93, -27.1]]]}, "properties": {"count": 736, "intensity": 0.0051}}, {"type": "Feature", "geometry": {"type": "Polygon", "coordinates": [[[152.92, -27.65], [152.93, -27.65], [152.93, -27.64], [152.92, -27.64], [152.92, -27.65]]]}, "properties": {"count": 780, "intensity": 0.0054}}, {"type": "Feature", "geometry": {"type": "Polygon", "coordinates": [[[152.92, -27.64], [152.93, -27.64], [152.93, -27.63], [152.92, -27.63], [152.92, -27.64]]]}, "properties": {"count": 520, "intensity": 0.0036}}, {"type": "Feature", "geometry": {"type": "Polygon", "coordinates": [[[152.91, -27.62], [152.92, -27.62], [152.92, -27.61], [152.91, -27.61], [152.91, -27.62]]]}, "properties": {"count": 780, "intensity": 0.0054}}, {"type": "Feature", "geometry": {"type": "Polygon", "coordinates": [[[153.21, -27.56], [153.22, -27.56], [153.22, -27.55], [153.21, -27.55], [153.21, -27.56]]]}, "properties": {"count": 134, "intensity": 0.0009}}, {"type": "Feature", "geometry": {"type": "Polygon", "coordinates": [[[153.18, -27.54], [153.19, -27.54], [153.19, -27.53], [153.18, -27.53], [153.18, -27.54]]]}, "properties": {"count": 253, "intensity": 0.0018}}, {"type": "Feature", "geometry": {"type": "Polygon", "coordinates": [[[153.2, -27.56], [153.21, -27.56], [153.21, -27.55], [153.2, -27.55], [153.2, -27.56]]]}, "properties": {"count": 39, "intensity": 0.0003}}, {"type": "Feature", "geometry": {"type": "Polygon", "coordinates": [[[153.27, -27.55], [153.28, -27.55], [153.28, -27.54], [153.27, -27.54], [153.27, -27.55]]]}, "properties": {"count": 898, "intensity": 0.0063}}, {"type": "Feature", "geometry": {"type": "Polygon", "coordinates": [[[153.27, -27.54], [153.28, -27.54], [153.28, -27.53], [153.27, -27.53], [153.27, -27.54]]]}, "properties": {"count": 815, "intensity": 0.0057}}, {"type": "Feature", "geometry": {"type": "Polygon", "coordinates": [[[153.08, -27.24], [153.09, -27.24], [153.09, -27.23], [153.08, -27.23], [153.08, -27.24]]]}, "properties": {"count": 1032, "intensity": 0.0072}}, {"type": "Feature", "geometry": {"type": "Polygon", "coordinates": [[[152.85, -27.63], [152.86, -27.63], [152.86, -27.62], [152.85, -27.62], [152.85, -27.63]]]}, "properties": {"count": 517, "intensity": 0.0036}}, {"type": "Feature", "geometry": {"type": "Polygon", "coordinates": [[[152.52, -27.38], [152.53, -27.38], [152.53, -27.37], [152.52, -27.37], [152.52, -27.38]]]}, "properties": {"count": 10, "intensity": 0.0001}}, {"type": "Feature", "geometry": {"type": "Polygon", "coordinates": [[[152.51, -27.4], [152.52, -27.4], [152.52, -27.39], [152.51, -27.39], [152.51, -27.4]]]}, "properties": {"count": 15, "intensity": 0.0001}}, {"type": "Feature", "geometry": {"type": "Polygon", "coordinates": [[[153.19, -27.66], [153.2, -27.66], [153.2, -27.65], [153.19, -27.65], [153.19, -27.66]]]}, "properties": {"count": 480, "intensity": 0.0034}}, {"type": "Feature", "geometry": {"type": "Polygon", "coordinates": [[[153.2, -27.67], [153.21, -27.67], [153.21, -27.66], [153.2, -27.66], [153.2, -27.67]]]}, "properties": {"count": 586, "intensity": 0.0041}}, {"type": "Feature", "geometry": {"type": "Polygon", "coordinates": [[[153.21, -27.68], [153.22, -27.68], [153.22, -27.67], [153.21, -27.67], [153.21, -27.68]]]}, "properties": {"count": 160, "intensity": 0.0011}}, {"type": "Feature", "geometry": {"type": "Polygon", "coordinates": [[[153.23, -27.66], [153.24, -27.66], [153.24, -27.65], [153.23, -27.65], [153.23, -27.66]]]}, "properties": {"count": 158, "intensity": 0.0011}}, {"type": "Feature", "geometry": {"type": "Polygon", "coordinates": [[[153.07, -27.7], [153.08, -27.7], [153.08, -27.69], [153.07, -27.69], [153.07, -27.7]]]}, "properties": {"count": 674, "intensity": 0.0047}}, {"type": "Feature", "geometry": {"type": "Polygon", "coordinates": [[[153.02, -27.18], [153.03, -27.18], [153.03, -27.17], [153.02, -27.17], [153.02, -27.18]]]}, "properties": {"count": 715, "intensity": 0.005}}, {"type": "Feature", "geometry": {"type": "Polygon", "coordinates": [[[153.02, -27.21], [153.03, -27.21], [153.03, -27.2], [153.02, -27.2], [153.02, -27.21]]]}, "properties": {"count": 514, "intensity": 0.0036}}, {"type": "Feature", "geometry": {"type": "Polygon", "coordinates": [[[153.01, -27.2], [153.02, -27.2], [153.02, -27.19], [153.01, -27.19], [153.01, -27.2]]]}, "properties": {"count": 771, "intensity": 0.0054}}, {"type": "Feature", "geometry": {"type": "Polygon", "coordinates": [[[153.01, -27.18], [153.02, -27.18], [153.02, -27.17], [153.01, -27.17], [153.01, -27.18]]]}, "properties": {"count": 143, "intensity": 0.001}}, {"type": "Feature", "geometry": {"type": "Polygon", "coordinates": [[[153.2, -27.7], [153.21, -27.7], [153.21, -27.69], [153.2, -27.69], [153.2, -27.7]]]}, "properties": {"count": 1848, "intensity": 0.0129}}, {"type": "Feature", "geometry": {"type": "Polygon", "coordinates": [[[153.21, -27.7], [153.22, -27.7], [153.22, -27.69], [153.21, -27.69], [153.21, -27.7]]]}, "properties": {"count": 924, "intensity": 0.0065}}, {"type": "Feature", "geometry": {"type": "Polygon", "coordinates": [[[153.21, -27.71], [153.22, -27.71], [153.22, -27.7], [153.21, -27.7], [153.21, -27.71]]]}, "properties": {"count": 616, "intensity": 0.0043}}, {"type": "Feature", "geometry": {"type": "Polygon", "coordinates": [[[153.21, -27.72], [153.22, -27.72], [153.22, -27.71], [153.21, -27.71], [153.21, -27.72]]]}, "properties": {"count": 924, "intensity": 0.0065}}, {"type": "Feature", "geometry": {"type": "Polygon", "coordinates": [[[153.22, -27.71], [153.23, -27.71], [153.23, -27.7], [153.22, -27.7], [153.22, -27.71]]]}, "properties": {"count": 924, "intensity": 0.0065}}, {"type": "Feature", "geometry": {"type": "Polygon", "coordinates": [[[153.22, -27.72], [153.23, -27.72], [153.23, -27.71], [153.22, -27.71], [153.22, -27.72]]]}, "properties": {"count": 308, "intensity": 0.0022}}, {"type": "Feature", "geometry": {"type": "Polygon", "coordinates": [[[152.76, -27.64], [152.77, -27.64], [152.77, -27.63], [152.76, -27.63], [152.76, -27.64]]]}, "properties": {"count": 960, "intensity": 0.0067}}, {"type": "Feature", "geometry": {"type": "Polygon", "coordinates": [[[153.17, -27.71], [153.18, -27.71], [153.18, -27.7], [153.17, -27.7], [153.17, -27.71]]]}, "properties": {"count": 852, "intensity": 0.006}}, {"type": "Feature", "geometry": {"type": "Polygon", "coordinates": [[[153.16, -27.71], [153.17, -27.71], [153.17, -27.7], [153.16, -27.7], [153.16, -27.71]]]}, "properties": {"count": 744, "intensity": 0.0052}}, {"type": "Feature", "geometry": {"type": "Polygon", "coordinates": [[[153.17, -27.7], [153.18, -27.7], [153.18, -27.69], [153.17, -27.69], [153.17, -27.7]]]}, "properties": {"count": 1453, "intensity": 0.0101}}, {"type": "Feature", "geometry": {"type": "Polygon", "coordinates": [[[153.0, -27.66], [153.01, -27.66], [153.01, -27.65], [153.0, -27.65], [153.0, -27.66]]]}, "properties": {"count": 277, "intensity": 0.0019}}, {"type": "Feature", "geometry": {"type": "Polygon", "coordinates": [[[153.1, -27.08], [153.11, -27.08], [153.11, -27.07], [153.1, -27.07], [153.1, -27.08]]]}, "properties": {"count": 18, "intensity": 0.0001}}, {"type": "Feature", "geometry": {"type": "Polygon", "coordinates": [[[153.11, -27.09], [153.12, -27.09], [153.12, -27.08], [153.11, -27.08], [153.11, -27.09]]]}, "properties": {"count": 18, "intensity": 0.0001}}, {"type": "Feature", "geometry": {"type": "Polygon", "coordinates": [[[152.89, -27.6], [152.9, -27.6], [152.9, -27.59], [152.89, -27.59], [152.89, -27.6]]]}, "properties": {"count": 169, "intensity": 0.0012}}, {"type": "Feature", "geometry": {"type": "Polygon", "coordinates": [[[152.88, -27.6], [152.89, -27.6], [152.89, -27.59], [152.88, -27.59], [152.88, -27.6]]]}, "properties": {"count": 169, "intensity": 0.0012}}, {"type": "Feature", "geometry": {"type": "Polygon", "coordinates": [[[152.88, -27.62], [152.89, -27.62], [152.89, -27.61], [152.88, -27.61], [152.88, -27.62]]]}, "properties": {"count": 816, "intensity": 0.0057}}, {"type": "Feature", "geometry": {"type": "Polygon", "coordinates": [[[152.88, -27.61], [152.89, -27.61], [152.89, -27.6], [152.88, -27.6], [152.88, -27.61]]]}, "properties": {"count": 921, "intensity": 0.0064}}, {"type": "Feature", "geometry": {"type": "Polygon", "coordinates": [[[152.9, -27.62], [152.91, -27.62], [152.91, -27.61], [152.9, -27.61], [152.9, -27.62]]]}, "properties": {"count": 225, "intensity": 0.0016}}, {"type": "Feature", "geometry": {"type": "Polygon", "coordinates": [[[153.03, -27.72], [153.04, -27.72], [153.04, -27.71], [153.03, -27.71], [153.03, -27.72]]]}, "properties": {"count": 174, "intensity": 0.0012}}, {"type": "Feature", "geometry": {"type": "Polygon", "coordinates": [[[153.01, -27.71], [153.02, -27.71], [153.02, -27.7], [153.01, -27.7], [153.01, -27.71]]]}, "properties": {"count": 609, "intensity": 0.0043}}, {"type": "Feature", "geometry": {"type": "Polygon", "coordinates": [[[153.02, -27.27], [153.03, -27.27], [153.03, -27.26], [153.02, -27.26], [153.02, -27.27]]]}, "properties": {"count": 1098, "intensity": 0.0077}}, {"type": "Feature", "geometry": {"type": "Polygon", "coordinates": [[[152.98, -27.65], [152.99, -27.65], [152.99, -27.64], [152.98, -27.64], [152.98, -27.65]]]}, "properties": {"count": 277, "intensity": 0.0019}}, {"type": "Feature", "geometry": {"type": "Polygon", "coordinates": [[[153.06, -27.68], [153.07, -27.68], [153.07, -27.67], [153.06, -27.67], [153.06, -27.68]]]}, "properties": {"count": 72, "intensity": 0.0005}}, {"type": "Feature", "geometry": {"type": "Polygon", "coordinates": [[[153.06, -27.69], [153.07, -27.69], [153.07, -27.68], [153.06, -27.68], [153.06, -27.69]]]}, "properties": {"count": 147, "intensity": 0.001}}, {"type": "Feature", "geometry": {"type": "Polygon", "coordinates": [[[153.06, -27.7], [153.07, -27.7], [153.07, -27.69], [153.06, -27.69], [153.06, -27.7]]]}, "properties": {"count": 674, "intensity": 0.0047}}, {"type": "Feature", "geometry": {"type": "Polygon", "coordinates": [[[153.05, -27.7], [153.06, -27.7], [153.06, -27.69], [153.05, -27.69], [153.05, -27.7]]]}, "properties": {"count": 337, "intensity": 0.0024}}, {"type": "Feature", "geometry": {"type": "Polygon", "coordinates": [[[153.05, -27.68], [153.06, -27.68], [153.06, -27.67], [153.05, -27.67], [153.05, -27.68]]]}, "properties": {"count": 421, "intensity": 0.0029}}, {"type": "Feature", "geometry": {"type": "Polygon", "coordinates": [[[153.02, -27.67], [153.03, -27.67], [153.03, -27.66], [153.02, -27.66], [153.02, -27.67]]]}, "properties": {"count": 1662, "intensity": 0.0116}}, {"type": "Feature", "geometry": {"type": "Polygon", "coordinates": [[[153.02, -27.66], [153.03, -27.66], [153.03, -27.65], [153.02, -27.65], [153.02, -27.66]]]}, "properties": {"count": 277, "intensity": 0.0019}}, {"type": "Feature", "geometry": {"type": "Polygon", "coordinates": [[[153.17, -27.72], [153.18, -27.72], [153.18, -27.71], [153.17, -27.71], [153.17, -27.72]]]}, "properties": {"count": 213, "intensity": 0.0015}}, {"type": "Feature", "geometry": {"type": "Polygon", "coordinates": [[[153.02, -27.84], [153.03, -27.84], [153.03, -27.83], [153.02, -27.83], [153.02, -27.84]]]}, "properties": {"count": 185, "intensity": 0.0013}}, {"type": "Feature", "geometry": {"type": "Polygon", "coordinates": [[[153.02, -27.85], [153.03, -27.85], [153.03, -27.84], [153.02, -27.84], [153.02, -27.85]]]}, "properties": {"count": 185, "intensity": 0.0013}}, {"type": "Feature", "geometry": {"type": "Polygon", "coordinates": [[[153.02, -27.82], [153.03, -27.82], [153.03, -27.81], [153.02, -27.81], [153.02, -27.82]]]}, "properties": {"count": 185, "intensity": 0.0013}}, {"type": "Feature", "geometry": {"type": "Polygon", "coordinates": [[[152.94, -27.3], [152.95, -27.3], [152.95, -27.29], [152.94, -27.29], [152.94, -27.3]]]}, "properties": {"count": 495, "intensity": 0.0035}}, {"type": "Feature", "geometry": {"type": "Polygon", "coordinates": [[[152.94, -27.29], [152.95, -27.29], [152.95, -27.28], [152.94, -27.28], [152.94, -27.29]]]}, "properties": {"count": 471, "intensity": 0.0033}}, {"type": "Feature", "geometry": {"type": "Polygon", "coordinates": [[[152.94, -27.28], [152.95, -27.28], [152.95, -27.27], [152.94, -27.27], [152.94, -27.28]]]}, "properties": {"count": 153, "intensity": 0.0011}}, {"type": "Feature", "geometry": {"type": "Polygon", "coordinates": [[[152.95, -27.28], [152.96, -27.28], [152.96, -27.27], [152.95, -27.27], [152.95, -27.28]]]}, "properties": {"count": 378, "intensity": 0.0026}}, {"type": "Feature", "geometry": {"type": "Polygon", "coordinates": [[[153.0, -27.24], [153.01, -27.24], [153.01, -27.23], [153.0, -27.23], [153.0, -27.24]]]}, "properties": {"count": 2406, "intensity": 0.0168}}, {"type": "Feature", "geometry": {"type": "Polygon", "coordinates": [[[153.0, -27.26], [153.01, -27.26], [153.01, -27.25], [153.0, -27.25], [153.0, -27.26]]]}, "properties": {"count": 2036, "intensity": 0.0142}}, {"type": "Feature", "geometry": {"type": "Polygon", "coordinates": [[[152.98, -27.25], [152.99, -27.25], [152.99, -27.24], [152.98, -27.24], [152.98, -27.25]]]}, "properties": {"count": 568, "intensity": 0.004}}, {"type": "Feature", "geometry": {"type": "Polygon", "coordinates": [[[153.12, -27.66], [153.13, -27.66], [153.13, -27.65], [153.12, -27.65], [153.12, -27.66]]]}, "properties": {"count": 1128, "intensity": 0.0079}}, {"type": "Feature", "geometry": {"type": "Polygon", "coordinates": [[[153.1, -27.67], [153.11, -27.67], [153.11, -27.66], [153.1, -27.66], [153.1, -27.67]]]}, "properties": {"count": 1104, "intensity": 0.0077}}, {"type": "Feature", "geometry": {"type": "Polygon", "coordinates": [[[153.13, -27.66], [153.14, -27.66], [153.14, -27.65], [153.13, -27.65], [153.13, -27.66]]]}, "properties": {"count": 412, "intensity": 0.0029}}, {"type": "Feature", "geometry": {"type": "Polygon", "coordinates": [[[153.09, -27.67], [153.1, -27.67], [153.1, -27.66], [153.09, -27.66], [153.09, -27.67]]]}, "properties": {"count": 276, "intensity": 0.0019}}, {"type": "Feature", "geometry": {"type": "Polygon", "coordinates": [[[152.97, -27.28], [152.98, -27.28], [152.98, -27.27], [152.97, -27.27], [152.97, -27.28]]]}, "properties": {"count": 592, "intensity": 0.0041}}, {"type": "Feature", "geometry": {"type": "Polygon", "coordinates": [[[152.73, -27.62], [152.74, -27.62], [152.74, -27.61], [152.73, -27.61], [152.73, -27.62]]]}, "properties": {"count": 673, "intensity": 0.0047}}, {"type": "Feature", "geometry": {"type": "Polygon", "coordinates": [[[152.72, -27.62], [152.73, -27.62], [152.73, -27.61], [152.72, -27.61], [152.72, -27.62]]]}, "properties": {"count": 660, "intensity": 0.0046}}, {"type": "Feature", "geometry": {"type": "Polygon", "coordinates": [[[152.72, -27.63], [152.73, -27.63], [152.73, -27.62], [152.72, -27.62], [152.72, -27.63]]]}, "properties": {"count": 132, "intensity": 0.0009}}, {"type": "Feature", "geometry": {"type": "Polygon", "coordinates": [[[153.09, -27.65], [153.1, -27.65], [153.1, -27.64], [153.09, -27.64], [153.09, -27.65]]]}, "properties": {"count": 1008, "intensity": 0.007}}, {"type": "Feature", "geometry": {"type": "Polygon", "coordinates": [[[153.18, -27.67], [153.19, -27.67], [153.19, -27.66], [153.18, -27.66], [153.18, -27.67]]]}, "properties": {"count": 1544, "intensity": 0.0108}}, {"type": "Feature", "geometry": {"type": "Polygon", "coordinates": [[[153.19, -27.67], [153.2, -27.67], [153.2, -27.66], [153.19, -27.66], [153.19, -27.67]]]}, "properties": {"count": 214, "intensity": 0.0015}}, {"type": "Feature", "geometry": {"type": "Polygon", "coordinates": [[[153.19, -27.68], [153.2, -27.68], [153.2, -27.67], [153.19, -27.67], [153.19, -27.68]]]}, "properties": {"count": 308, "intensity": 0.0022}}, {"type": "Feature", "geometry": {"type": "Polygon", "coordinates": [[[153.19, -27.69], [153.2, -27.69], [153.2, -27.68], [153.19, -27.68], [153.19, -27.69]]]}, "properties": {"count": 308, "intensity": 0.0022}}, {"type": "Feature", "geometry": {"type": "Polygon", "coordinates": [[[153.18, -27.68], [153.19, -27.68], [153.19, -27.67], [153.18, -27.67], [153.18, -27.68]]]}, "properties": {"count": 1518, "intensity": 0.0106}}, {"type": "Feature", "geometry": {"type": "Polygon", "coordinates": [[[153.18, -27.7], [153.19, -27.7], [153.19, -27.69], [153.18, -27.69], [153.18, -27.7]]]}, "properties": {"count": 528, "intensity": 0.0037}}, {"type": "Feature", "geometry": {"type": "Polygon", "coordinates": [[[153.18, -27.69], [153.19, -27.69], [153.19, -27.68], [153.18, -27.68], [153.18, -27.69]]]}, "properties": {"count": 272, "intensity": 0.0019}}, {"type": "Feature", "geometry": {"type": "Polygon", "coordinates": [[[153.17, -27.69], [153.18, -27.69], [153.18, -27.68], [153.17, -27.68], [153.17, -27.69]]]}, "properties": {"count": 1312, "intensity": 0.0092}}, {"type": "Feature", "geometry": {"type": "Polygon", "coordinates": [[[153.17, -27.68], [153.18, -27.68], [153.18, -27.67], [153.17, -27.67], [153.17, -27.68]]]}, "properties": {"count": 682, "intensity": 0.0048}}, {"type": "Feature", "geometry": {"type": "Polygon", "coordinates": [[[153.03, -27.23], [153.04, -27.23], [153.04, -27.22], [153.03, -27.22], [153.03, -27.23]]]}, "properties": {"count": 1064, "intensity": 0.0074}}, {"type": "Feature", "geometry": {"type": "Polygon", "coordinates": [[[153.02, -27.22], [153.03, -27.22], [153.03, -27.21], [153.02, -27.21], [153.02, -27.22]]]}, "properties": {"count": 1774, "intensity": 0.0124}}, {"type": "Feature", "geometry": {"type": "Polygon", "coordinates": [[[153.11, -27.25], [153.12, -27.25], [153.12, -27.24], [153.11, -27.24], [153.11, -27.25]]]}, "properties": {"count": 942, "intensity": 0.0066}}, {"type": "Feature", "geometry": {"type": "Polygon", "coordinates": [[[152.93, -27.11], [152.94, -27.11], [152.94, -27.1], [152.93, -27.1], [152.93, -27.11]]]}, "properties": {"count": 552, "intensity": 0.0039}}, {"type": "Feature", "geometry": {"type": "Polygon", "coordinates": [[[152.92, -27.11], [152.93, -27.11], [152.93, -27.1], [152.92, -27.1], [152.92, -27.11]]]}, "properties": {"count": 368, "intensity": 0.0026}}, {"type": "Feature", "geometry": {"type": "Polygon", "coordinates": [[[152.97, -27.12], [152.98, -27.12], [152.98, -27.11], [152.97, -27.11], [152.97, -27.12]]]}, "properties": {"count": 130, "intensity": 0.0009}}, {"type": "Feature", "geometry": {"type": "Polygon", "coordinates": [[[152.97, -27.13], [152.98, -27.13], [152.98, -27.12], [152.97, -27.12], [152.97, -27.13]]]}, "properties": {"count": 520, "intensity": 0.0036}}, {"type": "Feature", "geometry": {"type": "Polygon", "coordinates": [[[152.96, -27.13], [152.97, -27.13], [152.97, -27.12], [152.96, -27.12], [152.96, -27.13]]]}, "properties": {"count": 368, "intensity": 0.0026}}, {"type": "Feature", "geometry": {"type": "Polygon", "coordinates": [[[153.24, -27.65], [153.25, -27.65], [153.25, -27.64], [153.24, -27.64], [153.24, -27.65]]]}, "properties": {"count": 228, "intensity": 0.0016}}, {"type": "Feature", "geometry": {"type": "Polygon", "coordinates": [[[153.24, -27.64], [153.25, -27.64], [153.25, -27.63], [153.24, -27.63], [153.24, -27.64]]]}, "properties": {"count": 396, "intensity": 0.0028}}, {"type": "Feature", "geometry": {"type": "Polygon", "coordinates": [[[153.19, -27.74], [153.2, -27.74], [153.2, -27.73], [153.19, -27.73], [153.19, -27.74]]]}, "properties": {"count": 408, "intensity": 0.0028}}, {"type": "Feature", "geometry": {"type": "Polygon", "coordinates": [[[153.2, -27.74], [153.21, -27.74], [153.21, -27.73], [153.2, -27.73], [153.2, -27.74]]]}, "properties": {"count": 680, "intensity": 0.0047}}, {"type": "Feature", "geometry": {"type": "Polygon", "coordinates": [[[153.21, -27.74], [153.22, -27.74], [153.22, -27.73], [153.21, -27.73], [153.21, -27.74]]]}, "properties": {"count": 272, "intensity": 0.0019}}, {"type": "Feature", "geometry": {"type": "Polygon", "coordinates": [[[153.01, -27.26], [153.02, -27.26], [153.02, -27.25], [153.01, -27.25], [153.01, -27.26]]]}, "properties": {"count": 1485, "intensity": 0.0104}}, {"type": "Feature", "geometry": {"type": "Polygon", "coordinates": [[[153.01, -27.28], [153.02, -27.28], [153.02, -27.27], [153.01, -27.27], [153.01, -27.28]]]}, "properties": {"count": 1008, "intensity": 0.007}}, {"type": "Feature", "geometry": {"type": "Polygon", "coordinates": [[[153.0, -27.28], [153.01, -27.28], [153.01, -27.27], [153.0, -27.27], [153.0, -27.28]]]}, "properties": {"count": 184, "intensity": 0.0013}}, {"type": "Feature", "geometry": {"type": "Polygon", "coordinates": [[[153.01, -27.27], [153.02, -27.27], [153.02, -27.26], [153.01, -27.26], [153.01, -27.27]]]}, "properties": {"count": 90, "intensity": 0.0006}}, {"type": "Feature", "geometry": {"type": "Polygon", "coordinates": [[[152.93, -27.19], [152.94, -27.19], [152.94, -27.18], [152.93, -27.18], [152.93, -27.19]]]}, "properties": {"count": 414, "intensity": 0.0029}}, {"type": "Feature", "geometry": {"type": "Polygon", "coordinates": [[[152.94, -27.19], [152.95, -27.19], [152.95, -27.18], [152.94, -27.18], [152.94, -27.19]]]}, "properties": {"count": 690, "intensity": 0.0048}}, {"type": "Feature", "geometry": {"type": "Polygon", "coordinates": [[[152.96, -27.21], [152.97, -27.21], [152.97, -27.2], [152.96, -27.2], [152.96, -27.21]]]}, "properties": {"count": 626, "intensity": 0.0044}}, {"type": "Feature", "geometry": {"type": "Polygon", "coordinates": [[[152.97, -27.2], [152.98, -27.2], [152.98, -27.19], [152.97, -27.19], [152.97, -27.2]]]}, "properties": {"count": 262, "intensity": 0.0018}}, {"type": "Feature", "geometry": {"type": "Polygon", "coordinates": [[[152.98, -27.2], [152.99, -27.2], [152.99, -27.19], [152.98, -27.19], [152.98, -27.2]]]}, "properties": {"count": 394, "intensity": 0.0028}}, {"type": "Feature", "geometry": {"type": "Polygon", "coordinates": [[[152.94, -27.2], [152.95, -27.2], [152.95, -27.19], [152.94, -27.19], [152.94, -27.2]]]}, "properties": {"count": 690, "intensity": 0.0048}}, {"type": "Feature", "geometry": {"type": "Polygon", "coordinates": [[[152.95, -27.2], [152.96, -27.2], [152.96, -27.19], [152.95, -27.19], [152.95, -27.2]]]}, "properties": {"count": 552, "intensity": 0.0039}}, {"type": "Feature", "geometry": {"type": "Polygon", "coordinates": [[[152.93, -27.2], [152.94, -27.2], [152.94, -27.19], [152.93, -27.19], [152.93, -27.2]]]}, "properties": {"count": 414, "intensity": 0.0029}}, {"type": "Feature", "geometry": {"type": "Polygon", "coordinates": [[[152.99, -27.2], [153.0, -27.2], [153.0, -27.19], [152.99, -27.19], [152.99, -27.2]]]}, "properties": {"count": 262, "intensity": 0.0018}}, {"type": "Feature", "geometry": {"type": "Polygon", "coordinates": [[[153.0, -27.2], [153.01, -27.2], [153.01, -27.19], [153.0, -27.19], [153.0, -27.2]]]}, "properties": {"count": 262, "intensity": 0.0018}}, {"type": "Feature", "geometry": {"type": "Polygon", "coordinates": [[[153.0, -27.21], [153.01, -27.21], [153.01, -27.2], [153.0, -27.2], [153.0, -27.21]]]}, "properties": {"count": 524, "intensity": 0.0037}}, {"type": "Feature", "geometry": {"type": "Polygon", "coordinates": [[[153.09, -27.21], [153.1, -27.21], [153.1, -27.2], [153.09, -27.2], [153.09, -27.21]]]}, "properties": {"count": 880, "intensity": 0.0061}}, {"type": "Feature", "geometry": {"type": "Polygon", "coordinates": [[[153.08, -27.07], [153.09, -27.07], [153.09, -27.06], [153.08, -27.06], [153.08, -27.07]]]}, "properties": {"count": 144, "intensity": 0.001}}, {"type": "Feature", "geometry": {"type": "Polygon", "coordinates": [[[153.09, -27.07], [153.1, -27.07], [153.1, -27.06], [153.09, -27.06], [153.09, -27.07]]]}, "properties": {"count": 459, "intensity": 0.0032}}, {"type": "Feature", "geometry": {"type": "Polygon", "coordinates": [[[153.11, -27.07], [153.12, -27.07], [153.12, -27.06], [153.11, -27.06], [153.11, -27.07]]]}, "properties": {"count": 183, "intensity": 0.0013}}, {"type": "Feature", "geometry": {"type": "Polygon", "coordinates": [[[152.76, -27.59], [152.77, -27.59], [152.77, -27.58], [152.76, -27.58], [152.76, -27.59]]]}, "properties": {"count": 549, "intensity": 0.0038}}, {"type": "Feature", "geometry": {"type": "Polygon", "coordinates": [[[153.02, -27.24], [153.03, -27.24], [153.03, -27.23], [153.02, -27.23], [153.02, -27.24]]]}, "properties": {"count": 1771, "intensity": 0.0124}}, {"type": "Feature", "geometry": {"type": "Polygon", "coordinates": [[[153.02, -27.23], [153.03, -27.23], [153.03, -27.22], [153.02, -27.22], [153.02, -27.23]]]}, "properties": {"count": 1456, "intensity": 0.0102}}, {"type": "Feature", "geometry": {"type": "Polygon", "coordinates": [[[152.74, -27.64], [152.75, -27.64], [152.75, -27.63], [152.74, -27.63], [152.74, -27.64]]]}, "properties": {"count": 660, "intensity": 0.0046}}, {"type": "Feature", "geometry": {"type": "Polygon", "coordinates": [[[152.73, -27.64], [152.74, -27.64], [152.74, -27.63], [152.73, -27.63], [152.73, -27.64]]]}, "properties": {"count": 264, "intensity": 0.0018}}, {"type": "Feature", "geometry": {"type": "Polygon", "coordinates": [[[153.25, -27.5], [153.26, -27.5], [153.26, -27.49], [153.25, -27.49], [153.25, -27.5]]]}, "properties": {"count": 48, "intensity": 0.0003}}, {"type": "Feature", "geometry": {"type": "Polygon", "coordinates": [[[153.25, -27.51], [153.26, -27.51], [153.26, -27.5], [153.25, -27.5], [153.25, -27.51]]]}, "properties": {"count": 60, "intensity": 0.0004}}, {"type": "Feature", "geometry": {"type": "Polygon", "coordinates": [[[152.96, -27.26], [152.97, -27.26], [152.97, -27.25], [152.96, -27.25], [152.96, -27.26]]]}, "properties": {"count": 816, "intensity": 0.0057}}, {"type": "Feature", "geometry": {"type": "Polygon", "coordinates": [[[152.96, -27.27], [152.97, -27.27], [152.97, -27.26], [152.96, -27.26], [152.96, -27.27]]]}, "properties": {"count": 816, "intensity": 0.0057}}, {"type": "Feature", "geometry": {"type": "Polygon", "coordinates": [[[152.97, -27.26], [152.98, -27.26], [152.98, -27.25], [152.97, -27.25], [152.97, -27.26]]]}, "properties": {"count": 272, "intensity": 0.0019}}, {"type": "Feature", "geometry": {"type": "Polygon", "coordinates": [[[152.85, -27.66], [152.86, -27.66], [152.86, -27.65], [152.85, -27.65], [152.85, -27.66]]]}, "properties": {"count": 652, "intensity": 0.0046}}, {"type": "Feature", "geometry": {"type": "Polygon", "coordinates": [[[152.86, -27.64], [152.87, -27.64], [152.87, -27.63], [152.86, -27.63], [152.86, -27.64]]]}, "properties": {"count": 1053, "intensity": 0.0074}}, {"type": "Feature", "geometry": {"type": "Polygon", "coordinates": [[[152.86, -27.66], [152.87, -27.66], [152.87, -27.65], [152.86, -27.65], [152.86, -27.66]]]}, "properties": {"count": 564, "intensity": 0.0039}}, {"type": "Feature", "geometry": {"type": "Polygon", "coordinates": [[[152.87, -27.66], [152.88, -27.66], [152.88, -27.65], [152.87, -27.65], [152.87, -27.66]]]}, "properties": {"count": 376, "intensity": 0.0026}}, {"type": "Feature", "geometry": {"type": "Polygon", "coordinates": [[[152.85, -27.65], [152.86, -27.65], [152.86, -27.64], [152.85, -27.64], [152.85, -27.65]]]}, "properties": {"count": 654, "intensity": 0.0046}}, {"type": "Feature", "geometry": {"type": "Polygon", "coordinates": [[[153.11, -27.22], [153.12, -27.22], [153.12, -27.21], [153.11, -27.21], [153.11, -27.22]]]}, "properties": {"count": 3308, "intensity": 0.0231}}, {"type": "Feature", "geometry": {"type": "Polygon", "coordinates": [[[153.3, -27.64], [153.31, -27.64], [153.31, -27.63], [153.3, -27.63], [153.3, -27.64]]]}, "properties": {"count": 471, "intensity": 0.0033}}, {"type": "Feature", "geometry": {"type": "Polygon", "coordinates": [[[153.28, -27.63], [153.29, -27.63], [153.29, -27.62], [153.28, -27.62], [153.28, -27.63]]]}, "properties": {"count": 114, "intensity": 0.0008}}, {"type": "Feature", "geometry": {"type": "Polygon", "coordinates": [[[153.3, -27.63], [153.31, -27.63], [153.31, -27.62], [153.3, -27.62], [153.3, -27.63]]]}, "properties": {"count": 1365, "intensity": 0.0095}}, {"type": "Feature", "geometry": {"type": "Polygon", "coordinates": [[[153.29, -27.63], [153.3, -27.63], [153.3, -27.62], [153.29, -27.62], [153.29, -27.63]]]}, "properties": {"count": 342, "intensity": 0.0024}}, {"type": "Feature", "geometry": {"type": "Polygon", "coordinates": [[[153.31, -27.65], [153.32, -27.65], [153.32, -27.64], [153.31, -27.64], [153.31, -27.65]]]}, "properties": {"count": 189, "intensity": 0.0013}}, {"type": "Feature", "geometry": {"type": "Polygon", "coordinates": [[[153.3, -27.65], [153.31, -27.65], [153.31, -27.64], [153.3, -27.64], [153.3, -27.65]]]}, "properties": {"count": 273, "intensity": 0.0019}}, {"type": "Feature", "geometry": {"type": "Polygon", "coordinates": [[[153.04, -27.68], [153.05, -27.68], [153.05, -27.67], [153.04, -27.67], [153.04, -27.68]]]}, "properties": {"count": 225, "intensity": 0.0016}}, {"type": "Feature", "geometry": {"type": "Polygon", "coordinates": [[[152.84, -27.61], [152.85, -27.61], [152.85, -27.6], [152.84, -27.6], [152.84, -27.61]]]}, "properties": {"count": 396, "intensity": 0.0028}}, {"type": "Feature", "geometry": {"type": "Polygon", "coordinates": [[[152.85, -27.6], [152.86, -27.6], [152.86, -27.59], [152.85, -27.59], [152.85, -27.6]]]}, "properties": {"count": 832, "intensity": 0.0058}}, {"type": "Feature", "geometry": {"type": "Polygon", "coordinates": [[[153.14, -27.6], [153.15, -27.6], [153.15, -27.59], [153.14, -27.59], [153.14, -27.6]]]}, "properties": {"count": 915, "intensity": 0.0064}}, {"type": "Feature", "geometry": {"type": "Polygon", "coordinates": [[[153.13, -27.6], [153.14, -27.6], [153.14, -27.59], [153.13, -27.59], [153.13, -27.6]]]}, "properties": {"count": 1608, "intensity": 0.0112}}, {"type": "Feature", "geometry": {"type": "Polygon", "coordinates": [[[153.14, -27.61], [153.15, -27.61], [153.15, -27.6], [153.14, -27.6], [153.14, -27.61]]]}, "properties": {"count": 498, "intensity": 0.0035}}, {"type": "Feature", "geometry": {"type": "Polygon", "coordinates": [[[153.13, -27.59], [153.14, -27.59], [153.14, -27.58], [153.13, -27.58], [153.13, -27.59]]]}, "properties": {"count": 444, "intensity": 0.0031}}, {"type": "Feature", "geometry": {"type": "Polygon", "coordinates": [[[153.11, -27.6], [153.12, -27.6], [153.12, -27.59], [153.11, -27.59], [153.11, -27.6]]]}, "properties": {"count": 2519, "intensity": 0.0176}}, {"type": "Feature", "geometry": {"type": "Polygon", "coordinates": [[[152.88, -27.38], [152.89, -27.38], [152.89, -27.37], [152.88, -27.37], [152.88, -27.38]]]}, "properties": {"count": 28, "intensity": 0.0002}}, {"type": "Feature", "geometry": {"type": "Polygon", "coordinates": [[[153.13, -27.07], [153.14, -27.07], [153.14, -27.06], [153.13, -27.06], [153.13, -27.07]]]}, "properties": {"count": 183, "intensity": 0.0013}}, {"type": "Feature", "geometry": {"type": "Polygon", "coordinates": [[[153.1, -27.2], [153.11, -27.2], [153.11, -27.19], [153.1, -27.19], [153.1, -27.2]]]}, "properties": {"count": 880, "intensity": 0.0061}}, {"type": "Feature", "geometry": {"type": "Polygon", "coordinates": [[[153.19, -27.58], [153.2, -27.58], [153.2, -27.57], [153.19, -27.57], [153.19, -27.58]]]}, "properties": {"count": 81, "intensity": 0.0006}}, {"type": "Feature", "geometry": {"type": "Polygon", "coordinates": [[[153.19, -27.59], [153.2, -27.59], [153.2, -27.58], [153.19, -27.58], [153.19, -27.59]]]}, "properties": {"count": 27, "intensity": 0.0002}}, {"type": "Feature", "geometry": {"type": "Polygon", "coordinates": [[[153.18, -27.57], [153.19, -27.57], [153.19, -27.56], [153.18, -27.56], [153.18, -27.57]]]}, "properties": {"count": 27, "intensity": 0.0002}}, {"type": "Feature", "geometry": {"type": "Polygon", "coordinates": [[[153.12, -27.64], [153.13, -27.64], [153.13, -27.63], [153.12, -27.63], [153.12, -27.64]]]}, "properties": {"count": 960, "intensity": 0.0067}}, {"type": "Feature", "geometry": {"type": "Polygon", "coordinates": [[[153.13, -27.65], [153.14, -27.65], [153.14, -27.64], [153.13, -27.64], [153.13, -27.65]]]}, "properties": {"count": 1030, "intensity": 0.0072}}, {"type": "Feature", "geometry": {"type": "Polygon", "coordinates": [[[153.12, -27.65], [153.13, -27.65], [153.13, -27.64], [153.12, -27.64], [153.12, -27.65]]]}, "properties": {"count": 618, "intensity": 0.0043}}, {"type": "Feature", "geometry": {"type": "Polygon", "coordinates": [[[153.01, -27.8], [153.02, -27.8], [153.02, -27.79], [153.01, -27.79], [153.01, -27.8]]]}, "properties": {"count": 185, "intensity": 0.0013}}, {"type": "Feature", "geometry": {"type": "Polygon", "coordinates": [[[152.91, -27.65], [152.92, -27.65], [152.92, -27.64], [152.91, -27.64], [152.91, -27.65]]]}, "properties": {"count": 520, "intensity": 0.0036}}, {"type": "Feature", "geometry": {"type": "Polygon", "coordinates": [[[152.92, -27.67], [152.93, -27.67], [152.93, -27.66], [152.92, -27.66], [152.92, -27.67]]]}, "properties": {"count": 1466, "intensity": 0.0102}}, {"type": "Feature", "geometry": {"type": "Polygon", "coordinates": [[[152.92, -27.68], [152.93, -27.68], [152.93, -27.67], [152.92, -27.67], [152.92, -27.68]]]}, "properties": {"count": 650, "intensity": 0.0045}}, {"type": "Feature", "geometry": {"type": "Polygon", "coordinates": [[[152.97, -27.31], [152.98, -27.31], [152.98, -27.3], [152.97, -27.3], [152.97, -27.31]]]}, "properties": {"count": 1000, "intensity": 0.007}}, {"type": "Feature", "geometry": {"type": "Polygon", "coordinates": [[[153.0, -27.3], [153.01, -27.3], [153.01, -27.29], [153.0, -27.29], [153.0, -27.3]]]}, "properties": {"count": 148, "intensity": 0.001}}, {"type": "Feature", "geometry": {"type": "Polygon", "coordinates": [[[152.99, -27.29], [153.0, -27.29], [153.0, -27.28], [152.99, -27.28], [152.99, -27.29]]]}, "properties": {"count": 148, "intensity": 0.001}}, {"type": "Feature", "geometry": {"type": "Polygon", "coordinates": [[[153.2, -27.48], [153.21, -27.48], [153.21, -27.47], [153.2, -27.47], [153.2, -27.48]]]}, "properties": {"count": 260, "intensity": 0.0018}}, {"type": "Feature", "geometry": {"type": "Polygon", "coordinates": [[[153.2, -27.49], [153.21, -27.49], [153.21, -27.48], [153.2, -27.48], [153.2, -27.49]]]}, "properties": {"count": 520, "intensity": 0.0036}}, {"type": "Feature", "geometry": {"type": "Polygon", "coordinates": [[[153.03, -27.32], [153.04, -27.32], [153.04, -27.31], [153.03, -27.31], [153.03, -27.32]]]}, "properties": {"count": 7479, "intensity": 0.0522}}, {"type": "Feature", "geometry": {"type": "Polygon", "coordinates": [[[153.27, -27.57], [153.28, -27.57], [153.28, -27.56], [153.27, -27.56], [153.27, -27.57]]]}, "properties": {"count": 757, "intensity": 0.0053}}, {"type": "Feature", "geometry": {"type": "Polygon", "coordinates": [[[153.26, -27.57], [153.27, -27.57], [153.27, -27.56], [153.26, -27.56], [153.26, -27.57]]]}, "properties": {"count": 1120, "intensity": 0.0078}}, {"type": "Feature", "geometry": {"type": "Polygon", "coordinates": [[[153.25, -27.56], [153.26, -27.56], [153.26, -27.55], [153.25, -27.55], [153.25, -27.56]]]}, "properties": {"count": 527, "intensity": 0.0037}}, {"type": "Feature", "geometry": {"type": "Polygon", "coordinates": [[[153.27, -27.56], [153.28, -27.56], [153.28, -27.55], [153.27, -27.55], [153.27, -27.56]]]}, "properties": {"count": 60, "intensity": 0.0004}}, {"type": "Feature", "geometry": {"type": "Polygon", "coordinates": [[[153.1, -27.62], [153.11, -27.62], [153.11, -27.61], [153.1, -27.61], [153.1, -27.62]]]}, "properties": {"count": 474, "intensity": 0.0033}}, {"type": "Feature", "geometry": {"type": "Polygon", "coordinates": [[[152.91, -27.11], [152.92, -27.11], [152.92, -27.1], [152.91, -27.1], [152.91, -27.11]]]}, "properties": {"count": 368, "intensity": 0.0026}}, {"type": "Feature", "geometry": {"type": "Polygon", "coordinates": [[[153.27, -27.6], [153.28, -27.6], [153.28, -27.59], [153.27, -27.59], [153.27, -27.6]]]}, "properties": {"count": 244, "intensity": 0.0017}}, {"type": "Feature", "geometry": {"type": "Polygon", "coordinates": [[[153.29, -27.59], [153.3, -27.59], [153.3, -27.58], [153.29, -27.58], [153.29, -27.59]]]}, "properties": {"count": 699, "intensity": 0.0049}}, {"type": "Feature", "geometry": {"type": "Polygon", "coordinates": [[[153.29, -27.58], [153.3, -27.58], [153.3, -27.57], [153.29, -27.57], [153.29, -27.58]]]}, "properties": {"count": 280, "intensity": 0.002}}, {"type": "Feature", "geometry": {"type": "Polygon", "coordinates": [[[153.3, -27.58], [153.31, -27.58], [153.31, -27.57], [153.3, -27.57], [153.3, -27.58]]]}, "properties": {"count": 298, "intensity": 0.0021}}, {"type": "Feature", "geometry": {"type": "Polygon", "coordinates": [[[153.12, -27.69], [153.13, -27.69], [153.13, -27.68], [153.12, -27.68], [153.12, -27.69]]]}, "properties": {"count": 370, "intensity": 0.0026}}, {"type": "Feature", "geometry": {"type": "Polygon", "coordinates": [[[153.23, -27.48], [153.24, -27.48], [153.24, -27.47], [153.23, -27.47], [153.23, -27.48]]]}, "properties": {"count": 161, "intensity": 0.0011}}, {"type": "Feature", "geometry": {"type": "Polygon", "coordinates": [[[153.23, -27.51], [153.24, -27.51], [153.24, -27.5], [153.23, -27.5], [153.23, -27.51]]]}, "properties": {"count": 288, "intensity": 0.002}}, {"type": "Feature", "geometry": {"type": "Polygon", "coordinates": [[[153.24, -27.51], [153.25, -27.51], [153.25, -27.5], [153.24, -27.5], [153.24, -27.51]]]}, "properties": {"count": 45, "intensity": 0.0003}}, {"type": "Feature", "geometry": {"type": "Polygon", "coordinates": [[[153.24, -27.52], [153.25, -27.52], [153.25, -27.51], [153.24, -27.51], [153.24, -27.52]]]}, "properties": {"count": 90, "intensity": 0.0006}}, {"type": "Feature", "geometry": {"type": "Polygon", "coordinates": [[[152.69, -27.67], [152.7, -27.67], [152.7, -27.66], [152.69, -27.66], [152.69, -27.67]]]}, "properties": {"count": 78, "intensity": 0.0005}}, {"type": "Feature", "geometry": {"type": "Polygon", "coordinates": [[[153.19, -27.75], [153.2, -27.75], [153.2, -27.74], [153.19, -27.74], [153.19, -27.75]]]}, "properties": {"count": 816, "intensity": 0.0057}}, {"type": "Feature", "geometry": {"type": "Polygon", "coordinates": [[[153.18, -27.76], [153.19, -27.76], [153.19, -27.75], [153.18, -27.75], [153.18, -27.76]]]}, "properties": {"count": 272, "intensity": 0.0019}}, {"type": "Feature", "geometry": {"type": "Polygon", "coordinates": [[[153.18, -27.75], [153.19, -27.75], [153.19, -27.74], [153.18, -27.74], [153.18, -27.75]]]}, "properties": {"count": 544, "intensity": 0.0038}}, {"type": "Feature", "geometry": {"type": "Polygon", "coordinates": [[[153.09, -27.63], [153.1, -27.63], [153.1, -27.62], [153.09, -27.62], [153.09, -27.63]]]}, "properties": {"count": 658, "intensity": 0.0046}}, {"type": "Feature", "geometry": {"type": "Polygon", "coordinates": [[[153.09, -27.64], [153.1, -27.64], [153.1, -27.63], [153.09, -27.63], [153.09, -27.64]]]}, "properties": {"count": 1438, "intensity": 0.01}}, {"type": "Feature", "geometry": {"type": "Polygon", "coordinates": [[[153.1, -27.27], [153.11, -27.27], [153.11, -27.26], [153.1, -27.26], [153.1, -27.27]]]}, "properties": {"count": 1386, "intensity": 0.0097}}, {"type": "Feature", "geometry": {"type": "Polygon", "coordinates": [[[152.75, -27.67], [152.76, -27.67], [152.76, -27.66], [152.75, -27.66], [152.75, -27.67]]]}, "properties": {"count": 384, "intensity": 0.0027}}, {"type": "Feature", "geometry": {"type": "Polygon", "coordinates": [[[152.73, -27.66], [152.74, -27.66], [152.74, -27.65], [152.73, -27.65], [152.73, -27.66]]]}, "properties": {"count": 384, "intensity": 0.0027}}, {"type": "Feature", "geometry": {"type": "Polygon", "coordinates": [[[152.74, -27.67], [152.75, -27.67], [152.75, -27.66], [152.74, -27.66], [152.74, -27.67]]]}, "properties": {"count": 291, "intensity": 0.002}}, {"type": "Feature", "geometry": {"type": "Polygon", "coordinates": [[[152.68, -27.66], [152.69, -27.66], [152.69, -27.65], [152.68, -27.65], [152.68, -27.66]]]}, "properties": {"count": 80, "intensity": 0.0006}}, {"type": "Feature", "geometry": {"type": "Polygon", "coordinates": [[[152.99, -27.97], [153.0, -27.97], [153.0, -27.96], [152.99, -27.96], [152.99, -27.97]]]}, "properties": {"count": 94, "intensity": 0.0007}}, {"type": "Feature", "geometry": {"type": "Polygon", "coordinates": [[[152.99, -27.98], [153.0, -27.98], [153.0, -27.97], [152.99, -27.97], [152.99, -27.98]]]}, "properties": {"count": 276, "intensity": 0.0019}}, {"type": "Feature", "geometry": {"type": "Polygon", "coordinates": [[[153.44, -28.11], [153.45, -28.11], [153.45, -28.1], [153.44, -28.1], [153.44, -28.11]]]}, "properties": {"count": 70, "intensity": 0.0005}}, {"type": "Feature", "geometry": {"type": "Polygon", "coordinates": [[[152.93, -26.63], [152.94, -26.63], [152.94, -26.62], [152.93, -26.62], [152.93, -26.63]]]}, "properties": {"count": 270, "intensity": 0.0019}}, {"type": "Feature", "geometry": {"type": "Polygon", "coordinates": [[[153.02, -27.08], [153.03, -27.08], [153.03, -27.07], [153.02, -27.07], [153.02, -27.08]]]}, "properties": {"count": 201, "intensity": 0.0014}}, {"type": "Feature", "geometry": {"type": "Polygon", "coordinates": [[[152.95, -27.07], [152.96, -27.07], [152.96, -27.06], [152.95, -27.06], [152.95, -27.07]]]}, "properties": {"count": 57, "intensity": 0.0004}}, {"type": "Feature", "geometry": {"type": "Polygon", "coordinates": [[[153.0, -27.87], [153.01, -27.87], [153.01, -27.86], [153.0, -27.86], [153.0, -27.87]]]}, "properties": {"count": 94, "intensity": 0.0007}}, {"type": "Feature", "geometry": {"type": "Polygon", "coordinates": [[[152.99, -27.87], [153.0, -27.87], [153.0, -27.86], [152.99, -27.86], [152.99, -27.87]]]}, "properties": {"count": 91, "intensity": 0.0006}}, {"type": "Feature", "geometry": {"type": "Polygon", "coordinates": [[[152.98, -27.23], [152.99, -27.23], [152.99, -27.22], [152.98, -27.22], [152.98, -27.23]]]}, "properties": {"count": 284, "intensity": 0.002}}, {"type": "Feature", "geometry": {"type": "Polygon", "coordinates": [[[153.19, -27.71], [153.2, -27.71], [153.2, -27.7], [153.19, -27.7], [153.19, -27.71]]]}, "properties": {"count": 580, "intensity": 0.0041}}, {"type": "Feature", "geometry": {"type": "Polygon", "coordinates": [[[153.31, -28.02], [153.32, -28.02], [153.32, -28.01], [153.31, -28.01], [153.31, -28.02]]]}, "properties": {"count": 145, "intensity": 0.001}}, {"type": "Feature", "geometry": {"type": "Polygon", "coordinates": [[[153.3, -28.04], [153.31, -28.04], [153.31, -28.03], [153.3, -28.03], [153.3, -28.04]]]}, "properties": {"count": 145, "intensity": 0.001}}, {"type": "Feature", "geometry": {"type": "Polygon", "coordinates": [[[153.3, -28.03], [153.31, -28.03], [153.31, -28.02], [153.3, -28.02], [153.3, -28.03]]]}, "properties": {"count": 76, "intensity": 0.0005}}, {"type": "Feature", "geometry": {"type": "Polygon", "coordinates": [[[152.95, -26.9], [152.96, -26.9], [152.96, -26.89], [152.95, -26.89], [152.95, -26.9]]]}, "properties": {"count": 307, "intensity": 0.0021}}, {"type": "Feature", "geometry": {"type": "Polygon", "coordinates": [[[152.98, -27.94], [152.99, -27.94], [152.99, -27.93], [152.98, -27.93], [152.98, -27.94]]]}, "properties": {"count": 185, "intensity": 0.0013}}, {"type": "Feature", "geometry": {"type": "Polygon", "coordinates": [[[153.01, -26.78], [153.02, -26.78], [153.02, -26.77], [153.01, -26.77], [153.01, -26.78]]]}, "properties": {"count": 522, "intensity": 0.0036}}, {"type": "Feature", "geometry": {"type": "Polygon", "coordinates": [[[152.89, -27.62], [152.9, -27.62], [152.9, -27.61], [152.89, -27.61], [152.89, -27.62]]]}, "properties": {"count": 2, "intensity": 0.0}}, {"type": "Feature", "geometry": {"type": "Polygon", "coordinates": [[[153.34, -27.89], [153.35, -27.89], [153.35, -27.88], [153.34, -27.88], [153.34, -27.89]]]}, "properties": {"count": 80, "intensity": 0.0006}}, {"type": "Feature", "geometry": {"type": "Polygon", "coordinates": [[[152.82, -27.38], [152.83, -27.38], [152.83, -27.37], [152.82, -27.37], [152.82, -27.38]]]}, "properties": {"count": 32, "intensity": 0.0002}}, {"type": "Feature", "geometry": {"type": "Polygon", "coordinates": [[[152.83, -27.38], [152.84, -27.38], [152.84, -27.37], [152.83, -27.37], [152.83, -27.38]]]}, "properties": {"count": 8, "intensity": 0.0001}}, {"type": "Feature", "geometry": {"type": "Polygon", "coordinates": [[[153.29, -27.93], [153.3, -27.93], [153.3, -27.92], [153.29, -27.92], [153.29, -27.93]]]}, "properties": {"count": 144, "intensity": 0.001}}, {"type": "Feature", "geometry": {"type": "Polygon", "coordinates": [[[153.1, -26.76], [153.11, -26.76], [153.11, -26.75], [153.1, -26.75], [153.1, -26.76]]]}, "properties": {"count": 579, "intensity": 0.004}}, {"type": "Feature", "geometry": {"type": "Polygon", "coordinates": [[[153.36, -27.98], [153.37, -27.98], [153.37, -27.97], [153.36, -27.97], [153.36, -27.98]]]}, "properties": {"count": 567, "intensity": 0.004}}, {"type": "Feature", "geometry": {"type": "Polygon", "coordinates": [[[152.92, -27.12], [152.93, -27.12], [152.93, -27.11], [152.92, -27.11], [152.92, -27.12]]]}, "properties": {"count": 9, "intensity": 0.0001}}, {"type": "Feature", "geometry": {"type": "Polygon", "coordinates": [[[153.08, -26.56], [153.09, -26.56], [153.09, -26.55], [153.08, -26.55], [153.08, -26.56]]]}, "properties": {"count": 332, "intensity": 0.0023}}, {"type": "Feature", "geometry": {"type": "Polygon", "coordinates": [[[152.95, -26.62], [152.96, -26.62], [152.96, -26.61], [152.95, -26.61], [152.95, -26.62]]]}, "properties": {"count": 150, "intensity": 0.001}}, {"type": "Feature", "geometry": {"type": "Polygon", "coordinates": [[[153.31, -28.0], [153.32, -28.0], [153.32, -27.99], [153.31, -27.99], [153.31, -28.0]]]}, "properties": {"count": 54, "intensity": 0.0004}}, {"type": "Feature", "geometry": {"type": "Polygon", "coordinates": [[[152.98, -27.77], [152.99, -27.77], [152.99, -27.76], [152.98, -27.76], [152.98, -27.77]]]}, "properties": {"count": 221, "intensity": 0.0015}}, {"type": "Feature", "geometry": {"type": "Polygon", "coordinates": [[[153.25, -27.8], [153.26, -27.8], [153.26, -27.79], [153.25, -27.79], [153.25, -27.8]]]}, "properties": {"count": 540, "intensity": 0.0038}}, {"type": "Feature", "geometry": {"type": "Polygon", "coordinates": [[[153.3, -27.95], [153.31, -27.95], [153.31, -27.94], [153.3, -27.94], [153.3, -27.95]]]}, "properties": {"count": 414, "intensity": 0.0029}}, {"type": "Feature", "geometry": {"type": "Polygon", "coordinates": [[[153.04, -26.76], [153.05, -26.76], [153.05, -26.75], [153.04, -26.75], [153.04, -26.76]]]}, "properties": {"count": 612, "intensity": 0.0043}}, {"type": "Feature", "geometry": {"type": "Polygon", "coordinates": [[[152.95, -26.7], [152.96, -26.7], [152.96, -26.69], [152.95, -26.69], [152.95, -26.7]]]}, "properties": {"count": 16, "intensity": 0.0001}}, {"type": "Feature", "geometry": {"type": "Polygon", "coordinates": [[[153.03, -27.73], [153.04, -27.73], [153.04, -27.72], [153.03, -27.72], [153.03, -27.73]]]}, "properties": {"count": 185, "intensity": 0.0013}}, {"type": "Feature", "geometry": {"type": "Polygon", "coordinates": [[[153.29, -27.83], [153.3, -27.83], [153.3, -27.82], [153.29, -27.82], [153.29, -27.83]]]}, "properties": {"count": 1748, "intensity": 0.0122}}, {"type": "Feature", "geometry": {"type": "Polygon", "coordinates": [[[153.31, -27.83], [153.32, -27.83], [153.32, -27.82], [153.31, -27.82], [153.31, -27.83]]]}, "properties": {"count": 1035, "intensity": 0.0072}}, {"type": "Feature", "geometry": {"type": "Polygon", "coordinates": [[[153.32, -27.84], [153.33, -27.84], [153.33, -27.83], [153.32, -27.83], [153.32, -27.84]]]}, "properties": {"count": 1538, "intensity": 0.0107}}, {"type": "Feature", "geometry": {"type": "Polygon", "coordinates": [[[152.78, -27.68], [152.79, -27.68], [152.79, -27.67], [152.78, -27.67], [152.78, -27.68]]]}, "properties": {"count": 162, "intensity": 0.0011}}, {"type": "Feature", "geometry": {"type": "Polygon", "coordinates": [[[153.11, -27.59], [153.12, -27.59], [153.12, -27.58], [153.11, -27.58], [153.11, -27.59]]]}, "properties": {"count": 18, "intensity": 0.0001}}, {"type": "Feature", "geometry": {"type": "Polygon", "coordinates": [[[152.86, -27.38], [152.87, -27.38], [152.87, -27.37], [152.86, -27.37], [152.86, -27.38]]]}, "properties": {"count": 14, "intensity": 0.0001}}, {"type": "Feature", "geometry": {"type": "Polygon", "coordinates": [[[152.85, -27.38], [152.86, -27.38], [152.86, -27.37], [152.85, -27.37], [152.85, -27.38]]]}, "properties": {"count": 8, "intensity": 0.0001}}, {"type": "Feature", "geometry": {"type": "Polygon", "coordinates": [[[152.85, -27.37], [152.86, -27.37], [152.86, -27.36], [152.85, -27.36], [152.85, -27.37]]]}, "properties": {"count": 8, "intensity": 0.0001}}, {"type": "Feature", "geometry": {"type": "Polygon", "coordinates": [[[152.84, -27.38], [152.85, -27.38], [152.85, -27.37], [152.84, -27.37], [152.84, -27.38]]]}, "properties": {"count": 8, "intensity": 0.0001}}, {"type": "Feature", "geometry": {"type": "Polygon", "coordinates": [[[152.83, -27.37], [152.84, -27.37], [152.84, -27.36], [152.83, -27.36], [152.83, -27.37]]]}, "properties": {"count": 8, "intensity": 0.0001}}, {"type": "Feature", "geometry": {"type": "Polygon", "coordinates": [[[152.84, -27.37], [152.85, -27.37], [152.85, -27.36], [152.84, -27.36], [152.84, -27.37]]]}, "properties": {"count": 8, "intensity": 0.0001}}, {"type": "Feature", "geometry": {"type": "Polygon", "coordinates": [[[152.87, -27.38], [152.88, -27.38], [152.88, -27.37], [152.87, -27.37], [152.87, -27.38]]]}, "properties": {"count": 8, "intensity": 0.0001}}, {"type": "Feature", "geometry": {"type": "Polygon", "coordinates": [[[152.99, -27.3], [153.0, -27.3], [153.0, -27.29], [152.99, -27.29], [152.99, -27.3]]]}, "properties": {"count": 592, "intensity": 0.0041}}, {"type": "Feature", "geometry": {"type": "Polygon", "coordinates": [[[153.32, -28.05], [153.33, -28.05], [153.33, -28.04], [153.32, -28.04], [153.32, -28.05]]]}, "properties": {"count": 145, "intensity": 0.001}}, {"type": "Feature", "geometry": {"type": "Polygon", "coordinates": [[[153.32, -28.06], [153.33, -28.06], [153.33, -28.05], [153.32, -28.05], [153.32, -28.06]]]}, "properties": {"count": 76, "intensity": 0.0005}}, {"type": "Feature", "geometry": {"type": "Polygon", "coordinates": [[[153.09, -27.04], [153.1, -27.04], [153.1, -27.03], [153.09, -27.03], [153.09, -27.04]]]}, "properties": {"count": 12, "intensity": 0.0001}}, {"type": "Feature", "geometry": {"type": "Polygon", "coordinates": [[[153.07, -27.05], [153.08, -27.05], [153.08, -27.04], [153.07, -27.04], [153.07, -27.05]]]}, "properties": {"count": 6, "intensity": 0.0}}, {"type": "Feature", "geometry": {"type": "Polygon", "coordinates": [[[153.08, -27.05], [153.09, -27.05], [153.09, -27.04], [153.08, -27.04], [153.08, -27.05]]]}, "properties": {"count": 3, "intensity": 0.0}}, {"type": "Feature", "geometry": {"type": "Polygon", "coordinates": [[[153.48, -28.15], [153.49, -28.15], [153.49, -28.14], [153.48, -28.14], [153.48, -28.15]]]}, "properties": {"count": 90, "intensity": 0.0006}}, {"type": "Feature", "geometry": {"type": "Polygon", "coordinates": [[[153.29, -27.85], [153.3, -27.85], [153.3, -27.84], [153.29, -27.84], [153.29, -27.85]]]}, "properties": {"count": 476, "intensity": 0.0033}}, {"type": "Feature", "geometry": {"type": "Polygon", "coordinates": [[[152.69, -27.66], [152.7, -27.66], [152.7, -27.65], [152.69, -27.65], [152.69, -27.66]]]}, "properties": {"count": 160, "intensity": 0.0011}}, {"type": "Feature", "geometry": {"type": "Polygon", "coordinates": [[[152.97, -27.9], [152.98, -27.9], [152.98, -27.89], [152.97, -27.89], [152.97, -27.9]]]}, "properties": {"count": 185, "intensity": 0.0013}}, {"type": "Feature", "geometry": {"type": "Polygon", "coordinates": [[[152.97, -26.67], [152.98, -26.67], [152.98, -26.66], [152.97, -26.66], [152.97, -26.67]]]}, "properties": {"count": 266, "intensity": 0.0019}}, {"type": "Feature", "geometry": {"type": "Polygon", "coordinates": [[[153.33, -28.06], [153.34, -28.06], [153.34, -28.05], [153.33, -28.05], [153.33, -28.06]]]}, "properties": {"count": 69, "intensity": 0.0005}}, {"type": "Feature", "geometry": {"type": "Polygon", "coordinates": [[[153.04, -26.72], [153.05, -26.72], [153.05, -26.71], [153.04, -26.71], [153.04, -26.72]]]}, "properties": {"count": 208, "intensity": 0.0015}}, {"type": "Feature", "geometry": {"type": "Polygon", "coordinates": [[[152.97, -27.25], [152.98, -27.25], [152.98, -27.24], [152.97, -27.24], [152.97, -27.25]]]}, "properties": {"count": 136, "intensity": 0.0009}}, {"type": "Feature", "geometry": {"type": "Polygon", "coordinates": [[[153.01, -27.24], [153.02, -27.24], [153.02, -27.23], [153.01, -27.23], [153.01, -27.24]]]}, "properties": {"count": 4443, "intensity": 0.031}}, {"type": "Feature", "geometry": {"type": "Polygon", "coordinates": [[[152.98, -27.24], [152.99, -27.24], [152.99, -27.23], [152.98, -27.23], [152.98, -27.24]]]}, "properties": {"count": 284, "intensity": 0.002}}, {"type": "Feature", "geometry": {"type": "Polygon", "coordinates": [[[153.01, -27.22], [153.02, -27.22], [153.02, -27.21], [153.01, -27.21], [153.01, -27.22]]]}, "properties": {"count": 1446, "intensity": 0.0101}}, {"type": "Feature", "geometry": {"type": "Polygon", "coordinates": [[[153.0, -27.23], [153.01, -27.23], [153.01, -27.22], [153.0, -27.22], [153.0, -27.23]]]}, "properties": {"count": 3444, "intensity": 0.0241}}, {"type": "Feature", "geometry": {"type": "Polygon", "coordinates": [[[153.0, -27.22], [153.01, -27.22], [153.01, -27.21], [153.0, -27.21], [153.0, -27.22]]]}, "properties": {"count": 582, "intensity": 0.0041}}, {"type": "Feature", "geometry": {"type": "Polygon", "coordinates": [[[153.11, -27.58], [153.12, -27.58], [153.12, -27.57], [153.11, -27.57], [153.11, -27.58]]]}, "properties": {"count": 1150, "intensity": 0.008}}, {"type": "Feature", "geometry": {"type": "Polygon", "coordinates": [[[153.38, -28.12], [153.39, -28.12], [153.39, -28.11], [153.38, -28.11], [153.38, -28.12]]]}, "properties": {"count": 138, "intensity": 0.001}}, {"type": "Feature", "geometry": {"type": "Polygon", "coordinates": [[[152.84, -27.66], [152.85, -27.66], [152.85, -27.65], [152.84, -27.65], [152.84, -27.66]]]}, "properties": {"count": 562, "intensity": 0.0039}}, {"type": "Feature", "geometry": {"type": "Polygon", "coordinates": [[[153.36, -28.1], [153.37, -28.1], [153.37, -28.09], [153.36, -28.09], [153.36, -28.1]]]}, "properties": {"count": 152, "intensity": 0.0011}}, {"type": "Feature", "geometry": {"type": "Polygon", "coordinates": [[[152.92, -27.63], [152.93, -27.63], [152.93, -27.62], [152.92, -27.62], [152.92, -27.63]]]}, "properties": {"count": 260, "intensity": 0.0018}}, {"type": "Feature", "geometry": {"type": "Polygon", "coordinates": [[[152.78, -27.65], [152.79, -27.65], [152.79, -27.64], [152.78, -27.64], [152.78, -27.65]]]}, "properties": {"count": 209, "intensity": 0.0015}}, {"type": "Feature", "geometry": {"type": "Polygon", "coordinates": [[[152.91, -27.68], [152.92, -27.68], [152.92, -27.67], [152.91, -27.67], [152.91, -27.68]]]}, "properties": {"count": 780, "intensity": 0.0054}}, {"type": "Feature", "geometry": {"type": "Polygon", "coordinates": [[[153.11, -26.72], [153.12, -26.72], [153.12, -26.71], [153.11, -26.71], [153.11, -26.72]]]}, "properties": {"count": 416, "intensity": 0.0029}}, {"type": "Feature", "geometry": {"type": "Polygon", "coordinates": [[[153.1, -26.72], [153.11, -26.72], [153.11, -26.71], [153.1, -26.71], [153.1, -26.72]]]}, "properties": {"count": 416, "intensity": 0.0029}}, {"type": "Feature", "geometry": {"type": "Polygon", "coordinates": [[[153.08, -26.55], [153.09, -26.55], [153.09, -26.54], [153.08, -26.54], [153.08, -26.55]]]}, "properties": {"count": 108, "intensity": 0.0008}}, {"type": "Feature", "geometry": {"type": "Polygon", "coordinates": [[[152.95, -27.31], [152.96, -27.31], [152.96, -27.3], [152.95, -27.3], [152.95, -27.31]]]}, "properties": {"count": 930, "intensity": 0.0065}}, {"type": "Feature", "geometry": {"type": "Polygon", "coordinates": [[[152.91, -27.69], [152.92, -27.69], [152.92, -27.68], [152.91, -27.68], [152.91, -27.69]]]}, "properties": {"count": 1438, "intensity": 0.01}}, {"type": "Feature", "geometry": {"type": "Polygon", "coordinates": [[[152.9, -27.7], [152.91, -27.7], [152.91, -27.69], [152.9, -27.69], [152.9, -27.7]]]}, "properties": {"count": 461, "intensity": 0.0032}}, {"type": "Feature", "geometry": {"type": "Polygon", "coordinates": [[[152.93, -27.3], [152.94, -27.3], [152.94, -27.29], [152.93, -27.29], [152.93, -27.3]]]}, "properties": {"count": 164, "intensity": 0.0011}}, {"type": "Feature", "geometry": {"type": "Polygon", "coordinates": [[[153.3, -27.57], [153.31, -27.57], [153.31, -27.56], [153.3, -27.56], [153.3, -27.57]]]}, "properties": {"count": 237, "intensity": 0.0017}}, {"type": "Feature", "geometry": {"type": "Polygon", "coordinates": [[[152.96, -27.14], [152.97, -27.14], [152.97, -27.13], [152.96, -27.13], [152.96, -27.14]]]}, "properties": {"count": 298, "intensity": 0.0021}}, {"type": "Feature", "geometry": {"type": "Polygon", "coordinates": [[[153.06, -26.73], [153.07, -26.73], [153.07, -26.72], [153.06, -26.72], [153.06, -26.73]]]}, "properties": {"count": 208, "intensity": 0.0015}}, {"type": "Feature", "geometry": {"type": "Polygon", "coordinates": [[[152.89, -27.66], [152.9, -27.66], [152.9, -27.65], [152.89, -27.65], [152.89, -27.66]]]}, "properties": {"count": 468, "intensity": 0.0033}}, {"type": "Feature", "geometry": {"type": "Polygon", "coordinates": [[[153.03, -27.25], [153.04, -27.25], [153.04, -27.24], [153.03, -27.24], [153.03, -27.25]]]}, "properties": {"count": 164, "intensity": 0.0011}}, {"type": "Feature", "geometry": {"type": "Polygon", "coordinates": [[[153.25, -27.64], [153.26, -27.64], [153.26, -27.63], [153.25, -27.63], [153.25, -27.64]]]}, "properties": {"count": 114, "intensity": 0.0008}}, {"type": "Feature", "geometry": {"type": "Polygon", "coordinates": [[[152.96, -27.06], [152.97, -27.06], [152.97, -27.05], [152.96, -27.05], [152.96, -27.06]]]}, "properties": {"count": 54, "intensity": 0.0004}}, {"type": "Feature", "geometry": {"type": "Polygon", "coordinates": [[[153.1, -27.04], [153.11, -27.04], [153.11, -27.03], [153.1, -27.03], [153.1, -27.04]]]}, "properties": {"count": 12, "intensity": 0.0001}}, {"type": "Feature", "geometry": {"type": "Polygon", "coordinates": [[[153.09, -27.03], [153.1, -27.03], [153.1, -27.02], [153.09, -27.02], [153.09, -27.03]]]}, "properties": {"count": 6, "intensity": 0.0}}, {"type": "Feature", "geometry": {"type": "Polygon", "coordinates": [[[152.97, -27.07], [152.98, -27.07], [152.98, -27.06], [152.97, -27.06], [152.97, -27.07]]]}, "properties": {"count": 72, "intensity": 0.0005}}, {"type": "Feature", "geometry": {"type": "Polygon", "coordinates": [[[152.98, -27.78], [152.99, -27.78], [152.99, -27.77], [152.98, -27.77], [152.98, -27.78]]]}, "properties": {"count": 221, "intensity": 0.0015}}, {"type": "Feature", "geometry": {"type": "Polygon", "coordinates": [[[153.33, -27.58], [153.34, -27.58], [153.34, -27.57], [153.33, -27.57], [153.33, -27.58]]]}, "properties": {"count": 412, "intensity": 0.0029}}, {"type": "Feature", "geometry": {"type": "Polygon", "coordinates": [[[153.05, -27.33], [153.06, -27.33], [153.06, -27.32], [153.05, -27.32], [153.05, -27.33]]]}, "properties": {"count": 3387, "intensity": 0.0237}}, {"type": "Feature", "geometry": {"type": "Polygon", "coordinates": [[[153.36, -27.64], [153.37, -27.64], [153.37, -27.63], [153.36, -27.63], [153.36, -27.64]]]}, "properties": {"count": 602, "intensity": 0.0042}}, {"type": "Feature", "geometry": {"type": "Polygon", "coordinates": [[[153.37, -27.64], [153.38, -27.64], [153.38, -27.63], [153.37, -27.63], [153.37, -27.64]]]}, "properties": {"count": 302, "intensity": 0.0021}}, {"type": "Feature", "geometry": {"type": "Polygon", "coordinates": [[[153.38, -27.65], [153.39, -27.65], [153.39, -27.64], [153.38, -27.64], [153.38, -27.65]]]}, "properties": {"count": 286, "intensity": 0.002}}, {"type": "Feature", "geometry": {"type": "Polygon", "coordinates": [[[152.98, -27.79], [152.99, -27.79], [152.99, -27.78], [152.98, -27.78], [152.98, -27.79]]]}, "properties": {"count": 121, "intensity": 0.0008}}, {"type": "Feature", "geometry": {"type": "Polygon", "coordinates": [[[153.38, -27.97], [153.39, -27.97], [153.39, -27.96], [153.38, -27.96], [153.38, -27.97]]]}, "properties": {"count": 8887, "intensity": 0.0621}}, {"type": "Feature", "geometry": {"type": "Polygon", "coordinates": [[[153.08, -26.67], [153.09, -26.67], [153.09, -26.66], [153.08, -26.66], [153.08, -26.67]]]}, "properties": {"count": 302, "intensity": 0.0021}}, {"type": "Feature", "geometry": {"type": "Polygon", "coordinates": [[[153.31, -27.84], [153.32, -27.84], [153.32, -27.83], [153.31, -27.83], [153.31, -27.84]]]}, "properties": {"count": 872, "intensity": 0.0061}}, {"type": "Feature", "geometry": {"type": "Polygon", "coordinates": [[[153.35, -27.88], [153.36, -27.88], [153.36, -27.87], [153.35, -27.87], [153.35, -27.88]]]}, "properties": {"count": 276, "intensity": 0.0019}}, {"type": "Feature", "geometry": {"type": "Polygon", "coordinates": [[[153.33, -27.86], [153.34, -27.86], [153.34, -27.85], [153.33, -27.85], [153.33, -27.86]]]}, "properties": {"count": 911, "intensity": 0.0064}}, {"type": "Feature", "geometry": {"type": "Polygon", "coordinates": [[[153.28, -27.83], [153.29, -27.83], [153.29, -27.82], [153.28, -27.82], [153.28, -27.83]]]}, "properties": {"count": 476, "intensity": 0.0033}}, {"type": "Feature", "geometry": {"type": "Polygon", "coordinates": [[[153.02, -26.61], [153.03, -26.61], [153.03, -26.6], [153.02, -26.6], [153.02, -26.61]]]}, "properties": {"count": 744, "intensity": 0.0052}}, {"type": "Feature", "geometry": {"type": "Polygon", "coordinates": [[[153.07, -26.74], [153.08, -26.74], [153.08, -26.73], [153.07, -26.73], [153.07, -26.74]]]}, "properties": {"count": 100, "intensity": 0.0007}}, {"type": "Feature", "geometry": {"type": "Polygon", "coordinates": [[[153.1, -26.71], [153.11, -26.71], [153.11, -26.7], [153.1, -26.7], [153.1, -26.71]]]}, "properties": {"count": 524, "intensity": 0.0037}}, {"type": "Feature", "geometry": {"type": "Polygon", "coordinates": [[[152.96, -27.07], [152.97, -27.07], [152.97, -27.06], [152.96, -27.06], [152.96, -27.07]]]}, "properties": {"count": 90, "intensity": 0.0006}}, {"type": "Feature", "geometry": {"type": "Polygon", "coordinates": [[[152.95, -27.1], [152.96, -27.1], [152.96, -27.09], [152.95, -27.09], [152.95, -27.1]]]}, "properties": {"count": 89, "intensity": 0.0006}}, {"type": "Feature", "geometry": {"type": "Polygon", "coordinates": [[[153.07, -26.72], [153.08, -26.72], [153.08, -26.71], [153.07, -26.71], [153.07, -26.72]]]}, "properties": {"count": 630, "intensity": 0.0044}}, {"type": "Feature", "geometry": {"type": "Polygon", "coordinates": [[[153.23, -27.74], [153.24, -27.74], [153.24, -27.73], [153.23, -27.73], [153.23, -27.74]]]}, "properties": {"count": 180, "intensity": 0.0013}}, {"type": "Feature", "geometry": {"type": "Polygon", "coordinates": [[[153.23, -27.75], [153.24, -27.75], [153.24, -27.74], [153.23, -27.74], [153.23, -27.75]]]}, "properties": {"count": 180, "intensity": 0.0013}}, {"type": "Feature", "geometry": {"type": "Polygon", "coordinates": [[[153.24, -27.76], [153.25, -27.76], [153.25, -27.75], [153.24, -27.75], [153.24, -27.76]]]}, "properties": {"count": 90, "intensity": 0.0006}}, {"type": "Feature", "geometry": {"type": "Polygon", "coordinates": [[[153.25, -27.77], [153.26, -27.77], [153.26, -27.76], [153.25, -27.76], [153.25, -27.77]]]}, "properties": {"count": 360, "intensity": 0.0025}}, {"type": "Feature", "geometry": {"type": "Polygon", "coordinates": [[[153.3, -28.0], [153.31, -28.0], [153.31, -27.99], [153.3, -27.99], [153.3, -28.0]]]}, "properties": {"count": 54, "intensity": 0.0004}}, {"type": "Feature", "geometry": {"type": "Polygon", "coordinates": [[[153.32, -27.85], [153.33, -27.85], [153.33, -27.84], [153.32, -27.84], [153.32, -27.85]]]}, "properties": {"count": 1172, "intensity": 0.0082}}, {"type": "Feature", "geometry": {"type": "Polygon", "coordinates": [[[153.3, -27.83], [153.31, -27.83], [153.31, -27.82], [153.3, -27.82], [153.3, -27.83]]]}, "properties": {"count": 1376, "intensity": 0.0096}}, {"type": "Feature", "geometry": {"type": "Polygon", "coordinates": [[[153.35, -27.89], [153.36, -27.89], [153.36, -27.88], [153.35, -27.88], [153.35, -27.89]]]}, "properties": {"count": 160, "intensity": 0.0011}}, {"type": "Feature", "geometry": {"type": "Polygon", "coordinates": [[[153.33, -28.03], [153.34, -28.03], [153.34, -28.02], [153.33, -28.02], [153.33, -28.03]]]}, "properties": {"count": 146, "intensity": 0.001}}, {"type": "Feature", "geometry": {"type": "Polygon", "coordinates": [[[153.37, -28.1], [153.38, -28.1], [153.38, -28.09], [153.37, -28.09], [153.37, -28.1]]]}, "properties": {"count": 152, "intensity": 0.0011}}, {"type": "Feature", "geometry": {"type": "Polygon", "coordinates": [[[153.44, -28.12], [153.45, -28.12], [153.45, -28.11], [153.44, -28.11], [153.44, -28.12]]]}, "properties": {"count": 73, "intensity": 0.0005}}, {"type": "Feature", "geometry": {"type": "Polygon", "coordinates": [[[152.91, -27.7], [152.92, -27.7], [152.92, -27.69], [152.91, -27.69], [152.91, -27.7]]]}, "properties": {"count": 650, "intensity": 0.0045}}, {"type": "Feature", "geometry": {"type": "Polygon", "coordinates": [[[153.19, -27.07], [153.2, -27.07], [153.2, -27.06], [153.19, -27.06], [153.19, -27.07]]]}, "properties": {"count": 435, "intensity": 0.003}}, {"type": "Feature", "geometry": {"type": "Polygon", "coordinates": [[[153.19, -27.06], [153.2, -27.06], [153.2, -27.05], [153.19, -27.05], [153.19, -27.06]]]}, "properties": {"count": 87, "intensity": 0.0006}}, {"type": "Feature", "geometry": {"type": "Polygon", "coordinates": [[[153.01, -27.29], [153.02, -27.29], [153.02, -27.28], [153.01, -27.28], [153.01, -27.29]]]}, "properties": {"count": 368, "intensity": 0.0026}}, {"type": "Feature", "geometry": {"type": "Polygon", "coordinates": [[[152.99, -27.24], [153.0, -27.24], [153.0, -27.23], [152.99, -27.23], [152.99, -27.24]]]}, "properties": {"count": 958, "intensity": 0.0067}}, {"type": "Feature", "geometry": {"type": "Polygon", "coordinates": [[[153.09, -27.22], [153.1, -27.22], [153.1, -27.21], [153.09, -27.21], [153.09, -27.22]]]}, "properties": {"count": 880, "intensity": 0.0061}}, {"type": "Feature", "geometry": {"type": "Polygon", "coordinates": [[[153.27, -27.78], [153.28, -27.78], [153.28, -27.77], [153.27, -27.77], [153.27, -27.78]]]}, "properties": {"count": 180, "intensity": 0.0013}}, {"type": "Feature", "geometry": {"type": "Polygon", "coordinates": [[[153.27, -27.79], [153.28, -27.79], [153.28, -27.78], [153.27, -27.78], [153.27, -27.79]]]}, "properties": {"count": 180, "intensity": 0.0013}}, {"type": "Feature", "geometry": {"type": "Polygon", "coordinates": [[[153.28, -27.89], [153.29, -27.89], [153.29, -27.88], [153.28, -27.88], [153.28, -27.89]]]}, "properties": {"count": 144, "intensity": 0.001}}, {"type": "Feature", "geometry": {"type": "Polygon", "coordinates": [[[153.34, -28.01], [153.35, -28.01], [153.35, -28.0], [153.34, -28.0], [153.34, -28.01]]]}, "properties": {"count": 146, "intensity": 0.001}}, {"type": "Feature", "geometry": {"type": "Polygon", "coordinates": [[[152.92, -27.66], [152.93, -27.66], [152.93, -27.65], [152.92, -27.65], [152.92, -27.66]]]}, "properties": {"count": 520, "intensity": 0.0036}}, {"type": "Feature", "geometry": {"type": "Polygon", "coordinates": [[[152.95, -27.13], [152.96, -27.13], [152.96, -27.12], [152.95, -27.12], [152.95, -27.13]]]}, "properties": {"count": 298, "intensity": 0.0021}}, {"type": "Feature", "geometry": {"type": "Polygon", "coordinates": [[[153.02, -27.76], [153.03, -27.76], [153.03, -27.75], [153.02, -27.75], [153.02, -27.76]]]}, "properties": {"count": 185, "intensity": 0.0013}}, {"type": "Feature", "geometry": {"type": "Polygon", "coordinates": [[[153.07, -26.51], [153.08, -26.51], [153.08, -26.5], [153.07, -26.5], [153.07, -26.51]]]}, "properties": {"count": 768, "intensity": 0.0054}}, {"type": "Feature", "geometry": {"type": "Polygon", "coordinates": [[[153.21, -27.69], [153.22, -27.69], [153.22, -27.68], [153.21, -27.68], [153.21, -27.69]]]}, "properties": {"count": 308, "intensity": 0.0022}}, {"type": "Feature", "geometry": {"type": "Polygon", "coordinates": [[[153.06, -27.01], [153.07, -27.01], [153.07, -27.0], [153.06, -27.0], [153.06, -27.01]]]}, "properties": {"count": 6, "intensity": 0.0}}, {"type": "Feature", "geometry": {"type": "Polygon", "coordinates": [[[153.04, -27.23], [153.05, -27.23], [153.05, -27.22], [153.04, -27.22], [153.04, -27.23]]]}, "properties": {"count": 1566, "intensity": 0.0109}}, {"type": "Feature", "geometry": {"type": "Polygon", "coordinates": [[[153.43, -28.04], [153.44, -28.04], [153.44, -28.03], [153.43, -28.03], [153.43, -28.04]]]}, "properties": {"count": 10775, "intensity": 0.0753}}, {"type": "Feature", "geometry": {"type": "Polygon", "coordinates": [[[152.97, -27.16], [152.98, -27.16], [152.98, -27.15], [152.97, -27.15], [152.97, -27.16]]]}, "properties": {"count": 953, "intensity": 0.0067}}, {"type": "Feature", "geometry": {"type": "Polygon", "coordinates": [[[153.16, -27.72], [153.17, -27.72], [153.17, -27.71], [153.16, -27.71], [153.16, -27.72]]]}, "properties": {"count": 563, "intensity": 0.0039}}, {"type": "Feature", "geometry": {"type": "Polygon", "coordinates": [[[153.15, -27.71], [153.16, -27.71], [153.16, -27.7], [153.15, -27.7], [153.15, -27.71]]]}, "properties": {"count": 170, "intensity": 0.0012}}, {"type": "Feature", "geometry": {"type": "Polygon", "coordinates": [[[153.15, -27.72], [153.16, -27.72], [153.16, -27.71], [153.15, -27.71], [153.15, -27.72]]]}, "properties": {"count": 170, "intensity": 0.0012}}, {"type": "Feature", "geometry": {"type": "Polygon", "coordinates": [[[153.14, -27.72], [153.15, -27.72], [153.15, -27.71], [153.14, -27.71], [153.14, -27.72]]]}, "properties": {"count": 85, "intensity": 0.0006}}, {"type": "Feature", "geometry": {"type": "Polygon", "coordinates": [[[153.16, -27.73], [153.17, -27.73], [153.17, -27.72], [153.16, -27.72], [153.16, -27.73]]]}, "properties": {"count": 170, "intensity": 0.0012}}, {"type": "Feature", "geometry": {"type": "Polygon", "coordinates": [[[153.17, -27.73], [153.18, -27.73], [153.18, -27.72], [153.17, -27.72], [153.17, -27.73]]]}, "properties": {"count": 85, "intensity": 0.0006}}, {"type": "Feature", "geometry": {"type": "Polygon", "coordinates": [[[152.99, -27.23], [153.0, -27.23], [153.0, -27.22], [152.99, -27.22], [152.99, -27.23]]]}, "properties": {"count": 414, "intensity": 0.0029}}, {"type": "Feature", "geometry": {"type": "Polygon", "coordinates": [[[153.03, -27.22], [153.04, -27.22], [153.04, -27.21], [153.03, -27.21], [153.03, -27.22]]]}, "properties": {"count": 164, "intensity": 0.0011}}, {"type": "Feature", "geometry": {"type": "Polygon", "coordinates": [[[153.08, -27.22], [153.09, -27.22], [153.09, -27.21], [153.08, -27.21], [153.08, -27.22]]]}, "properties": {"count": 232, "intensity": 0.0016}}, {"type": "Feature", "geometry": {"type": "Polygon", "coordinates": [[[153.03, -27.27], [153.04, -27.27], [153.04, -27.26], [153.03, -27.26], [153.03, -27.27]]]}, "properties": {"count": 366, "intensity": 0.0026}}, {"type": "Feature", "geometry": {"type": "Polygon", "coordinates": [[[153.01, -26.68], [153.02, -26.68], [153.02, -26.67], [153.01, -26.67], [153.01, -26.68]]]}, "properties": {"count": 392, "intensity": 0.0027}}, {"type": "Feature", "geometry": {"type": "Polygon", "coordinates": [[[153.08, -27.25], [153.09, -27.25], [153.09, -27.24], [153.08, -27.24], [153.08, -27.25]]]}, "properties": {"count": 516, "intensity": 0.0036}}, {"type": "Feature", "geometry": {"type": "Polygon", "coordinates": [[[153.11, -26.74], [153.12, -26.74], [153.12, -26.73], [153.11, -26.73], [153.11, -26.74]]]}, "properties": {"count": 410, "intensity": 0.0029}}, {"type": "Feature", "geometry": {"type": "Polygon", "coordinates": [[[153.11, -27.57], [153.12, -27.57], [153.12, -27.56], [153.11, -27.56], [153.11, -27.57]]]}, "properties": {"count": 800, "intensity": 0.0056}}, {"type": "Feature", "geometry": {"type": "Polygon", "coordinates": [[[153.07, -27.67], [153.08, -27.67], [153.08, -27.66], [153.07, -27.66], [153.07, -27.67]]]}, "properties": {"count": 292, "intensity": 0.002}}, {"type": "Feature", "geometry": {"type": "Polygon", "coordinates": [[[153.11, -26.75], [153.12, -26.75], [153.12, -26.74], [153.11, -26.74], [153.11, -26.75]]]}, "properties": {"count": 1190, "intensity": 0.0083}}, {"type": "Feature", "geometry": {"type": "Polygon", "coordinates": [[[152.94, -26.62], [152.95, -26.62], [152.95, -26.61], [152.94, -26.61], [152.94, -26.62]]]}, "properties": {"count": 90, "intensity": 0.0006}}, {"type": "Feature", "geometry": {"type": "Polygon", "coordinates": [[[152.93, -26.64], [152.94, -26.64], [152.94, -26.63], [152.93, -26.63], [152.93, -26.64]]]}, "properties": {"count": 90, "intensity": 0.0006}}, {"type": "Feature", "geometry": {"type": "Polygon", "coordinates": [[[152.95, -26.64], [152.96, -26.64], [152.96, -26.63], [152.95, -26.63], [152.95, -26.64]]]}, "properties": {"count": 180, "intensity": 0.0013}}, {"type": "Feature", "geometry": {"type": "Polygon", "coordinates": [[[153.36, -27.89], [153.37, -27.89], [153.37, -27.88], [153.36, -27.88], [153.36, -27.89]]]}, "properties": {"count": 80, "intensity": 0.0006}}, {"type": "Feature", "geometry": {"type": "Polygon", "coordinates": [[[152.98, -27.74], [152.99, -27.74], [152.99, -27.73], [152.98, -27.73], [152.98, -27.74]]]}, "properties": {"count": 221, "intensity": 0.0015}}, {"type": "Feature", "geometry": {"type": "Polygon", "coordinates": [[[153.31, -27.62], [153.32, -27.62], [153.32, -27.61], [153.31, -27.61], [153.31, -27.62]]]}, "properties": {"count": 1333, "intensity": 0.0093}}, {"type": "Feature", "geometry": {"type": "Polygon", "coordinates": [[[152.99, -27.66], [153.0, -27.66], [153.0, -27.65], [152.99, -27.65], [152.99, -27.66]]]}, "properties": {"count": 140, "intensity": 0.001}}, {"type": "Feature", "geometry": {"type": "Polygon", "coordinates": [[[153.22, -27.66], [153.23, -27.66], [153.23, -27.65], [153.22, -27.65], [153.22, -27.66]]]}, "properties": {"count": 54, "intensity": 0.0004}}, {"type": "Feature", "geometry": {"type": "Polygon", "coordinates": [[[153.36, -28.01], [153.37, -28.01], [153.37, -28.0], [153.36, -28.0], [153.36, -28.01]]]}, "properties": {"count": 654, "intensity": 0.0046}}, {"type": "Feature", "geometry": {"type": "Polygon", "coordinates": [[[153.08, -26.81], [153.09, -26.81], [153.09, -26.8], [153.08, -26.8], [153.08, -26.81]]]}, "properties": {"count": 322, "intensity": 0.0022}}, {"type": "Feature", "geometry": {"type": "Polygon", "coordinates": [[[153.33, -27.84], [153.34, -27.84], [153.34, -27.83], [153.33, -27.83], [153.33, -27.84]]]}, "properties": {"count": 790, "intensity": 0.0055}}, {"type": "Feature", "geometry": {"type": "Polygon", "coordinates": [[[153.06, -26.72], [153.07, -26.72], [153.07, -26.71], [153.06, -26.71], [153.06, -26.72]]]}, "properties": {"count": 4346, "intensity": 0.0304}}, {"type": "Feature", "geometry": {"type": "Polygon", "coordinates": [[[152.8, -27.7], [152.81, -27.7], [152.81, -27.69], [152.8, -27.69], [152.8, -27.7]]]}, "properties": {"count": 54, "intensity": 0.0004}}, {"type": "Feature", "geometry": {"type": "Polygon", "coordinates": [[[152.79, -27.68], [152.8, -27.68], [152.8, -27.67], [152.79, -27.67], [152.79, -27.68]]]}, "properties": {"count": 108, "intensity": 0.0008}}, {"type": "Feature", "geometry": {"type": "Polygon", "coordinates": [[[152.8, -27.69], [152.81, -27.69], [152.81, -27.68], [152.8, -27.68], [152.8, -27.69]]]}, "properties": {"count": 108, "intensity": 0.0008}}, {"type": "Feature", "geometry": {"type": "Polygon", "coordinates": [[[152.95, -27.06], [152.96, -27.06], [152.96, -27.05], [152.95, -27.05], [152.95, -27.06]]]}, "properties": {"count": 18, "intensity": 0.0001}}, {"type": "Feature", "geometry": {"type": "Polygon", "coordinates": [[[153.08, -26.82], [153.09, -26.82], [153.09, -26.81], [153.08, -26.81], [153.08, -26.82]]]}, "properties": {"count": 768, "intensity": 0.0054}}, {"type": "Feature", "geometry": {"type": "Polygon", "coordinates": [[[153.07, -26.82], [153.08, -26.82], [153.08, -26.81], [153.07, -26.81], [153.07, -26.82]]]}, "properties": {"count": 219, "intensity": 0.0015}}, {"type": "Feature", "geometry": {"type": "Polygon", "coordinates": [[[153.07, -26.81], [153.08, -26.81], [153.08, -26.8], [153.07, -26.8], [153.07, -26.81]]]}, "properties": {"count": 445, "intensity": 0.0031}}, {"type": "Feature", "geometry": {"type": "Polygon", "coordinates": [[[153.32, -27.83], [153.33, -27.83], [153.33, -27.82], [153.32, -27.82], [153.32, -27.83]]]}, "properties": {"count": 448, "intensity": 0.0031}}, {"type": "Feature", "geometry": {"type": "Polygon", "coordinates": [[[152.81, -27.7], [152.82, -27.7], [152.82, -27.69], [152.81, -27.69], [152.81, -27.7]]]}, "properties": {"count": 216, "intensity": 0.0015}}, {"type": "Feature", "geometry": {"type": "Polygon", "coordinates": [[[153.07, -27.4], [153.08, -27.4], [153.08, -27.39], [153.07, -27.39], [153.07, -27.4]]]}, "properties": {"count": 900, "intensity": 0.0063}}, {"type": "Feature", "geometry": {"type": "Polygon", "coordinates": [[[152.95, -27.81], [152.96, -27.81], [152.96, -27.8], [152.95, -27.8], [152.95, -27.81]]]}, "properties": {"count": 342, "intensity": 0.0024}}, {"type": "Feature", "geometry": {"type": "Polygon", "coordinates": [[[152.94, -27.81], [152.95, -27.81], [152.95, -27.8], [152.94, -27.8], [152.94, -27.81]]]}, "properties": {"count": 542, "intensity": 0.0038}}, {"type": "Feature", "geometry": {"type": "Polygon", "coordinates": [[[152.89, -27.7], [152.9, -27.7], [152.9, -27.69], [152.89, -27.69], [152.89, -27.7]]]}, "properties": {"count": 268, "intensity": 0.0019}}, {"type": "Feature", "geometry": {"type": "Polygon", "coordinates": [[[152.98, -27.8], [152.99, -27.8], [152.99, -27.79], [152.98, -27.79], [152.98, -27.8]]]}, "properties": {"count": 100, "intensity": 0.0007}}, {"type": "Feature", "geometry": {"type": "Polygon", "coordinates": [[[153.06, -26.74], [153.07, -26.74], [153.07, -26.73], [153.06, -26.73], [153.06, -26.74]]]}, "properties": {"count": 1266, "intensity": 0.0088}}, {"type": "Feature", "geometry": {"type": "Polygon", "coordinates": [[[153.05, -26.74], [153.06, -26.74], [153.06, -26.73], [153.05, -26.73], [153.05, -26.74]]]}, "properties": {"count": 844, "intensity": 0.0059}}, {"type": "Feature", "geometry": {"type": "Polygon", "coordinates": [[[153.31, -28.03], [153.32, -28.03], [153.32, -28.02], [153.31, -28.02], [153.31, -28.03]]]}, "properties": {"count": 145, "intensity": 0.001}}, {"type": "Feature", "geometry": {"type": "Polygon", "coordinates": [[[153.02, -26.6], [153.03, -26.6], [153.03, -26.59], [153.02, -26.59], [153.02, -26.6]]]}, "properties": {"count": 248, "intensity": 0.0017}}, {"type": "Feature", "geometry": {"type": "Polygon", "coordinates": [[[153.01, -27.78], [153.02, -27.78], [153.02, -27.77], [153.01, -27.77], [153.01, -27.78]]]}, "properties": {"count": 185, "intensity": 0.0013}}, {"type": "Feature", "geometry": {"type": "Polygon", "coordinates": [[[153.01, -27.77], [153.02, -27.77], [153.02, -27.76], [153.01, -27.76], [153.01, -27.77]]]}, "properties": {"count": 185, "intensity": 0.0013}}, {"type": "Feature", "geometry": {"type": "Polygon", "coordinates": [[[153.3, -27.82], [153.31, -27.82], [153.31, -27.81], [153.3, -27.81], [153.3, -27.82]]]}, "properties": {"count": 116, "intensity": 0.0008}}, {"type": "Feature", "geometry": {"type": "Polygon", "coordinates": [[[153.11, -27.81], [153.12, -27.81], [153.12, -27.8], [153.11, -27.8], [153.11, -27.81]]]}, "properties": {"count": 510, "intensity": 0.0036}}, {"type": "Feature", "geometry": {"type": "Polygon", "coordinates": [[[153.1, -27.81], [153.11, -27.81], [153.11, -27.8], [153.1, -27.8], [153.1, -27.81]]]}, "properties": {"count": 340, "intensity": 0.0024}}, {"type": "Feature", "geometry": {"type": "Polygon", "coordinates": [[[153.1, -27.78], [153.11, -27.78], [153.11, -27.77], [153.1, -27.77], [153.1, -27.78]]]}, "properties": {"count": 340, "intensity": 0.0024}}, {"type": "Feature", "geometry": {"type": "Polygon", "coordinates": [[[153.1, -27.77], [153.11, -27.77], [153.11, -27.76], [153.1, -27.76], [153.1, -27.77]]]}, "properties": {"count": 170, "intensity": 0.0012}}, {"type": "Feature", "geometry": {"type": "Polygon", "coordinates": [[[153.33, -27.85], [153.34, -27.85], [153.34, -27.84], [153.33, -27.84], [153.33, -27.85]]]}, "properties": {"count": 249, "intensity": 0.0017}}, {"type": "Feature", "geometry": {"type": "Polygon", "coordinates": [[[153.12, -27.82], [153.13, -27.82], [153.13, -27.81], [153.12, -27.81], [153.12, -27.82]]]}, "properties": {"count": 170, "intensity": 0.0012}}, {"type": "Feature", "geometry": {"type": "Polygon", "coordinates": [[[153.37, -28.08], [153.38, -28.08], [153.38, -28.07], [153.37, -28.07], [153.37, -28.08]]]}, "properties": {"count": 2676, "intensity": 0.0187}}, {"type": "Feature", "geometry": {"type": "Polygon", "coordinates": [[[153.33, -27.83], [153.34, -27.83], [153.34, -27.82], [153.33, -27.82], [153.33, -27.83]]]}, "properties": {"count": 282, "intensity": 0.002}}, {"type": "Feature", "geometry": {"type": "Polygon", "coordinates": [[[153.06, -26.82], [153.07, -26.82], [153.07, -26.81], [153.06, -26.81], [153.06, -26.82]]]}, "properties": {"count": 332, "intensity": 0.0023}}, {"type": "Feature", "geometry": {"type": "Polygon", "coordinates": [[[152.95, -26.56], [152.96, -26.56], [152.96, -26.55], [152.95, -26.55], [152.95, -26.56]]]}, "properties": {"count": 150, "intensity": 0.001}}, {"type": "Feature", "geometry": {"type": "Polygon", "coordinates": [[[153.04, -26.74], [153.05, -26.74], [153.05, -26.73], [153.04, -26.73], [153.04, -26.74]]]}, "properties": {"count": 155, "intensity": 0.0011}}, {"type": "Feature", "geometry": {"type": "Polygon", "coordinates": [[[153.09, -27.7], [153.1, -27.7], [153.1, -27.69], [153.09, -27.69], [153.09, -27.7]]]}, "properties": {"count": 84, "intensity": 0.0006}}, {"type": "Feature", "geometry": {"type": "Polygon", "coordinates": [[[152.95, -26.84], [152.96, -26.84], [152.96, -26.83], [152.95, -26.83], [152.95, -26.84]]]}, "properties": {"count": 92, "intensity": 0.0006}}, {"type": "Feature", "geometry": {"type": "Polygon", "coordinates": [[[153.09, -26.6], [153.1, -26.6], [153.1, -26.59], [153.09, -26.59], [153.09, -26.6]]]}, "properties": {"count": 358, "intensity": 0.0025}}, {"type": "Feature", "geometry": {"type": "Polygon", "coordinates": [[[153.01, -26.6], [153.02, -26.6], [153.02, -26.59], [153.01, -26.59], [153.01, -26.6]]]}, "properties": {"count": 248, "intensity": 0.0017}}, {"type": "Feature", "geometry": {"type": "Polygon", "coordinates": [[[152.78, -27.67], [152.79, -27.67], [152.79, -27.66], [152.78, -27.66], [152.78, -27.67]]]}, "properties": {"count": 54, "intensity": 0.0004}}, {"type": "Feature", "geometry": {"type": "Polygon", "coordinates": [[[153.36, -27.86], [153.37, -27.86], [153.37, -27.85], [153.36, -27.85], [153.36, -27.86]]]}, "properties": {"count": 174, "intensity": 0.0012}}, {"type": "Feature", "geometry": {"type": "Polygon", "coordinates": [[[153.31, -27.86], [153.32, -27.86], [153.32, -27.85], [153.31, -27.85], [153.31, -27.86]]]}, "properties": {"count": 3099, "intensity": 0.0216}}, {"type": "Feature", "geometry": {"type": "Polygon", "coordinates": [[[153.45, -28.09], [153.46, -28.09], [153.46, -28.08], [153.45, -28.08], [153.45, -28.09]]]}, "properties": {"count": 2060, "intensity": 0.0144}}, {"type": "Feature", "geometry": {"type": "Polygon", "coordinates": [[[153.29, -27.67], [153.3, -27.67], [153.3, -27.66], [153.29, -27.66], [153.29, -27.67]]]}, "properties": {"count": 93, "intensity": 0.0006}}, {"type": "Feature", "geometry": {"type": "Polygon", "coordinates": [[[153.3, -27.67], [153.31, -27.67], [153.31, -27.66], [153.3, -27.66], [153.3, -27.67]]]}, "properties": {"count": 96, "intensity": 0.0007}}, {"type": "Feature", "geometry": {"type": "Polygon", "coordinates": [[[153.34, -27.84], [153.35, -27.84], [153.35, -27.83], [153.34, -27.83], [153.34, -27.84]]]}, "properties": {"count": 139, "intensity": 0.001}}, {"type": "Feature", "geometry": {"type": "Polygon", "coordinates": [[[153.29, -27.84], [153.3, -27.84], [153.3, -27.83], [153.29, -27.83], [153.29, -27.84]]]}, "properties": {"count": 238, "intensity": 0.0017}}, {"type": "Feature", "geometry": {"type": "Polygon", "coordinates": [[[152.96, -26.56], [152.97, -26.56], [152.97, -26.55], [152.96, -26.55], [152.96, -26.56]]]}, "properties": {"count": 150, "intensity": 0.001}}, {"type": "Feature", "geometry": {"type": "Polygon", "coordinates": [[[153.06, -26.51], [153.07, -26.51], [153.07, -26.5], [153.06, -26.5], [153.06, -26.51]]]}, "properties": {"count": 220, "intensity": 0.0015}}, {"type": "Feature", "geometry": {"type": "Polygon", "coordinates": [[[153.06, -26.83], [153.07, -26.83], [153.07, -26.82], [153.06, -26.82], [153.06, -26.83]]]}, "properties": {"count": 440, "intensity": 0.0031}}, {"type": "Feature", "geometry": {"type": "Polygon", "coordinates": [[[153.13, -27.83], [153.14, -27.83], [153.14, -27.82], [153.13, -27.82], [153.13, -27.83]]]}, "properties": {"count": 170, "intensity": 0.0012}}, {"type": "Feature", "geometry": {"type": "Polygon", "coordinates": [[[153.29, -27.81], [153.3, -27.81], [153.3, -27.8], [153.29, -27.8], [153.29, -27.81]]]}, "properties": {"count": 173, "intensity": 0.0012}}, {"type": "Feature", "geometry": {"type": "Polygon", "coordinates": [[[153.37, -27.79], [153.38, -27.79], [153.38, -27.78], [153.37, -27.78], [153.37, -27.79]]]}, "properties": {"count": 173, "intensity": 0.0012}}, {"type": "Feature", "geometry": {"type": "Polygon", "coordinates": [[[153.36, -27.79], [153.37, -27.79], [153.37, -27.78], [153.36, -27.78], [153.36, -27.79]]]}, "properties": {"count": 609, "intensity": 0.0043}}, {"type": "Feature", "geometry": {"type": "Polygon", "coordinates": [[[153.35, -27.78], [153.36, -27.78], [153.36, -27.77], [153.35, -27.77], [153.35, -27.78]]]}, "properties": {"count": 346, "intensity": 0.0024}}, {"type": "Feature", "geometry": {"type": "Polygon", "coordinates": [[[153.36, -27.78], [153.37, -27.78], [153.37, -27.77], [153.36, -27.77], [153.36, -27.78]]]}, "properties": {"count": 173, "intensity": 0.0012}}, {"type": "Feature", "geometry": {"type": "Polygon", "coordinates": [[[153.24, -27.81], [153.25, -27.81], [153.25, -27.8], [153.24, -27.8], [153.24, -27.81]]]}, "properties": {"count": 180, "intensity": 0.0013}}, {"type": "Feature", "geometry": {"type": "Polygon", "coordinates": [[[153.25, -27.81], [153.26, -27.81], [153.26, -27.8], [153.25, -27.8], [153.25, -27.81]]]}, "properties": {"count": 180, "intensity": 0.0013}}, {"type": "Feature", "geometry": {"type": "Polygon", "coordinates": [[[152.98, -27.18], [152.99, -27.18], [152.99, -27.17], [152.98, -27.17], [152.98, -27.18]]]}, "properties": {"count": 288, "intensity": 0.002}}, {"type": "Feature", "geometry": {"type": "Polygon", "coordinates": [[[152.93, -27.8], [152.94, -27.8], [152.94, -27.79], [152.93, -27.79], [152.93, -27.8]]]}, "properties": {"count": 221, "intensity": 0.0015}}, {"type": "Feature", "geometry": {"type": "Polygon", "coordinates": [[[153.15, -27.61], [153.16, -27.61], [153.16, -27.6], [153.15, -27.6], [153.15, -27.61]]]}, "properties": {"count": 126, "intensity": 0.0009}}, {"type": "Feature", "geometry": {"type": "Polygon", "coordinates": [[[153.09, -27.79], [153.1, -27.79], [153.1, -27.78], [153.09, -27.78], [153.09, -27.79]]]}, "properties": {"count": 170, "intensity": 0.0012}}, {"type": "Feature", "geometry": {"type": "Polygon", "coordinates": [[[153.1, -27.79], [153.11, -27.79], [153.11, -27.78], [153.1, -27.78], [153.1, -27.79]]]}, "properties": {"count": 170, "intensity": 0.0012}}, {"type": "Feature", "geometry": {"type": "Polygon", "coordinates": [[[152.82, -27.7], [152.83, -27.7], [152.83, -27.69], [152.82, -27.69], [152.82, -27.7]]]}, "properties": {"count": 108, "intensity": 0.0008}}, {"type": "Feature", "geometry": {"type": "Polygon", "coordinates": [[[152.83, -27.69], [152.84, -27.69], [152.84, -27.68], [152.83, -27.68], [152.83, -27.69]]]}, "properties": {"count": 108, "intensity": 0.0008}}, {"type": "Feature", "geometry": {"type": "Polygon", "coordinates": [[[153.23, -27.47], [153.24, -27.47], [153.24, -27.46], [153.23, -27.46], [153.23, -27.47]]]}, "properties": {"count": 79, "intensity": 0.0006}}, {"type": "Feature", "geometry": {"type": "Polygon", "coordinates": [[[153.14, -27.66], [153.15, -27.66], [153.15, -27.65], [153.14, -27.65], [153.14, -27.66]]]}, "properties": {"count": 874, "intensity": 0.0061}}, {"type": "Feature", "geometry": {"type": "Polygon", "coordinates": [[[153.02, -27.72], [153.03, -27.72], [153.03, -27.71], [153.02, -27.71], [153.02, -27.72]]]}, "properties": {"count": 87, "intensity": 0.0006}}, {"type": "Feature", "geometry": {"type": "Polygon", "coordinates": [[[153.02, -27.71], [153.03, -27.71], [153.03, -27.7], [153.02, -27.7], [153.02, -27.71]]]}, "properties": {"count": 87, "intensity": 0.0006}}, {"type": "Feature", "geometry": {"type": "Polygon", "coordinates": [[[153.03, -27.71], [153.04, -27.71], [153.04, -27.7], [153.03, -27.7], [153.03, -27.71]]]}, "properties": {"count": 174, "intensity": 0.0012}}, {"type": "Feature", "geometry": {"type": "Polygon", "coordinates": [[[152.84, -27.64], [152.85, -27.64], [152.85, -27.63], [152.84, -27.63], [152.84, -27.64]]]}, "properties": {"count": 203, "intensity": 0.0014}}, {"type": "Feature", "geometry": {"type": "Polygon", "coordinates": [[[152.89, -27.68], [152.9, -27.68], [152.9, -27.67], [152.89, -27.67], [152.89, -27.68]]]}, "properties": {"count": 268, "intensity": 0.0019}}, {"type": "Feature", "geometry": {"type": "Polygon", "coordinates": [[[152.9, -27.67], [152.91, -27.67], [152.91, -27.66], [152.9, -27.66], [152.9, -27.67]]]}, "properties": {"count": 234, "intensity": 0.0016}}, {"type": "Feature", "geometry": {"type": "Polygon", "coordinates": [[[152.83, -27.66], [152.84, -27.66], [152.84, -27.65], [152.83, -27.65], [152.83, -27.66]]]}, "properties": {"count": 188, "intensity": 0.0013}}, {"type": "Feature", "geometry": {"type": "Polygon", "coordinates": [[[153.07, -27.66], [153.08, -27.66], [153.08, -27.65], [153.07, -27.65], [153.07, -27.66]]]}, "properties": {"count": 228, "intensity": 0.0016}}, {"type": "Feature", "geometry": {"type": "Polygon", "coordinates": [[[153.08, -27.66], [153.09, -27.66], [153.09, -27.65], [153.08, -27.65], [153.08, -27.66]]]}, "properties": {"count": 456, "intensity": 0.0032}}, {"type": "Feature", "geometry": {"type": "Polygon", "coordinates": [[[153.08, -27.67], [153.09, -27.67], [153.09, -27.66], [153.08, -27.66], [153.08, -27.67]]]}, "properties": {"count": 228, "intensity": 0.0016}}, {"type": "Feature", "geometry": {"type": "Polygon", "coordinates": [[[152.85, -27.64], [152.86, -27.64], [152.86, -27.63], [152.85, -27.63], [152.85, -27.64]]]}, "properties": {"count": 203, "intensity": 0.0014}}, {"type": "Feature", "geometry": {"type": "Polygon", "coordinates": [[[152.84, -27.65], [152.85, -27.65], [152.85, -27.64], [152.84, -27.64], [152.84, -27.65]]]}, "properties": {"count": 367, "intensity": 0.0026}}, {"type": "Feature", "geometry": {"type": "Polygon", "coordinates": [[[152.84, -27.67], [152.85, -27.67], [152.85, -27.66], [152.84, -27.66], [152.84, -27.67]]]}, "properties": {"count": 650, "intensity": 0.0045}}, {"type": "Feature", "geometry": {"type": "Polygon", "coordinates": [[[152.87, -27.61], [152.88, -27.61], [152.88, -27.6], [152.87, -27.6], [152.87, -27.61]]]}, "properties": {"count": 222, "intensity": 0.0016}}, {"type": "Feature", "geometry": {"type": "Polygon", "coordinates": [[[152.83, -27.67], [152.84, -27.67], [152.84, -27.66], [152.83, -27.66], [152.83, -27.67]]]}, "properties": {"count": 188, "intensity": 0.0013}}, {"type": "Feature", "geometry": {"type": "Polygon", "coordinates": [[[152.85, -27.67], [152.86, -27.67], [152.86, -27.66], [152.85, -27.66], [152.85, -27.67]]]}, "properties": {"count": 188, "intensity": 0.0013}}, {"type": "Feature", "geometry": {"type": "Polygon", "coordinates": [[[153.07, -26.67], [153.08, -26.67], [153.08, -26.66], [153.07, -26.66], [153.07, -26.67]]]}, "properties": {"count": 300, "intensity": 0.0021}}, {"type": "Feature", "geometry": {"type": "Polygon", "coordinates": [[[153.02, -27.26], [153.03, -27.26], [153.03, -27.25], [153.02, -27.25], [153.02, -27.26]]]}, "properties": {"count": 183, "intensity": 0.0013}}, {"type": "Feature", "geometry": {"type": "Polygon", "coordinates": [[[153.32, -27.86], [153.33, -27.86], [153.33, -27.85], [153.32, -27.85], [153.32, -27.86]]]}, "properties": {"count": 80, "intensity": 0.0006}}, {"type": "Feature", "geometry": {"type": "Polygon", "coordinates": [[[153.31, -27.82], [153.32, -27.82], [153.32, -27.81], [153.31, -27.81], [153.31, -27.82]]]}, "properties": {"count": 166, "intensity": 0.0012}}, {"type": "Feature", "geometry": {"type": "Polygon", "coordinates": [[[153.16, -27.74], [153.17, -27.74], [153.17, -27.73], [153.16, -27.73], [153.16, -27.74]]]}, "properties": {"count": 616, "intensity": 0.0043}}, {"type": "Feature", "geometry": {"type": "Polygon", "coordinates": [[[153.17, -27.74], [153.18, -27.74], [153.18, -27.73], [153.17, -27.73], [153.17, -27.74]]]}, "properties": {"count": 616, "intensity": 0.0043}}, {"type": "Feature", "geometry": {"type": "Polygon", "coordinates": [[[153.33, -27.88], [153.34, -27.88], [153.34, -27.87], [153.33, -27.87], [153.33, -27.88]]]}, "properties": {"count": 1356, "intensity": 0.0095}}, {"type": "Feature", "geometry": {"type": "Polygon", "coordinates": [[[153.29, -27.89], [153.3, -27.89], [153.3, -27.88], [153.29, -27.88], [153.29, -27.89]]]}, "properties": {"count": 144, "intensity": 0.001}}, {"type": "Feature", "geometry": {"type": "Polygon", "coordinates": [[[153.04, -27.3], [153.05, -27.3], [153.05, -27.29], [153.04, -27.29], [153.04, -27.3]]]}, "properties": {"count": 208, "intensity": 0.0015}}, {"type": "Feature", "geometry": {"type": "Polygon", "coordinates": [[[153.05, -27.34], [153.06, -27.34], [153.06, -27.33], [153.05, -27.33], [153.05, -27.34]]]}, "properties": {"count": 1010, "intensity": 0.0071}}, {"type": "Feature", "geometry": {"type": "Polygon", "coordinates": [[[153.06, -27.35], [153.07, -27.35], [153.07, -27.34], [153.06, -27.34], [153.06, -27.35]]]}, "properties": {"count": 3400, "intensity": 0.0237}}, {"type": "Feature", "geometry": {"type": "Polygon", "coordinates": [[[153.06, -27.4], [153.07, -27.4], [153.07, -27.39], [153.06, -27.39], [153.06, -27.4]]]}, "properties": {"count": 5360, "intensity": 0.0374}}, {"type": "Feature", "geometry": {"type": "Polygon", "coordinates": [[[153.05, -27.36], [153.06, -27.36], [153.06, -27.35], [153.05, -27.35], [153.05, -27.36]]]}, "properties": {"count": 1828, "intensity": 0.0128}}, {"type": "Feature", "geometry": {"type": "Polygon", "coordinates": [[[153.06, -27.37], [153.07, -27.37], [153.07, -27.36], [153.06, -27.36], [153.06, -27.37]]]}, "properties": {"count": 1076, "intensity": 0.0075}}, {"type": "Feature", "geometry": {"type": "Polygon", "coordinates": [[[153.06, -27.38], [153.07, -27.38], [153.07, -27.37], [153.06, -27.37], [153.06, -27.38]]]}, "properties": {"count": 426, "intensity": 0.003}}, {"type": "Feature", "geometry": {"type": "Polygon", "coordinates": [[[153.03, -27.37], [153.04, -27.37], [153.04, -27.36], [153.03, -27.36], [153.03, -27.37]]]}, "properties": {"count": 3827, "intensity": 0.0267}}, {"type": "Feature", "geometry": {"type": "Polygon", "coordinates": [[[153.02, -27.37], [153.03, -27.37], [153.03, -27.36], [153.02, -27.36], [153.02, -27.37]]]}, "properties": {"count": 2442, "intensity": 0.0171}}, {"type": "Feature", "geometry": {"type": "Polygon", "coordinates": [[[153.02, -27.38], [153.03, -27.38], [153.03, -27.37], [153.02, -27.37], [153.02, -27.38]]]}, "properties": {"count": 6701, "intensity": 0.0468}}, {"type": "Feature", "geometry": {"type": "Polygon", "coordinates": [[[153.05, -27.39], [153.06, -27.39], [153.06, -27.38], [153.05, -27.38], [153.05, -27.39]]]}, "properties": {"count": 2442, "intensity": 0.0171}}, {"type": "Feature", "geometry": {"type": "Polygon", "coordinates": [[[153.1, -27.35], [153.11, -27.35], [153.11, -27.34], [153.1, -27.34], [153.1, -27.35]]]}, "properties": {"count": 216, "intensity": 0.0015}}, {"type": "Feature", "geometry": {"type": "Polygon", "coordinates": [[[153.08, -27.37], [153.09, -27.37], [153.09, -27.36], [153.08, -27.36], [153.08, -27.37]]]}, "properties": {"count": 1768, "intensity": 0.0123}}, {"type": "Feature", "geometry": {"type": "Polygon", "coordinates": [[[153.09, -27.37], [153.1, -27.37], [153.1, -27.36], [153.09, -27.36], [153.09, -27.37]]]}, "properties": {"count": 534, "intensity": 0.0037}}, {"type": "Feature", "geometry": {"type": "Polygon", "coordinates": [[[153.07, -27.38], [153.08, -27.38], [153.08, -27.37], [153.07, -27.37], [153.07, -27.38]]]}, "properties": {"count": 2666, "intensity": 0.0186}}, {"type": "Feature", "geometry": {"type": "Polygon", "coordinates": [[[153.07, -27.36], [153.08, -27.36], [153.08, -27.35], [153.07, -27.35], [153.07, -27.36]]]}, "properties": {"count": 304, "intensity": 0.0021}}, {"type": "Feature", "geometry": {"type": "Polygon", "coordinates": [[[153.07, -27.39], [153.08, -27.39], [153.08, -27.38], [153.07, -27.38], [153.07, -27.39]]]}, "properties": {"count": 988, "intensity": 0.0069}}, {"type": "Feature", "geometry": {"type": "Polygon", "coordinates": [[[153.14, -27.39], [153.15, -27.39], [153.15, -27.38], [153.14, -27.38], [153.14, -27.39]]]}, "properties": {"count": 72, "intensity": 0.0005}}, {"type": "Feature", "geometry": {"type": "Polygon", "coordinates": [[[153.01, -27.51], [153.02, -27.51], [153.02, -27.5], [153.01, -27.5], [153.01, -27.51]]]}, "properties": {"count": 869, "intensity": 0.0061}}, {"type": "Feature", "geometry": {"type": "Polygon", "coordinates": [[[153.03, -27.51], [153.04, -27.51], [153.04, -27.5], [153.03, -27.5], [153.03, -27.51]]]}, "properties": {"count": 14971, "intensity": 0.1046}}, {"type": "Feature", "geometry": {"type": "Polygon", "coordinates": [[[152.95, -27.41], [152.96, -27.41], [152.96, -27.4], [152.95, -27.4], [152.95, -27.41]]]}, "properties": {"count": 1016, "intensity": 0.0071}}, {"type": "Feature", "geometry": {"type": "Polygon", "coordinates": [[[153.01, -27.4], [153.02, -27.4], [153.02, -27.39], [153.01, -27.39], [153.01, -27.4]]]}, "properties": {"count": 5322, "intensity": 0.0372}}, {"type": "Feature", "geometry": {"type": "Polygon", "coordinates": [[[153.02, -27.4], [153.03, -27.4], [153.03, -27.39], [153.02, -27.39], [153.02, -27.4]]]}, "properties": {"count": 4791, "intensity": 0.0335}}, {"type": "Feature", "geometry": {"type": "Polygon", "coordinates": [[[153.01, -27.39], [153.02, -27.39], [153.02, -27.38], [153.01, -27.38], [153.01, -27.39]]]}, "properties": {"count": 5454, "intensity": 0.0381}}, {"type": "Feature", "geometry": {"type": "Polygon", "coordinates": [[[153.01, -27.38], [153.02, -27.38], [153.02, -27.37], [153.01, -27.37], [153.01, -27.38]]]}, "properties": {"count": 7835, "intensity": 0.0547}}, {"type": "Feature", "geometry": {"type": "Polygon", "coordinates": [[[153.0, -27.35], [153.01, -27.35], [153.01, -27.34], [153.0, -27.34], [153.0, -27.35]]]}, "properties": {"count": 3954, "intensity": 0.0276}}, {"type": "Feature", "geometry": {"type": "Polygon", "coordinates": [[[152.95, -27.45], [152.96, -27.45], [152.96, -27.44], [152.95, -27.44], [152.95, -27.45]]]}, "properties": {"count": 9249, "intensity": 0.0646}}, {"type": "Feature", "geometry": {"type": "Polygon", "coordinates": [[[152.96, -27.45], [152.97, -27.45], [152.97, -27.44], [152.96, -27.44], [152.96, -27.45]]]}, "properties": {"count": 6807, "intensity": 0.0475}}, {"type": "Feature", "geometry": {"type": "Polygon", "coordinates": [[[153.04, -27.4], [153.05, -27.4], [153.05, -27.39], [153.04, -27.39], [153.04, -27.4]]]}, "properties": {"count": 12858, "intensity": 0.0898}}, {"type": "Feature", "geometry": {"type": "Polygon", "coordinates": [[[153.02, -27.43], [153.03, -27.43], [153.03, -27.42], [153.02, -27.42], [153.02, -27.43]]]}, "properties": {"count": 2950, "intensity": 0.0206}}, {"type": "Feature", "geometry": {"type": "Polygon", "coordinates": [[[153.11, -27.43], [153.12, -27.43], [153.12, -27.42], [153.11, -27.42], [153.11, -27.43]]]}, "properties": {"count": 1000, "intensity": 0.007}}, {"type": "Feature", "geometry": {"type": "Polygon", "coordinates": [[[153.11, -27.44], [153.12, -27.44], [153.12, -27.43], [153.11, -27.43], [153.11, -27.44]]]}, "properties": {"count": 200, "intensity": 0.0014}}, {"type": "Feature", "geometry": {"type": "Polygon", "coordinates": [[[153.07, -27.41], [153.08, -27.41], [153.08, -27.4], [153.07, -27.4], [153.07, -27.41]]]}, "properties": {"count": 332, "intensity": 0.0023}}, {"type": "Feature", "geometry": {"type": "Polygon", "coordinates": [[[152.96, -27.61], [152.97, -27.61], [152.97, -27.6], [152.96, -27.6], [152.96, -27.61]]]}, "properties": {"count": 1410, "intensity": 0.0098}}, {"type": "Feature", "geometry": {"type": "Polygon", "coordinates": [[[152.91, -27.56], [152.92, -27.56], [152.92, -27.55], [152.91, -27.55], [152.91, -27.56]]]}, "properties": {"count": 1914, "intensity": 0.0134}}, {"type": "Feature", "geometry": {"type": "Polygon", "coordinates": [[[152.94, -27.62], [152.95, -27.62], [152.95, -27.61], [152.94, -27.61], [152.94, -27.62]]]}, "properties": {"count": 481, "intensity": 0.0034}}, {"type": "Feature", "geometry": {"type": "Polygon", "coordinates": [[[153.0, -27.42], [153.01, -27.42], [153.01, -27.41], [153.0, -27.41], [153.0, -27.42]]]}, "properties": {"count": 3515, "intensity": 0.0246}}, {"type": "Feature", "geometry": {"type": "Polygon", "coordinates": [[[153.01, -27.44], [153.02, -27.44], [153.02, -27.43], [153.01, -27.43], [153.01, -27.44]]]}, "properties": {"count": 4485, "intensity": 0.0313}}, {"type": "Feature", "geometry": {"type": "Polygon", "coordinates": [[[153.02, -27.44], [153.03, -27.44], [153.03, -27.43], [153.02, -27.43], [153.02, -27.44]]]}, "properties": {"count": 4031, "intensity": 0.0282}}, {"type": "Feature", "geometry": {"type": "Polygon", "coordinates": [[[152.9, -27.49], [152.91, -27.49], [152.91, -27.48], [152.9, -27.48], [152.9, -27.49]]]}, "properties": {"count": 618, "intensity": 0.0043}}, {"type": "Feature", "geometry": {"type": "Polygon", "coordinates": [[[152.92, -27.51], [152.93, -27.51], [152.93, -27.5], [152.92, -27.5], [152.92, -27.51]]]}, "properties": {"count": 954, "intensity": 0.0067}}, {"type": "Feature", "geometry": {"type": "Polygon", "coordinates": [[[152.92, -27.5], [152.93, -27.5], [152.93, -27.49], [152.92, -27.49], [152.92, -27.5]]]}, "properties": {"count": 318, "intensity": 0.0022}}, {"type": "Feature", "geometry": {"type": "Polygon", "coordinates": [[[152.94, -27.51], [152.95, -27.51], [152.95, -27.5], [152.94, -27.5], [152.94, -27.51]]]}, "properties": {"count": 7446, "intensity": 0.052}}, {"type": "Feature", "geometry": {"type": "Polygon", "coordinates": [[[152.94, -27.49], [152.95, -27.49], [152.95, -27.48], [152.94, -27.48], [152.94, -27.49]]]}, "properties": {"count": 668, "intensity": 0.0047}}, {"type": "Feature", "geometry": {"type": "Polygon", "coordinates": [[[152.87, -27.58], [152.88, -27.58], [152.88, -27.57], [152.87, -27.57], [152.87, -27.58]]]}, "properties": {"count": 2151, "intensity": 0.015}}, {"type": "Feature", "geometry": {"type": "Polygon", "coordinates": [[[152.88, -27.57], [152.89, -27.57], [152.89, -27.56], [152.88, -27.56], [152.88, -27.57]]]}, "properties": {"count": 4302, "intensity": 0.03}}, {"type": "Feature", "geometry": {"type": "Polygon", "coordinates": [[[152.92, -27.52], [152.93, -27.52], [152.93, -27.51], [152.92, -27.51], [152.92, -27.52]]]}, "properties": {"count": 1061, "intensity": 0.0074}}, {"type": "Feature", "geometry": {"type": "Polygon", "coordinates": [[[152.89, -27.54], [152.9, -27.54], [152.9, -27.53], [152.89, -27.53], [152.89, -27.54]]]}, "properties": {"count": 2151, "intensity": 0.015}}, {"type": "Feature", "geometry": {"type": "Polygon", "coordinates": [[[152.88, -27.55], [152.89, -27.55], [152.89, -27.54], [152.88, -27.54], [152.88, -27.55]]]}, "properties": {"count": 2151, "intensity": 0.015}}, {"type": "Feature", "geometry": {"type": "Polygon", "coordinates": [[[152.88, -27.56], [152.89, -27.56], [152.89, -27.55], [152.88, -27.55], [152.88, -27.56]]]}, "properties": {"count": 2151, "intensity": 0.015}}, {"type": "Feature", "geometry": {"type": "Polygon", "coordinates": [[[152.91, -27.53], [152.92, -27.53], [152.92, -27.52], [152.91, -27.52], [152.91, -27.53]]]}, "properties": {"count": 1090, "intensity": 0.0076}}, {"type": "Feature", "geometry": {"type": "Polygon", "coordinates": [[[153.0, -27.55], [153.01, -27.55], [153.01, -27.54], [153.0, -27.54], [153.0, -27.55]]]}, "properties": {"count": 463, "intensity": 0.0032}}, {"type": "Feature", "geometry": {"type": "Polygon", "coordinates": [[[152.99, -27.54], [153.0, -27.54], [153.0, -27.53], [152.99, -27.53], [152.99, -27.54]]]}, "properties": {"count": 926, "intensity": 0.0065}}, {"type": "Feature", "geometry": {"type": "Polygon", "coordinates": [[[153.02, -27.54], [153.03, -27.54], [153.03, -27.53], [153.02, -27.53], [153.02, -27.54]]]}, "properties": {"count": 9435, "intensity": 0.0659}}, {"type": "Feature", "geometry": {"type": "Polygon", "coordinates": [[[153.04, -27.55], [153.05, -27.55], [153.05, -27.54], [153.04, -27.54], [153.04, -27.55]]]}, "properties": {"count": 1123, "intensity": 0.0078}}, {"type": "Feature", "geometry": {"type": "Polygon", "coordinates": [[[153.04, -27.56], [153.05, -27.56], [153.05, -27.55], [153.04, -27.55], [153.04, -27.56]]]}, "properties": {"count": 9872, "intensity": 0.069}}, {"type": "Feature", "geometry": {"type": "Polygon", "coordinates": [[[152.98, -27.43], [152.99, -27.43], [152.99, -27.42], [152.98, -27.42], [152.98, -27.43]]]}, "properties": {"count": 2867, "intensity": 0.02}}, {"type": "Feature", "geometry": {"type": "Polygon", "coordinates": [[[153.0, -27.62], [153.01, -27.62], [153.01, -27.61], [153.0, -27.61], [153.0, -27.62]]]}, "properties": {"count": 256, "intensity": 0.0018}}, {"type": "Feature", "geometry": {"type": "Polygon", "coordinates": [[[153.01, -27.61], [153.02, -27.61], [153.02, -27.6], [153.01, -27.6], [153.01, -27.61]]]}, "properties": {"count": 768, "intensity": 0.0054}}, {"type": "Feature", "geometry": {"type": "Polygon", "coordinates": [[[153.0, -27.6], [153.01, -27.6], [153.01, -27.59], [153.0, -27.59], [153.0, -27.6]]]}, "properties": {"count": 1034, "intensity": 0.0072}}, {"type": "Feature", "geometry": {"type": "Polygon", "coordinates": [[[153.01, -27.6], [153.02, -27.6], [153.02, -27.59], [153.01, -27.59], [153.01, -27.6]]]}, "properties": {"count": 3575, "intensity": 0.025}}, {"type": "Feature", "geometry": {"type": "Polygon", "coordinates": [[[152.99, -27.63], [153.0, -27.63], [153.0, -27.62], [152.99, -27.62], [152.99, -27.63]]]}, "properties": {"count": 256, "intensity": 0.0018}}, {"type": "Feature", "geometry": {"type": "Polygon", "coordinates": [[[153.01, -27.59], [153.02, -27.59], [153.02, -27.58], [153.01, -27.58], [153.01, -27.59]]]}, "properties": {"count": 512, "intensity": 0.0036}}, {"type": "Feature", "geometry": {"type": "Polygon", "coordinates": [[[152.93, -27.54], [152.94, -27.54], [152.94, -27.53], [152.93, -27.53], [152.93, -27.54]]]}, "properties": {"count": 3276, "intensity": 0.0229}}, {"type": "Feature", "geometry": {"type": "Polygon", "coordinates": [[[152.93, -27.55], [152.94, -27.55], [152.94, -27.54], [152.93, -27.54], [152.93, -27.55]]]}, "properties": {"count": 5143, "intensity": 0.0359}}, {"type": "Feature", "geometry": {"type": "Polygon", "coordinates": [[[152.93, -27.56], [152.94, -27.56], [152.94, -27.55], [152.93, -27.55], [152.93, -27.56]]]}, "properties": {"count": 3632, "intensity": 0.0254}}, {"type": "Feature", "geometry": {"type": "Polygon", "coordinates": [[[152.91, -27.55], [152.92, -27.55], [152.92, -27.54], [152.91, -27.54], [152.91, -27.55]]]}, "properties": {"count": 1968, "intensity": 0.0137}}, {"type": "Feature", "geometry": {"type": "Polygon", "coordinates": [[[152.9, -27.56], [152.91, -27.56], [152.91, -27.55], [152.9, -27.55], [152.9, -27.56]]]}, "properties": {"count": 984, "intensity": 0.0069}}, {"type": "Feature", "geometry": {"type": "Polygon", "coordinates": [[[152.9, -27.57], [152.91, -27.57], [152.91, -27.56], [152.9, -27.56], [152.9, -27.57]]]}, "properties": {"count": 1082, "intensity": 0.0076}}, {"type": "Feature", "geometry": {"type": "Polygon", "coordinates": [[[152.94, -27.57], [152.95, -27.57], [152.95, -27.56], [152.94, -27.56], [152.94, -27.57]]]}, "properties": {"count": 256, "intensity": 0.0018}}, {"type": "Feature", "geometry": {"type": "Polygon", "coordinates": [[[152.97, -27.55], [152.98, -27.55], [152.98, -27.54], [152.97, -27.54], [152.97, -27.55]]]}, "properties": {"count": 434, "intensity": 0.003}}, {"type": "Feature", "geometry": {"type": "Polygon", "coordinates": [[[152.96, -27.57], [152.97, -27.57], [152.97, -27.56], [152.96, -27.56], [152.96, -27.57]]]}, "properties": {"count": 286, "intensity": 0.002}}, {"type": "Feature", "geometry": {"type": "Polygon", "coordinates": [[[152.98, -27.57], [152.99, -27.57], [152.99, -27.56], [152.98, -27.56], [152.98, -27.57]]]}, "properties": {"count": 2329, "intensity": 0.0163}}, {"type": "Feature", "geometry": {"type": "Polygon", "coordinates": [[[152.98, -27.58], [152.99, -27.58], [152.99, -27.57], [152.98, -27.57], [152.98, -27.58]]]}, "properties": {"count": 6363, "intensity": 0.0444}}, {"type": "Feature", "geometry": {"type": "Polygon", "coordinates": [[[152.97, -27.58], [152.98, -27.58], [152.98, -27.57], [152.97, -27.57], [152.97, -27.58]]]}, "properties": {"count": 1146, "intensity": 0.008}}, {"type": "Feature", "geometry": {"type": "Polygon", "coordinates": [[[152.96, -27.59], [152.97, -27.59], [152.97, -27.58], [152.96, -27.58], [152.96, -27.59]]]}, "properties": {"count": 572, "intensity": 0.004}}, {"type": "Feature", "geometry": {"type": "Polygon", "coordinates": [[[153.01, -27.57], [153.02, -27.57], [153.02, -27.56], [153.01, -27.56], [153.01, -27.57]]]}, "properties": {"count": 611, "intensity": 0.0043}}, {"type": "Feature", "geometry": {"type": "Polygon", "coordinates": [[[153.01, -27.56], [153.02, -27.56], [153.02, -27.55], [153.01, -27.55], [153.01, -27.56]]]}, "properties": {"count": 1489, "intensity": 0.0104}}, {"type": "Feature", "geometry": {"type": "Polygon", "coordinates": [[[153.02, -27.56], [153.03, -27.56], [153.03, -27.55], [153.02, -27.55], [153.02, -27.56]]]}, "properties": {"count": 5737, "intensity": 0.0401}}, {"type": "Feature", "geometry": {"type": "Polygon", "coordinates": [[[153.03, -27.57], [153.04, -27.57], [153.04, -27.56], [153.03, -27.56], [153.03, -27.57]]]}, "properties": {"count": 4711, "intensity": 0.0329}}, {"type": "Feature", "geometry": {"type": "Polygon", "coordinates": [[[153.05, -27.57], [153.06, -27.57], [153.06, -27.56], [153.05, -27.56], [153.05, -27.57]]]}, "properties": {"count": 129, "intensity": 0.0009}}, {"type": "Feature", "geometry": {"type": "Polygon", "coordinates": [[[153.05, -27.59], [153.06, -27.59], [153.06, -27.58], [153.05, -27.58], [153.05, -27.59]]]}, "properties": {"count": 2915, "intensity": 0.0204}}, {"type": "Feature", "geometry": {"type": "Polygon", "coordinates": [[[153.04, -27.59], [153.05, -27.59], [153.05, -27.58], [153.04, -27.58], [153.04, -27.59]]]}, "properties": {"count": 1300, "intensity": 0.0091}}, {"type": "Feature", "geometry": {"type": "Polygon", "coordinates": [[[153.03, -27.59], [153.04, -27.59], [153.04, -27.58], [153.03, -27.58], [153.03, -27.59]]]}, "properties": {"count": 512, "intensity": 0.0036}}, {"type": "Feature", "geometry": {"type": "Polygon", "coordinates": [[[153.1, -27.55], [153.11, -27.55], [153.11, -27.54], [153.1, -27.54], [153.1, -27.55]]]}, "properties": {"count": 9605, "intensity": 0.0671}}, {"type": "Feature", "geometry": {"type": "Polygon", "coordinates": [[[153.07, -27.61], [153.08, -27.61], [153.08, -27.6], [153.07, -27.6], [153.07, -27.61]]]}, "properties": {"count": 5548, "intensity": 0.0388}}, {"type": "Feature", "geometry": {"type": "Polygon", "coordinates": [[[153.04, -27.61], [153.05, -27.61], [153.05, -27.6], [153.04, -27.6], [153.04, -27.61]]]}, "properties": {"count": 5925, "intensity": 0.0414}}, {"type": "Feature", "geometry": {"type": "Polygon", "coordinates": [[[153.04, -27.6], [153.05, -27.6], [153.05, -27.59], [153.04, -27.59], [153.04, -27.6]]]}, "properties": {"count": 1883, "intensity": 0.0132}}, {"type": "Feature", "geometry": {"type": "Polygon", "coordinates": [[[153.04, -27.62], [153.05, -27.62], [153.05, -27.61], [153.04, -27.61], [153.04, -27.62]]]}, "properties": {"count": 3867, "intensity": 0.027}}, {"type": "Feature", "geometry": {"type": "Polygon", "coordinates": [[[153.02, -27.62], [153.03, -27.62], [153.03, -27.61], [153.02, -27.61], [153.02, -27.62]]]}, "properties": {"count": 2585, "intensity": 0.0181}}, {"type": "Feature", "geometry": {"type": "Polygon", "coordinates": [[[153.1, -27.47], [153.11, -27.47], [153.11, -27.46], [153.1, -27.46], [153.1, -27.47]]]}, "properties": {"count": 2170, "intensity": 0.0152}}, {"type": "Feature", "geometry": {"type": "Polygon", "coordinates": [[[153.1, -27.48], [153.11, -27.48], [153.11, -27.47], [153.1, -27.47], [153.1, -27.48]]]}, "properties": {"count": 1862, "intensity": 0.013}}, {"type": "Feature", "geometry": {"type": "Polygon", "coordinates": [[[153.11, -27.48], [153.12, -27.48], [153.12, -27.47], [153.11, -27.47], [153.11, -27.48]]]}, "properties": {"count": 1396, "intensity": 0.0098}}, {"type": "Feature", "geometry": {"type": "Polygon", "coordinates": [[[153.11, -27.5], [153.12, -27.5], [153.12, -27.49], [153.11, -27.49], [153.11, -27.5]]]}, "properties": {"count": 7418, "intensity": 0.0518}}, {"type": "Feature", "geometry": {"type": "Polygon", "coordinates": [[[153.12, -27.49], [153.13, -27.49], [153.13, -27.48], [153.12, -27.48], [153.12, -27.49]]]}, "properties": {"count": 2504, "intensity": 0.0175}}, {"type": "Feature", "geometry": {"type": "Polygon", "coordinates": [[[153.12, -27.45], [153.13, -27.45], [153.13, -27.44], [153.12, -27.44], [153.12, -27.45]]]}, "properties": {"count": 805, "intensity": 0.0056}}, {"type": "Feature", "geometry": {"type": "Polygon", "coordinates": [[[153.15, -27.44], [153.16, -27.44], [153.16, -27.43], [153.15, -27.43], [153.15, -27.44]]]}, "properties": {"count": 1393, "intensity": 0.0097}}, {"type": "Feature", "geometry": {"type": "Polygon", "coordinates": [[[153.18, -27.48], [153.19, -27.48], [153.19, -27.47], [153.18, -27.47], [153.18, -27.48]]]}, "properties": {"count": 805, "intensity": 0.0056}}, {"type": "Feature", "geometry": {"type": "Polygon", "coordinates": [[[153.24, -27.5], [153.25, -27.5], [153.25, -27.49], [153.24, -27.49], [153.24, -27.5]]]}, "properties": {"count": 805, "intensity": 0.0056}}, {"type": "Feature", "geometry": {"type": "Polygon", "coordinates": [[[152.97, -27.54], [152.98, -27.54], [152.98, -27.53], [152.97, -27.53], [152.97, -27.54]]]}, "properties": {"count": 2115, "intensity": 0.0148}}, {"type": "Feature", "geometry": {"type": "Polygon", "coordinates": [[[152.7, -27.61], [152.71, -27.61], [152.71, -27.6], [152.7, -27.6], [152.7, -27.61]]]}, "properties": {"count": 409, "intensity": 0.0029}}, {"type": "Feature", "geometry": {"type": "Polygon", "coordinates": [[[152.66, -27.61], [152.67, -27.61], [152.67, -27.6], [152.66, -27.6], [152.66, -27.61]]]}, "properties": {"count": 409, "intensity": 0.0029}}, {"type": "Feature", "geometry": {"type": "Polygon", "coordinates": [[[152.62, -27.63], [152.63, -27.63], [152.63, -27.62], [152.62, -27.62], [152.62, -27.63]]]}, "properties": {"count": 409, "intensity": 0.0029}}, {"type": "Feature", "geometry": {"type": "Polygon", "coordinates": [[[153.1, -27.41], [153.11, -27.41], [153.11, -27.4], [153.1, -27.4], [153.1, -27.41]]]}, "properties": {"count": 730, "intensity": 0.0051}}, {"type": "Feature", "geometry": {"type": "Polygon", "coordinates": [[[153.11, -27.39], [153.12, -27.39], [153.12, -27.38], [153.11, -27.38], [153.11, -27.39]]]}, "properties": {"count": 730, "intensity": 0.0051}}, {"type": "Feature", "geometry": {"type": "Polygon", "coordinates": [[[153.05, -27.38], [153.06, -27.38], [153.06, -27.37], [153.05, -27.37], [153.05, -27.38]]]}, "properties": {"count": 758, "intensity": 0.0053}}, {"type": "Feature", "geometry": {"type": "Polygon", "coordinates": [[[153.01, -27.33], [153.02, -27.33], [153.02, -27.32], [153.01, -27.32], [153.01, -27.33]]]}, "properties": {"count": 758, "intensity": 0.0053}}, {"type": "Feature", "geometry": {"type": "Polygon", "coordinates": [[[152.97, -27.24], [152.98, -27.24], [152.98, -27.23], [152.97, -27.23], [152.97, -27.24]]]}, "properties": {"count": 744, "intensity": 0.0052}}, {"type": "Feature", "geometry": {"type": "Polygon", "coordinates": [[[152.95, -26.96], [152.96, -26.96], [152.96, -26.95], [152.95, -26.95], [152.95, -26.96]]]}, "properties": {"count": 274, "intensity": 0.0019}}, {"type": "Feature", "geometry": {"type": "Polygon", "coordinates": [[[153.13, -27.49], [153.14, -27.49], [153.14, -27.48], [153.13, -27.48], [153.13, -27.49]]]}, "properties": {"count": 2312, "intensity": 0.0161}}, {"type": "Feature", "geometry": {"type": "Polygon", "coordinates": [[[153.13, -27.48], [153.14, -27.48], [153.14, -27.47], [153.13, -27.47], [153.13, -27.48]]]}, "properties": {"count": 2670, "intensity": 0.0186}}, {"type": "Feature", "geometry": {"type": "Polygon", "coordinates": [[[153.08, -27.51], [153.09, -27.51], [153.09, -27.5], [153.08, -27.5], [153.08, -27.51]]]}, "properties": {"count": 3158, "intensity": 0.0221}}, {"type": "Feature", "geometry": {"type": "Polygon", "coordinates": [[[153.19, -27.47], [153.2, -27.47], [153.2, -27.46], [153.19, -27.46], [153.19, -27.47]]]}, "properties": {"count": 120, "intensity": 0.0008}}, {"type": "Feature", "geometry": {"type": "Polygon", "coordinates": [[[153.09, -27.54], [153.1, -27.54], [153.1, -27.53], [153.09, -27.53], [153.09, -27.54]]]}, "properties": {"count": 19673, "intensity": 0.1374}}, {"type": "Feature", "geometry": {"type": "Polygon", "coordinates": [[[153.1, -27.42], [153.11, -27.42], [153.11, -27.41], [153.1, -27.41], [153.1, -27.42]]]}, "properties": {"count": 1728, "intensity": 0.0121}}, {"type": "Feature", "geometry": {"type": "Polygon", "coordinates": [[[153.08, -27.42], [153.09, -27.42], [153.09, -27.41], [153.08, -27.41], [153.08, -27.42]]]}, "properties": {"count": 1728, "intensity": 0.0121}}, {"type": "Feature", "geometry": {"type": "Polygon", "coordinates": [[[153.12, -27.41], [153.13, -27.41], [153.13, -27.4], [153.12, -27.4], [153.12, -27.41]]]}, "properties": {"count": 144, "intensity": 0.001}}, {"type": "Feature", "geometry": {"type": "Polygon", "coordinates": [[[153.13, -27.4], [153.14, -27.4], [153.14, -27.39], [153.13, -27.39], [153.13, -27.4]]]}, "properties": {"count": 144, "intensity": 0.001}}, {"type": "Feature", "geometry": {"type": "Polygon", "coordinates": [[[153.14, -27.48], [153.15, -27.48], [153.15, -27.47], [153.14, -27.47], [153.14, -27.48]]]}, "properties": {"count": 1812, "intensity": 0.0127}}, {"type": "Feature", "geometry": {"type": "Polygon", "coordinates": [[[153.09, -27.42], [153.1, -27.42], [153.1, -27.41], [153.09, -27.41], [153.09, -27.42]]]}, "properties": {"count": 432, "intensity": 0.003}}, {"type": "Feature", "geometry": {"type": "Polygon", "coordinates": [[[153.13, -27.39], [153.14, -27.39], [153.14, -27.38], [153.13, -27.38], [153.13, -27.39]]]}, "properties": {"count": 72, "intensity": 0.0005}}, {"type": "Feature", "geometry": {"type": "Polygon", "coordinates": [[[153.16, -27.46], [153.17, -27.46], [153.17, -27.45], [153.16, -27.45], [153.16, -27.46]]]}, "properties": {"count": 465, "intensity": 0.0032}}, {"type": "Feature", "geometry": {"type": "Polygon", "coordinates": [[[153.1, -27.53], [153.11, -27.53], [153.11, -27.52], [153.1, -27.52], [153.1, -27.53]]]}, "properties": {"count": 464, "intensity": 0.0032}}, {"type": "Feature", "geometry": {"type": "Polygon", "coordinates": [[[153.08, -27.54], [153.09, -27.54], [153.09, -27.53], [153.08, -27.53], [153.08, -27.54]]]}, "properties": {"count": 9989, "intensity": 0.0698}}, {"type": "Feature", "geometry": {"type": "Polygon", "coordinates": [[[153.08, -27.53], [153.09, -27.53], [153.09, -27.52], [153.08, -27.52], [153.08, -27.53]]]}, "properties": {"count": 12019, "intensity": 0.0839}}, {"type": "Feature", "geometry": {"type": "Polygon", "coordinates": [[[153.08, -27.52], [153.09, -27.52], [153.09, -27.51], [153.08, -27.51], [153.08, -27.52]]]}, "properties": {"count": 731, "intensity": 0.0051}}, {"type": "Feature", "geometry": {"type": "Polygon", "coordinates": [[[153.12, -27.53], [153.13, -27.53], [153.13, -27.52], [153.12, -27.52], [153.12, -27.53]]]}, "properties": {"count": 2209, "intensity": 0.0154}}, {"type": "Feature", "geometry": {"type": "Polygon", "coordinates": [[[153.08, -27.43], [153.09, -27.43], [153.09, -27.42], [153.08, -27.42], [153.08, -27.43]]]}, "properties": {"count": 144, "intensity": 0.001}}]}